ACCIDENT_YEAR,COLLISION_DATE,COLLISION_TIME,MONTH,SEASON,24HOURS,DAY_OF_WEEK,INTERSECTION,WEATHER_1,STATE_HWY_IND,ROAD_SURFACE,ROAD_COND_1,LIGHTING,STWD_VEHTYPE_AT_FAULT,CHP_VEHTYPE_AT_FAULT,DIRECTION,PCF_VIOL_CATEGORY,TYPE_OF_COLLISION,PEDESTRIAN_ACCIDENT,BICYCLE_ACCIDENT,MOTORCYCLE_ACCIDENT,TRUCK_ACCIDENT,MVIW,TOW_AWAY,HIT_AND_RUN,CONTROL_DEVICE,NUMBER_INJURED,COUNT_PED_INJURED,COUNT_BICYCLIST_INJURED,COUNT_MC_INJURED,PCF_VIOLATION,PARTY_COUNT,POINT_Y,POINT_X,COLLISION_SEVERITY
2011,2011-04-28,1358,4,1,13,4,N,A,N,A,H,A,A,01,N,08,E,,,,,I,Y,N,D,2,0,0,0,22107.0,1,,,1
2011,2011-06-09,2115,6,2,21,4,Y,A,Y,A,H,C,A,07,,01,D,,,Y,,C,Y,N,D,1,0,0,0,23152.0,2,37.05080549,-120.8355004,1
2011,2011-05-30,1805,5,1,18,1,N,A,Y,A,H,A,E,22,S,08,F,,,,,A,Y,N,D,0,0,0,0,22107.0,1,36.88809178,-120.80003025,1
2011,2011-06-09,1045,6,2,10,4,N,A,N,A,H,A,A,01,W,05,A,,,,,C,Y,N,D,1,0,0,0,21650.0,2,37.07043,-120.8655,1
2011,2011-04-21,2004,4,1,20,4,N,A,N,A,H,B,D,22,W,10,G,Y,,,,B,N,N,D,0,0,0,0,21954.0,2,37.42858915,-120.77820094,1
2011,2011-05-07,20,5,1,0,6,N,A,Y,A,H,A,A,01,N,05,A,,,,Y,C,Y,N,D,2,0,0,0,21650.0,2,37.1732998,-120.49190341,1
2011,2011-03-24,2244,3,1,22,4,Y,B,Y,B,H,C,A,01,,12,D,,,,,C,Y,N,A,3,0,0,0,21453.0,2,37.07191504,-120.83513284,1
2011,2011-05-13,753,5,1,7,5,N,A,N,A,H,A,H,13,W,09,D,,,Y,,C,Y,N,D,0,0,0,0,21804.0,2,37.29175785,-120.51510715,1
2011,2011-06-20,802,6,2,8,1,N,A,Y,A,H,A,A,07,N,08,F,,,,,A,Y,N,D,1,0,0,0,22107.0,1,36.8917911,-120.80285243,1
2011,2011-05-08,120,5,1,1,7,N,A,N,A,H,D,A,01,E,01,E,,,,,I,Y,N,D,0,0,0,0,23152.0,1,,,1
2011,2011-07-14,730,7,2,7,4,Y,A,N,A,H,A,A,01,,09,D,,,,,C,Y,N,A,1,0,0,0,21802.0,2,37.38948,-120.59525,1
2011,2011-06-23,1415,6,2,14,4,Y,A,N,A,H,A,A,01,,12,D,,,,,C,Y,N,A,1,0,0,0,22450.0,2,37.37479,-120.65004,1
2011,2011-06-04,510,6,2,5,6,N,B,N,B,H,B,A,07,S,03,D,,,,,C,Y,N,D,1,0,0,0,22350.0,2,,,1
2011,2011-07-14,1105,7,2,11,4,N,A,Y,A,H,A,A,01,S,08,A,,,,Y,C,Y,N,D,3,0,0,0,22107.0,2,37.37077481,-120.85086304,1
2011,2011-05-24,1741,5,1,17,2,Y,A,N,A,H,A,D,22,,21,B,,,Y,,C,N,N,D,1,0,0,1,22106.0,2,37.32946,-120.48679,3
2011,2011-06-05,2215,6,2,22,7,N,C,N,B,H,C,D,22,W,03,D,,,,,I,Y,N,A,2,0,0,0,22350.0,1,37.30418,-120.49089,3
2011,2011-06-06,1357,6,2,13,1,N,A,N,A,H,A,-,- ,E,18,B,,,,Y,C,Y,N,D,1,0,0,0,,2,37.28821734,-120.49238885,3
2011,2011-06-01,1032,6,2,10,3,Y,A,N,A,H,A,D,22,,09,D,,,,,C,Y,N,A,1,0,0,0,21801.0,2,37.29802,-120.48166,4
2011,2011-05-11,1810,5,1,18,3,N,A,Y,A,H,A,A,08,W,03,C,,,,,C,Y,N,D,1,0,0,0,22350.0,2,37.31330611,-120.87870104,4
2011,2011-05-16,350,5,1,3,1,N,A,Y,A,H,D,A,01,S,08,E,,,,,I,Y,N,D,2,0,0,0,22107.0,1,37.38448507,-120.71198286,3
2011,2011-05-17,1930,5,1,19,2,N,B,Y,B,H,A,A,01,N,08,E,,,,,I,Y,N,D,1,0,0,0,22107.0,1,37.36278226,-120.65592892,4
2011,2011-04-28,1920,4,1,19,4,N,A,Y,A,H,A,A,01,E,01,E,,,,,I,Y,N,D,1,0,0,0,23152.0,1,37.30225219,-120.57685356,4
2011,2011-05-15,2305,5,1,23,7,N,B,N,B,H,D,D,22,W,01,F,,,,,A,Y,N,D,1,0,0,0,23152.0,1,37.49250105,-120.52276917,3
2011,2011-06-03,1605,6,2,16,5,Y,B,N,A,H,A,G,25,,09,D,,,,Y,C,Y,N,A,2,0,0,0,21802.0,2,37.36034,-120.6867,3
2011,2011-06-05,2250,6,2,22,7,N,C,Y,B,H,D,D,22,N,01,E,,,,,I,Y,N,D,1,0,0,0,23152.0,1,37.35513508,-120.63471284,4
2011,2011-06-04,1836,6,2,18,6,N,B,Y,A,H,A,A,01,N,03,D,,,,,C,Y,N,D,1,0,0,0,22350.0,2,37.36073534,-120.84959341,3
2011,2011-06-11,210,6,2,2,6,N,A,N,A,H,C,A,01,W,08,C,,,,Y,E,Y,N,D,1,0,0,0,22107.0,3,,,3
2011,2011-05-06,1559,5,1,15,5,N,A,Y,A,H,A,D,22,N,08,E,,,,,I,Y,N,D,1,0,0,0,22107.0,1,37.34204942,-120.50397005,4
2011,2011-05-27,1800,5,1,18,5,N,A,N,A,H,A,D,22,S,08,F,,,,,A,N,N,D,2,0,0,0,22107.0,1,37.22697548,-120.2528568,4
2011,2011-05-31,1810,5,1,18,2,N,A,N,A,H,A,A,08,S,03,C,,,,,C,Y,N,D,2,0,0,0,22350.0,2,,,4
2011,2011-05-21,1638,5,1,16,6,Y,A,Y,A,H,A,A,01,,09,D,,,,,C,Y,N,A,2,0,0,0,21804.0,2,37.30636506,-120.77882286,3
2011,2011-05-25,545,5,1,5,3,N,A,Y,A,H,A,A,01,S,08,D,,,,,C,Y,N,D,1,0,0,0,22107.0,2,37.27747719,-120.48775501,3
2011,2011-05-17,1830,5,1,18,2,N,B,N,B,H,A,A,01,E,09,D,,,,,C,Y,M,D,1,0,0,0,21801.0,2,37.41224598,-120.93915957,4
2011,2011-05-26,543,5,1,5,4,N,A,N,A,H,A,A,01,W,06,D,,,,,C,Y,N,D,3,0,0,0,21750.0,2,37.440545,-120.57906,4
2011,2011-04-30,210,4,1,2,6,N,A,N,A,H,D,A,01,S,01,E,,,,,I,Y,N,D,1,0,0,0,23152.0,1,37.28686021,-120.56081269,4
2011,2011-05-19,1700,5,1,17,4,N,A,N,A,H,A,C,02,E,03,E,,,Y,,J,N,N,D,1,0,0,1,22350.0,1,,,2
2011,2011-05-22,610,5,1,6,7,N,A,N,A,H,B,A,01,E,08,E,,,,,I,Y,N,D,1,0,0,0,22107.0,1,37.41896306,-120.88379057,4
2011,2011-05-22,1515,5,1,15,7,N,A,N,A,H,A,A,01,S,21,H,,,,,C,N,N,D,1,0,0,0,22106.0,2,,,4
2011,2011-05-21,1715,5,1,17,6,N,A,Y,A,H,A,C,02,S,06,D,,,Y,,C,Y,N,D,2,0,0,2,21750.0,2,37.48542522,-120.50305398,2
2011,2011-06-01,1545,6,2,15,3,N,A,Y,A,H,A,D,22,S,08,B,,,,Y,C,Y,N,D,1,0,0,0,22107.0,2,37.06680171,-120.97943576,3
2011,2011-06-09,1325,6,2,13,4,Y,A,N,A,H,A,D,22,,03,D,,,,,C,N,N,D,1,0,0,0,22350.0,2,36.99639,-120.65374,4
2011,2011-06-11,23,6,2,0,6,N,A,Y,A,H,D,A,01,S,01,B,,,,Y,C,Y,N,D,1,0,0,0,23152.0,2,37.12879561,-121.0317751,3
2011,2011-06-26,540,6,2,5,7,N,A,N,A,H,B,D,22,S,08,E,,,,,I,Y,N,D,1,0,0,0,22107.0,1,37.092927,-120.707578,3
2011,2011-05-07,2048,5,1,20,6,N,A,Y,A,H,D,A,,E,09,D,,Y,,,G,N,N,D,1,0,1,0,21804.0,2,37.35363508,-120.62680284,2
2011,2011-05-06,1507,5,1,15,5,N,A,N,A,H,A,D,,E,07,B,,,,,C,Y,N,D,2,0,0,0,21658.0,2,37.36046598,-120.59336643,4
2011,2011-05-03,1925,5,1,19,2,N,A,N,A,H,B,A,,W,01,D,,,,,C,Y,N,A,1,0,0,0,23153.0,2,37.36045508,-120.59801443,3
2011,2011-05-03,1804,5,1,18,2,Y,A,N,A,H,A,A,,,03,C,,,,,C,Y,N,D,2,0,0,0,22350.0,2,37.35843,-120.61384,4
2011,2011-05-01,1036,5,1,10,7,Y,A,N,A,H,A,A,,,09,D,,,,,C,Y,N,D,4,0,0,0,21802.0,2,37.35071,-120.60667,3
2011,2011-06-18,1615,6,2,16,6,N,A,N,A,H,A,D,22,E,08,E,,,,,I,Y,N,D,1,0,0,0,22107.0,1,,,3
2011,2011-06-16,1245,6,2,12,4,N,A,Y,A,H,A,D,22,W,08,F,,,,,I,Y,N,D,1,0,0,0,22107.0,1,37.31325715,-120.86708804,2
2011,2011-06-16,440,6,2,4,4,N,A,Y,A,H,C,A,01,S,08,B,,,,Y,C,Y,N,D,1,0,0,0,22107.0,2,37.3671375,-120.66715302,4
2011,2011-06-10,1705,6,2,17,5,Y,A,Y,A,H,A,M,46,,12,D,,,,Y,D,N,N,A,1,0,0,0,22450.0,2,37.12059858,-120.49224095,4
2011,2011-05-13,1603,5,1,16,5,Y,A,N,A,H,A,A,01,,09,H,,Y,,,G,N,N,A,1,0,1,0,21801.0,2,37.38442,-120.73151,3
2011,2011-05-14,1401,5,1,14,6,N,A,N,A,H,A,A,,S,03,C,,,,,C,N,N,A,1,0,0,0,22350.0,2,37.34689108,-120.61199363,4
2011,2011-04-24,953,4,1,9,7,Y,A,N,A,H,A,A,01,,09,D,,,,,C,Y,N,D,4,0,0,0,21800.0,2,37.31052,-120.48179,3
2011,2011-04-06,1241,4,1,12,3,N,A,N,A,H,A,A,01,E,03,C,,,,,C,N,F,D,1,0,0,0,22350.0,2,37.31927623,-120.47826654,4
2011,2011-04-15,1614,4,1,16,5,N,A,,A,H,A,A,01,E,08,B,,,,,C,Y,N,D,2,0,0,0,22107.0,2,37.29934387,-120.47441602,3
2011,2011-04-26,1342,4,1,13,2,Y,A,N,A,H,A,A,01,,09,D,,,,,C,Y,N,A,2,0,0,0,21802.0,2,37.327001,-120.478531,4
2011,2011-04-11,2119,4,1,21,1,Y,A,N,A,H,C,A,01,,17,A,,,,,C,Y,N,A,1,0,0,0,21451.0,2,37.32269,-120.47838,3
2011,2011-04-29,336,4,1,3,5,N,A,N,A,H,D,A,01,E,01,E,,,,,I,Y,N,D,1,0,0,0,23152.0,1,37.312063,-120.474299,2
2011,2011-04-15,1701,4,1,17,5,Y,A,N,A,H,A,C,02,,01,F,,,Y,,A,Y,N,A,1,0,0,1,23152.0,1,37.307967,-120.465104,3
2011,2011-05-10,1547,5,1,15,2,N,B,Y,A,H,A,A,07,N,08,F,,,,,A,Y,N,D,1,0,0,0,22107.0,1,36.96723135,-120.88489421,3
2011,2011-05-11,2110,5,1,21,3,N,A,Y,A,H,D,A,01,E,08,F,,,,,A,Y,N,D,2,0,0,0,22107.0,1,37.05517283,-120.75883575,3
2011,2011-05-12,2330,5,1,23,4,N,A,Y,A,H,D,A,01,N,08,E,,,,,I,Y,N,D,1,0,0,0,22107.0,1,37.25133429,-120.85209286,4
2011,2011-05-07,105,5,1,1,6,N,A,Y,A,H,D,A,01,W,08,E,,,,,I,Y,N,D,4,0,0,0,22107.0,1,37.05656503,-120.97431368,2
2011,2011-05-28,2056,5,1,20,6,N,C,N,B,H,C,D,22,W,01,C,,,,,C,Y,M,A,1,0,0,0,23152.0,2,37.305955,-120.49912,4
2011,2011-06-15,1541,6,2,15,3,Y,A,N,A,H,A,D,22,,09,D,,,,,C,Y,N,D,2,0,0,0,21800.0,2,37.30581,-120.46628,3
2011,2011-06-28,1404,6,2,14,2,N,A,N,A,H,A,A,01,E,04,C,,,,,C,Y,N,A,1,0,0,0,21703.0,2,37.30473991,-120.47924078,4
2011,2011-06-17,1640,6,2,16,5,N,A,Y,A,H,A,D,22,E,03,C,,,,,C,Y,N,A,3,0,0,0,22350.0,4,37.29518618,-120.4580422,4
2011,2011-06-30,1825,6,2,18,4,Y,A,Y,A,H,A,D,22,,12,D,,,,,C,Y,N,A,3,0,0,0,21453.0,2,37.32136257,-120.50486637,4
2011,2011-06-26,336,6,2,3,7,N,A,Y,A,H,D,A,01,N,07,C,,,,Y,C,Y,M,D,1,0,0,0,21658.0,2,37.04671974,-120.96038173,3
2011,2011-05-15,1646,5,1,16,7,Y,B,N,A,H,A,A,,,03,C,,,,,C,Y,N,A,6,0,0,0,22350.0,2,37.34951,-120.57674,4
2011,2011-05-24,1635,5,1,16,2,Y,A,N,A,H,A,A,,,03,C,,,,,C,Y,N,A,2,0,0,0,22350.0,2,37.35843,-120.61384,4
2011,2011-05-20,1753,5,1,17,5,Y,A,N,A,H,A,D,,,03,C,,,,,C,Y,N,A,1,0,0,0,22350.0,2,37.34713,-120.59593,4
2011,2011-05-13,850,5,1,8,5,N,A,N,A,H,A,A,01,W,08,F,,,,,A,Y,N,D,1,0,0,0,22107.0,1,,,3
2011,2011-05-27,310,5,1,3,5,N,A,Y,A,H,D,-,- ,N,08,F,,,,,A,Y,N,D,1,0,0,0,22107.0,1,37.20086438,-120.34997609,4
2011,2011-05-27,1120,5,1,11,5,N,A,Y,A,H,A,A,01,S,03,C,,,,,C,Y,N,D,2,0,0,0,22350.0,2,37.43076998,-120.84975972,3
2011,2011-05-31,1315,5,1,13,2,N,B,Y,A,H,A,A,01,N,08,E,,,,,I,Y,N,D,1,0,0,0,22107.0,1,37.01887145,-120.63560716,4
2011,2011-06-23,1710,6,2,17,4,N,A,N,A,H,A,A,07,W,09,D,,,,,C,Y,N,D,2,0,0,0,21801.0,2,37.30998031,-120.51152387,4
2011,2011-06-23,1730,6,2,17,4,N,A,N,A,H,A,D,22,E,01,D,,,,,C,Y,F,D,1,0,0,0,23152.0,2,37.33214509,-120.39448249,2
2011,2011-06-17,1848,6,2,18,5,N,A,Y,A,H,A,D,22,N,01,C,,,,,C,Y,N,A,2,0,0,0,23152.0,2,37.40350998,-120.85014882,4
2011,2011-06-12,1715,6,2,17,7,N,A,N,A,H,A,F,26,W,08,B,,,,Y,C,N,M,D,2,0,0,0,22107.0,2,37.28790707,-120.46481722,3
2011,2011-05-25,1735,5,1,17,3,N,A,Y,A,H,A,A,08,S,08,F,,,,,A,Y,N,D,6,0,0,0,22107.0,1,37.40490067,-120.74736124,3
2011,2011-05-24,1520,5,1,15,2,N,A,N,A,H,A,A,01,W,03,E,,,,,I,Y,N,A,1,0,0,0,22350.0,1,37.27307651,-120.59734462,3
2011,2011-05-22,1600,5,1,16,7,N,B,Y,A,D,A,A,07,S,03,E,,,,,I,Y,N,D,2,0,0,0,22350.0,1,37.30546173,-120.50662595,3
2011,2011-05-31,1620,5,1,16,2,N,B,Y,A,H,A,A,08,N,03,C,,,,,C,Y,N,D,2,0,0,0,22350.0,3,37.29612365,-120.48173288,4
2011,2011-07-06,824,7,2,8,3,N,A,N,A,H,A,F,24,E,08,E,,,,Y,I,Y,N,D,1,0,0,0,22107.0,1,,,3
2011,2011-05-04,2035,5,1,20,3,N,A,Y,A,H,D,G,25,N,17,E,,,,Y,J,Y,N,D,1,0,0,0,23114.0,3,37.33612827,-120.58276747,4
2011,2011-07-15,1150,7,2,11,5,N,A,Y,A,H,A,G,25,W,01,B,,,,Y,C,Y,F,D,1,0,0,0,23152.0,2,37.05471833,-120.72629201,3
2011,2011-07-22,955,7,2,9,5,N,A,N,A,H,A,A,01,E,08,D,,,,,C,Y,N,D,1,0,0,0,22107.0,2,37.39564392,-120.77161479,3
2011,2011-06-19,1820,6,2,18,7,N,A,N,A,H,A,N,60,N,11,G,Y,,,,B,N,N,D,1,1,0,0,21954.0,2,37.423759,-120.777152,3
2011,2011-06-18,1050,6,2,10,6,Y,A,Y,A,H,A,C,02,,08,E,,,Y,,I,N,N,D,1,0,0,1,22107.0,1,37.18129315,-120.32542858,3
2011,2011-06-24,2253,6,2,22,5,N,A,N,A,H,D,A,01,W,08,E,,,,,I,Y,N,D,1,0,0,0,22107.0,1,37.49250105,-120.52276917,4
2011,2011-06-22,1332,6,2,13,3,Y,A,N,A,H,A,A,01,,12,D,,,,,C,Y,N,A,2,0,0,0,21453.0,2,37.33173,-120.52792,3
2011,2011-06-11,2204,6,2,22,6,Y,A,N,A,H,C,A,07,,09,A,,,,,C,Y,N,D,2,0,0,0,21801.0,2,37.360492,-120.572781,4
2011,2011-06-23,1642,6,2,16,4,N,A,N,A,H,A,A,07,E,04,C,,,,,C,Y,N,D,2,0,0,0,21703.0,2,37.10064376,-121.01484431,4
2011,2011-06-12,124,6,2,1,7,N,A,Y,A,H,D,-,- ,W,00,C,,,,,C,Y,N,D,6,0,0,0,,2,37.05656422,-120.97194779,4
2011,2011-05-17,830,5,1,8,2,N,A,Y,A,H,A,A,01,S,06,B,,,,,C,Y,N,D,1,0,0,0,21750.0,2,37.0252735,-120.6356028,4
2011,2011-06-28,1100,6,2,11,2,N,A,Y,A,H,A,C,02,N,09,D,,,Y,,C,N,N,D,1,0,0,1,21804.0,2,37.40580583,-120.85012612,3
2011,2011-06-29,32,6,2,0,3,Y,B,N,B,H,C,A,01,,01,D,,,,,C,Y,N,A,3,0,0,0,23152.0,2,37.32442,-120.54097,3
2011,2011-05-23,1749,5,1,17,1,Y,A,N,A,H,A,L,04,,05,D,,Y,,,G,N,N,A,1,0,1,0,21650.0,2,37.33212,-120.46907,4
2011,2011-06-26,2215,6,2,22,7,Y,A,Y,A,H,D,-,99,,09,B,,,,,C,Y,M,D,1,0,0,0,21801.0,3,37.18118723,-120.32530438,4
2011,2011-06-24,720,6,2,7,5,N,A,N,A,H,A,M,46,E,03,G,Y,,,,B,N,N,D,1,1,0,0,22350.0,2,37.34569072,-120.64341977,3
2011,2011-06-11,30,6,2,0,6,N,A,Y,A,H,D,A,07,N,01,E,,,,,I,Y,N,D,1,0,0,0,23152.0,1,37.3987372,-120.74216209,2
2011,2011-07-11,1030,7,2,10,1,Y,A,N,A,H,A,A,07,,12,D,,,,,C,N,N,A,3,0,0,0,22450.0,2,37.43007,-120.77614,4
2011,2011-06-11,2343,6,2,23,6,Y,A,N,A,H,C,D,,,08,E,,,,,I,Y,M,A,1,0,0,0,22107.0,1,37.34226,-120.57701,3
2011,2011-06-10,1142,6,2,11,5,Y,A,N,A,H,A,L,,,09,D,,Y,,,G,N,N,A,1,0,1,0,21801.0,2,37.36047,-120.58574,3
2011,2011-06-04,1537,6,2,15,6,Y,B,N,B,H,A,A,,,09,D,,,,,C,N,N,A,1,0,0,0,21802.0,2,37.3582,-120.59769,4
2011,2011-07-14,630,7,2,6,4,Y,A,N,A,H,A,G,25,,03,B,,,,Y,C,Y,N,D,1,0,0,0,22350.0,2,37.396883,-120.63132,4
2011,2011-07-08,850,7,2,8,5,N,A,Y,A,H,A,A,01,S,09,A,,,,,C,Y,N,D,1,0,0,0,21801.0,2,37.40365345,-120.85014583,4
2011,2011-07-08,900,7,2,9,5,N,A,Y,A,H,A,A,07,S,03,C,,,,,C,Y,N,A,1,0,0,0,22350.0,3,37.41713965,-120.84996476,3
2011,2011-06-02,2154,6,2,21,4,N,A,N,A,H,C,D,22,W,08,C,,,,,E,Y,N,D,2,0,0,0,22107.0,2,37.28822508,-120.48805139,4
2011,2011-06-27,1811,6,2,18,1,N,A,N,A,H,A,-,- ,W,18,A,,,,,E,N,N,A,1,0,0,0,,2,37.32618975,-120.46267148,4
2011,2011-06-27,600,6,2,6,1,Y,A,N,A,H,A,D,22,,09,D,,,,,C,Y,N,A,1,0,0,0,21802.0,2,37.36775,-120.70542,4
2011,2011-06-03,415,6,2,4,5,N,A,N,A,H,D,D,22,W,03,C,,,,,C,Y,N,D,2,0,0,0,22350.0,2,37.43388508,-120.74077875,3
2011,2011-07-14,1039,7,2,10,4,Y,A,N,A,H,A,-,- ,,00,D,,,,,D,Y,N,A,2,0,0,0,,3,37.29914,-120.46398,4
2011,2011-05-31,1630,5,1,16,2,N,B,Y,A,H,A,A,07,N,03,C,,,,,C,Y,N,D,2,0,0,0,22350.0,2,37.30284793,-120.50008266,4
2011,2011-06-10,1350,6,2,13,5,Y,A,N,A,H,A,A,01,,09,D,,,,,C,Y,N,D,3,0,0,0,21801.0,2,37.31922,-120.48472,4
2011,2011-06-10,703,6,2,7,5,Y,A,N,A,D,A,A,01,,09,D,,Y,,,G,N,N,A,1,0,1,0,21802.0,2,37.3034,-120.4822,4
2011,2011-06-01,1343,6,2,13,3,N,A,N,A,H,A,A,01,N,21,C,,,,,C,N,N,A,1,0,0,0,22106.0,2,37.33217725,-120.45994382,4
2011,2011-06-07,1621,6,2,16,2,N,A,Y,A,H,A,L,04,W,05,A,,Y,,,G,N,N,D,1,0,1,0,21650.0,2,37.08424267,-120.49229693,3
2011,2011-06-03,1700,6,2,17,5,N,A,N,A,H,A,A,01,E,03,C,,,,,C,Y,F,D,2,0,0,0,22350.0,2,,,4
2011,2011-06-02,1725,6,2,17,4,N,A,Y,A,H,A,A,01,W,08,E,,,,,I,Y,N,A,2,0,0,0,22107.0,1,37.3252769,-120.25655279,3
2011,2011-06-06,1935,6,2,19,1,N,A,N,A,H,A,A,01,W,03,H,,Y,,,G,Y,N,B,1,0,1,0,22350.0,2,37.28796677,-120.47207475,3
2011,2011-06-10,1310,6,2,13,5,Y,A,N,A,H,A,A,07,,09,D,,,,,C,Y,N,A,1,0,0,0,21802.0,3,37.41897,-120.88636,3
2011,2011-06-17,1359,6,2,13,5,Y,A,N,A,H,A,A,07,,12,D,,,,,C,Y,N,A,2,0,0,0,21453.0,3,37.05901,-120.84925,4
2011,2011-06-09,1553,6,2,15,4,Y,A,Y,A,H,A,A,01,,04,C,,,,,C,N,N,A,1,0,0,0,21703.0,2,37.05691132,-120.83666602,4
2011,2011-06-04,925,6,2,9,6,Y,B,Y,B,H,A,A,01,,12,D,,,,,C,Y,N,A,2,0,0,0,22450.0,2,37.29595279,-120.38127866,4
2011,2011-06-03,935,6,2,9,5,N,A,N,A,H,A,A,01,W,03,C,,,,,C,N,M,A,1,0,0,0,22350.0,2,37.36114509,-120.4323516,4
2011,2011-06-03,1710,6,2,17,5,N,B,N,A,H,A,A,01,E,21,C,,,,,C,N,N,A,2,0,0,0,22106.0,3,37.37429,-120.59506,4
2011,2011-06-01,2110,6,2,21,3,N,A,N,A,H,D,A,01,E,08,F,,,,,I,Y,N,D,1,0,0,0,22107.0,1,37.45621045,-120.51566226,4
2011,2011-06-11,8,6,2,0,6,N,A,Y,A,H,D,A,01,N,01,A,,,,,C,Y,N,D,3,0,0,0,23152.0,3,37.00036554,-120.91576274,2
2011,2011-06-12,1800,6,2,18,7,N,A,Y,A,H,A,A,01,S,07,F,,,,,A,Y,N,D,2,0,0,0,21658.0,2,37.04419664,-120.95755091,3
2011,2011-05-25,1512,5,1,15,3,N,B,N,A,H,A,A,08,N,21,D,,Y,,,G,N,N,D,1,0,1,0,22106.0,2,37.320741,-120.48685997,3
2011,2011-05-12,1722,5,1,17,4,Y,A,N,A,H,A,A,07,,12,D,,,,,C,N,M,A,2,0,0,0,21453.0,2,37.28814,-120.48191,4
2011,2011-05-10,1416,5,1,14,2,N,A,N,A,H,A,A,01,E,03,C,,,,,C,Y,N,A,2,0,0,0,22350.0,4,37.29583853,-120.50433813,3
2011,2011-05-30,1510,5,1,15,1,N,A,N,A,H,A,L,04,N,08,A,,Y,,,G,N,N,D,1,0,1,0,22107.0,2,37.336306,-120.488968,3
2011,2011-05-30,1858,5,1,18,1,Y,A,Y,A,H,B,L,04,,05,D,,Y,,,G,N,N,A,1,0,1,0,21650.0,2,37.29517987,-120.47080461,3
2011,2011-05-21,1438,5,1,14,6,Y,A,Y,A,H,A,A,07,,09,D,,,Y,,C,Y,N,A,1,0,0,1,21802.0,2,37.29516508,-120.45228367,3
2011,2011-05-21,1641,5,1,16,6,N,A,Y,A,H,A,A,01,W,03,C,,,,,C,N,N,D,2,0,0,0,22350.0,2,37.29509196,-120.42115802,4
2011,2011-05-21,1843,5,1,18,6,Y,A,N,A,H,A,A,07,,03,D,,,,,C,N,N,A,2,0,0,0,22350.0,2,37.30474,-120.4924,4
2011,2011-05-15,530,5,1,5,7,N,B,N,B,H,D,A,01,S,01,E,,,,,I,Y,M,D,1,0,0,0,23152.0,1,37.29121666,-120.46086518,4
2011,2011-05-19,1405,5,1,14,4,Y,A,N,A,H,A,A,07,,09,D,,,,,C,Y,N,A,1,0,0,0,21802.0,2,37.30308,-120.4879,4
2011,2011-02-03,2500,2,4,25,4,N,A,N,A,H,A,A,07,S,03,E,,,,,I,Y,N,D,1,0,0,0,22350.0,1,37.390927,-120.711626,2
2011,2011-06-09,1330,6,2,13,4,N,A,Y,A,H,A,A,07,W,08,F,,,,,A,Y,N,D,1,0,0,0,22107.0,1,37.0564518,-120.93845456,3
2011,2011-03-25,719,3,1,7,5,Y,B,Y,B,H,B,G,25,,12,G,Y,,,Y,B,N,N,A,1,1,0,0,21453.0,2,37.05692504,-120.83521834,3
2011,2011-05-06,1710,5,1,17,5,N,A,Y,A,A,A,A,01,W,03,C,,,,,C,Y,N,D,1,0,0,0,22350.0,4,37.05686504,-120.86290643,3
2011,2011-03-26,230,3,1,2,6,N,B,Y,B,H,C,A,01,N,03,E,,,,,I,Y,N,D,2,0,0,0,22350.0,1,37.32725508,-120.55865282,4
2011,2011-06-18,240,6,2,2,6,N,A,N,A,H,A,D,,,08,E,,,,,C,N,N,D,1,0,0,0,22107.0,2,37.36948896,-120.59563438,4
2011,2011-06-17,1717,6,2,17,5,Y,A,N,A,H,A,A,,,09,D,,,,,C,Y,N,D,1,0,0,0,21800.0,2,37.35546,-120.61624,4
2011,2011-06-16,1024,6,2,10,4,Y,A,N,A,H,A,A,,,09,D,,,,,C,N,N,D,2,0,0,0,21801.0,2,,,4
2011,2011-06-27,1852,6,2,18,1,Y,A,N,A,H,A,L,04,,12,D,,Y,,,G,N,N,A,1,0,1,0,22450.0,2,37.30608,-120.48618,3
2011,2011-07-03,1647,7,2,16,7,N,A,N,A,H,A,A,01,S,08,E,,,,,I,Y,N,D,1,0,0,0,22107.0,1,37.28404628,-120.31507431,4
2011,2011-07-07,2035,7,2,20,4,N,A,Y,A,H,A,A,07,S,08,E,,,,,I,Y,N,D,4,0,0,0,22107.0,1,37.25748041,-120.41941845,3
2011,2011-07-13,1513,7,2,15,3,N,A,Y,A,H,A,A,01,S,08,F,,,,,A,Y,N,D,3,0,0,0,22107.0,1,37.18407275,-120.48862499,3
2011,2011-07-07,1821,7,2,18,4,Y,A,N,A,H,A,A,01,,09,A,,,,,C,Y,N,A,4,0,0,0,21801.0,2,37.30773,-120.49068,3
2011,2011-07-13,1048,7,2,10,3,Y,A,N,A,H,A,-,- ,,05,D,,Y,,,G,N,N,A,1,0,1,0,21650.0,2,37.33211,-120.47844,3
2011,2011-07-12,1611,7,2,16,2,Y,A,N,A,H,A,L,04,,09,D,,Y,,,G,N,F,A,1,0,1,0,21801.0,2,37.29845,-120.49602,4
2011,2011-07-02,1019,7,2,10,6,N,A,N,A,H,A,A,01,S,08,A,,,,,C,Y,N,D,2,0,0,0,22107.0,2,37.30021143,-120.50233548,3
2011,2011-07-01,2122,7,2,21,5,N,A,N,A,H,A,A,01,E,01,C,,,,,C,N,M,D,1,0,0,0,23152.0,2,37.29641166,-120.48386519,3
2011,2011-07-04,1733,7,2,17,1,Y,A,N,A,H,A,-,- ,,08,B,,,Y,,C,Y,N,D,2,0,0,1,22100.0,2,37.31367,-120.51926,2
2011,2011-07-04,1630,7,2,16,1,Y,A,N,A,H,A,A,01,,22,D,,,,,C,Y,N,B,2,0,0,0,,2,37.32342,-120.48693,4
2011,2011-07-04,2109,7,2,21,1,N,A,N,A,H,C,A,,W,01,G,Y,,,,B,Y,N,D,1,1,0,0,23153.0,2,37.349544,-120.570043,4
2011,2011-07-09,1915,7,2,19,6,N,A,N,A,H,A,A,,W,09,D,,,Y,,C,Y,N,D,1,0,0,1,21801.0,2,37.3417537,-120.59813903,4
2011,2011-05-25,2128,5,1,21,3,Y,A,Y,A,H,C,-,- ,,03,A,Y,,,,B,N,F,D,1,1,0,0,22350.0,2,37.05690131,-120.84111702,4