ACCIDENT_YEAR,COLLISION_DATE,COLLISION_TIME,MONTH,SEASON,24HOURS,DAY_OF_WEEK,INTERSECTION,WEATHER_1,STATE_HWY_IND,ROAD_SURFACE,ROAD_COND_1,LIGHTING,STWD_VEHTYPE_AT_FAULT,CHP_VEHTYPE_AT_FAULT,DIRECTION,PCF_VIOL_CATEGORY,TYPE_OF_COLLISION,PEDESTRIAN_ACCIDENT,BICYCLE_ACCIDENT,MOTORCYCLE_ACCIDENT,TRUCK_ACCIDENT,MVIW,TOW_AWAY,HIT_AND_RUN,CONTROL_DEVICE,NUMBER_INJURED,COUNT_PED_INJURED,COUNT_BICYCLIST_INJURED,COUNT_MC_INJURED,PCF_VIOLATION,PARTY_COUNT,POINT_Y,POINT_X,COLLISION_SEVERITY
2013,2013-04-01,1022,4,1,10,1,N,A,N,A,H,A,D,22,N,03,C,,,,,C,N,N,A,1,0,0,0,22350.0,3,37.3236968,-120.4869368,4
2013,2013-04-03,611,4,1,6,3,Y,A,Y,A,H,C,L,04,,09,D,,Y,,,G,N,N,A,1,0,1,0,21802.0,2,37.3028379,-120.5007745,4
2013,2013-04-06,1801,4,1,18,6,N,A,N,A,H,A,D,22,W,03,A,,,,,I,Y,N,D,1,0,0,0,22350.0,1,37.3221745,-120.4513832,3
2013,2013-04-02,2015,4,1,20,2,N,B,Y,A,H,D,D,22,E,03,C,,,,,C,Y,N,D,1,0,0,0,22350.0,2,37.2602715,-120.980562,3
2013,2013-04-15,1609,4,1,16,1,N,A,Y,A,H,A,A,01,N,04,C,,,,,C,N,N,A,1,0,0,0,21703.0,2,37.3061795,-120.4998071,4
2013,2013-04-02,1050,4,1,10,2,N,A,Y,A,H,A,A,08,N,09,B,,,Y,,C,N,N,A,1,0,0,1,21804.0,2,37.2954893,-120.4716584,4
2013,2013-04-01,1648,4,1,16,1,Y,A,N,A,H,A,L,04,,12,D,,Y,,,G,N,N,A,1,0,1,0,22450.0,2,37.2965551,-120.5007528,4
2013,2013-04-01,1319,4,1,13,1,Y,A,N,A,H,A,A,01,,04,C,,,,,C,Y,N,D,2,0,0,0,21703.0,2,37.2976451,-120.4599228,4
2013,2013-04-07,1028,4,1,10,7,N,A,N,A,H,A,C,02,W,08,E,,,Y,,I,Y,N,A,1,0,0,1,22107.0,1,37.332102,-120.492897,4
2013,2013-04-05,2354,4,1,23,5,Y,A,N,A,H,C,A,01,,17,D,,Y,,,G,N,N,A,1,0,1,0,21451.0,2,37.3192752,-120.4784728,3
2013,2013-04-10,2212,4,1,22,3,Y,A,N,A,H,C,C,02,,01,E,,,Y,,I,Y,N,A,1,0,0,1,23152.0,1,37.335382,-120.499018,3
2013,2013-04-09,926,4,1,9,2,Y,A,N,A,H,A,A,07,,09,D,,,,,C,Y,N,A,2,0,0,0,21802.0,2,37.3184652,-120.4478627,2
2013,2013-04-08,1732,4,1,17,1,Y,A,N,A,H,A,A,01,,09,F,,,Y,,A,N,N,A,1,0,0,1,21802.0,2,37.32635,-120.50301,3
2013,2013-04-15,734,4,1,7,1,Y,A,N,A,H,A,A,01,,09,B,,,,,C,N,N,A,1,0,0,0,21453.0,2,37.2976551,-120.4764328,4
2013,2013-04-15,1236,4,1,12,1,N,A,N,A,H,A,A,01,S,09,B,,,,,D,Y,N,D,2,0,0,0,21804.0,2,37.3004775,-120.4676162,4
2013,2013-04-17,1758,4,1,17,3,Y,A,N,A,H,A,A,01,,09,D,,Y,,,G,N,N,A,1,0,1,0,21801.0,2,37.2986651,-120.4758527,4
2013,2013-02-24,1216,2,4,12,7,N,A,Y,A,H,A,-,- ,W,00,H,,Y,,,G,N,F,A,1,0,1,0,,2,37.3213626,-120.5048664,4
2013,2013-01-29,640,1,4,6,2,Y,A,N,A,H,C,A,07,,10,G,Y,,,,B,N,N,D,1,1,0,0,21950.0,2,37.063165,-120.8501228,4
2013,2013-01-20,809,1,4,8,7,Y,A,N,A,H,A,A,01,,10,A,Y,,,,B,Y,N,A,1,1,0,0,21950.0,2,37.0544951,-120.8664728,4
2013,2013-01-12,2241,1,4,22,6,N,A,Y,A,H,D,N,60,W,11,G,Y,,,,B,N,N,D,1,1,0,0,21956.0,2,37.0684242,-120.8351822,2
2013,2013-01-10,1713,1,4,17,4,N,A,N,A,H,A,A,01,N,01,B,,,,,C,Y,N,D,1,0,0,0,23152.0,2,37.0560199,-120.8531623,4
2013,2013-01-03,704,1,4,7,4,Y,B,N,A,H,A,A,01,,09,D,,,,,C,Y,N,D,2,0,0,0,21801.0,2,37.066165,-120.8423528,3
2013,2013-04-12,1813,4,1,18,5,N,A,N,A,H,A,A,01,,09,B,,,,,C,Y,N,D,1,0,0,0,21800.0,2,37.279604,-120.440328,4
2013,2013-04-17,1841,4,1,18,3,N,A,N,A,H,A,A,01,S,03,C,,,,,C,Y,N,D,1,0,0,0,22350.0,2,,,4
2013,2013-04-18,1704,4,1,17,4,Y,A,N,A,H,A,-,99,,10,G,Y,,,,B,N,F,D,1,1,0,0,21950.0,2,37.3203751,-120.4511928,3
2013,2013-04-20,1430,4,1,14,6,Y,A,N,A,H,A,A,01,,03,D,,,,,C,Y,N,D,5,0,0,0,22350.0,2,37.2981051,-120.5016728,3
2013,2013-04-20,1415,4,1,14,6,N,A,N,A,H,A,A,08,W,03,C,,,,,C,Y,F,A,2,0,0,0,22350.0,2,37.319175,-120.4905732,4
2013,2013-04-22,923,4,1,9,1,Y,A,N,A,H,A,A,07,,09,D,,,,,C,Y,N,A,1,0,0,0,21802.0,2,37.3269651,-120.4785428,4
2013,2013-04-23,1736,4,1,17,2,N,A,N,A,H,A,-,99,W,03,C,,Y,,,G,N,F,D,1,0,1,0,22350.0,2,37.3006027,-120.4574518,4
2013,2013-04-27,2025,4,1,20,6,N,A,N,A,H,C,D,22,S,08,A,,,,,C,Y,N,D,1,0,0,0,22107.0,2,,,4
2013,2013-04-13,1520,4,1,15,6,N,A,Y,A,H,A,-,- ,N,00,F,,,,,A,Y,F,D,1,0,0,0,,2,37.2876136,-121.0101868,4
2013,2013-04-12,1533,4,1,15,5,N,A,N,A,H,A,A,01,E,03,C,,,,,C,Y,N,D,1,0,0,0,22350.0,2,36.9817008,-120.5980837,3
2013,2013-02-28,1824,2,4,18,4,-,A,N,A,H,B,-,99,,04,C,,,,,C,N,M,D,1,0,0,0,21703.0,2,,,4
2013,2013-02-25,903,2,4,9,1,Y,A,N,A,H,A,A,01,,09,D,,,,,D,N,N,A,2,0,0,0,21802.0,2,37.2987951,-120.4903827,4
2013,2013-04-16,1620,4,1,16,2,N,A,N,A,H,A,A,01,W,03,C,,,,,C,N,N,D,1,0,0,0,22350.0,2,37.3230661,-120.5422032,4
2013,2013-04-13,2157,4,1,21,6,N,A,N,A,H,D,D,22,E,21,D,,,,,C,Y,N,D,1,0,0,0,22106.0,2,37.375015,-120.7398661,4
2013,2013-05-03,1254,5,1,12,5,N,A,Y,A,H,A,D,22,S,03,C,,,,,C,N,N,D,1,0,0,0,22350.0,2,37.4521393,-120.8490429,4
2013,2013-05-03,2345,5,1,23,5,N,-,Y,A,H,C,D,22,S,08,F,,,,,A,Y,N,D,2,0,0,0,22107.0,1,37.3206896,-120.5401182,4
2013,2013-05-06,1600,5,1,16,1,N,A,Y,A,H,A,A,08,S,03,C,,,,,C,Y,N,D,2,0,0,0,22350.0,2,37.1928759,-120.4881879,2
2013,2013-04-18,410,4,1,4,4,N,A,Y,A,H,D,A,01,S,08,F,,,,,A,Y,N,D,2,0,0,0,22107.0,1,37.1838071,-120.4887688,4
2013,2013-04-20,1943,4,1,19,6,N,A,N,A,H,D,A,01,W,01,F,,,,,A,Y,N,D,1,0,0,0,23152.0,1,37.3235957,-120.3335974,3
2013,2013-04-20,321,4,1,3,6,N,A,Y,A,H,C,A,01,S,01,F,,,,,I,Y,N,D,1,0,0,0,23152.0,1,37.3342075,-120.577571,3
2013,2013-04-20,1630,4,1,16,6,N,A,Y,A,H,A,A,01,S,01,F,,,,,A,Y,N,D,1,0,0,0,23152.0,1,37.3334308,-120.5754666,3
2013,2013-04-22,1625,4,1,16,1,N,A,N,A,H,A,C,02,W,08,F,,,Y,,A,N,N,D,1,0,0,1,22107.0,1,37.4928039,-120.5210097,3
2013,2013-04-28,2030,4,1,20,7,N,A,N,A,H,D,A,01,S,08,E,,,,,I,Y,N,D,1,0,0,0,22107.0,1,37.3936757,-120.6678329,4
2013,2013-04-20,1735,4,1,17,6,N,A,Y,A,D,A,A,01,N,01,E,,,,,I,Y,N,D,1,0,0,0,23152.0,1,37.3136301,-120.5204372,3
2013,2013-04-27,1437,4,1,14,6,Y,A,N,A,H,A,A,01,,08,E,,,,,I,Y,N,D,1,0,0,0,22107.0,1,37.457145,-120.7109828,4
2013,2013-04-24,1543,4,1,15,3,Y,A,N,A,H,A,A,01,,12,D,,,,,C,Y,N,A,3,0,0,0,22450.0,2,37.403755,-120.6131328,4
2013,2013-04-30,1640,4,1,16,2,Y,A,N,A,-,A,A,01,,09,D,,,,,C,Y,N,A,2,0,0,0,21802.0,2,37.389485,-120.6862629,4
2013,2013-04-30,740,4,1,7,2,N,A,N,A,H,A,A,07,E,09,D,,,,,C,Y,N,D,2,0,0,0,21804.0,2,37.3749364,-120.6069796,2
2013,2013-04-30,840,4,1,8,2,N,A,Y,A,H,A,A,01,S,03,C,,,,,C,Y,N,D,1,0,0,0,22350.0,2,37.1132132,-120.4922428,4
2013,2013-04-12,1743,4,1,17,5,N,A,N,A,H,A,A,07,N,08,F,,,,,I,Y,N,D,1,0,0,0,22107.0,1,37.5319547,-120.429333,3
2013,2013-04-13,2210,4,1,22,6,N,A,N,A,G,D,A,01,E,03,C,,,,,C,Y,N,D,2,0,0,0,22350.0,2,37.32621,-120.5178635,4
2013,2013-04-24,134,4,1,1,3,N,A,N,A,H,C,A,01,N,01,C,,,,,E,Y,M,D,1,0,0,0,23152.0,2,37.329607,-120.503977,3
2013,2013-04-30,2247,4,1,22,2,Y,A,N,A,H,C,A,07,,08,C,,,Y,,C,Y,F,A,1,0,0,1,22107.0,2,37.3184751,-120.4693327,4
2013,2013-04-29,1739,4,1,17,1,Y,A,N,A,H,A,L,04,,05,D,,Y,,,G,N,N,D,1,0,1,0,21202.0,2,37.319045,-120.473376,4
2013,2013-04-29,510,4,1,5,1,N,A,N,A,H,C,A,01,E,08,E,,,,,I,Y,N,D,1,0,0,0,22107.0,1,37.3045655,-120.4995176,4
2013,2013-04-24,1024,4,1,10,3,Y,A,N,A,H,A,A,01,,09,D,,,,,C,Y,N,A,1,0,0,0,21802.0,2,37.3046251,-120.4724227,4
2013,2013-04-24,1854,4,1,18,3,N,A,N,A,H,A,A,01,S,09,D,,,,,C,Y,N,D,2,0,0,0,21804.0,2,37.3023457,-120.4737352,4
2013,2013-04-17,2315,4,1,23,3,N,A,N,A,H,D,N,60,E,11,G,Y,,,,B,N,N,D,1,1,0,0,21956.0,2,37.1003518,-120.9754854,4
2013,2013-04-26,2254,4,1,22,5,N,A,Y,A,H,D,A,01,W,08,F,,,,,A,Y,N,D,1,0,0,0,22107.0,1,37.0878077,-121.1132964,3
2013,2013-05-03,2109,5,1,21,5,N,A,N,A,H,C,D,22,,01,B,,,,,C,N,M,D,1,0,0,0,23152.0,3,37.296289,-120.486291,3
2013,2013-05-05,144,5,1,1,7,N,A,Y,A,H,D,A,01,N,01,B,,,,,C,Y,N,D,6,0,0,0,23152.0,2,36.9282555,-120.8380826,2
2013,2013-05-06,726,5,1,7,1,Y,A,N,A,H,A,L,04,,09,D,,Y,,,G,N,N,A,1,0,1,0,21802.0,2,37.2805051,-120.4391527,3
2013,2013-04-06,2045,4,1,20,6,N,A,N,A,H,C,A,01,W,01,C,,,,,C,Y,N,A,5,0,0,0,23152.0,2,37.3405865,-120.5408918,2
2013,2013-04-09,1600,4,1,16,2,N,A,N,A,H,A,A,07,S,08,E,,,,,I,Y,N,D,1,0,0,0,22107.0,1,37.4565987,-120.4354805,4
2013,2013-04-11,724,4,1,7,4,N,A,Y,A,H,A,A,07,E,03,C,,,,,C,Y,N,D,2,0,0,0,22350.0,2,37.3275706,-120.2515061,4
2013,2013-04-11,1845,4,1,18,4,N,A,Y,A,H,A,A,01,N,08,D,,,,,C,Y,N,D,2,0,0,0,22107.0,2,37.1997787,-120.3481682,2
2013,2013-04-10,1750,4,1,17,3,Y,A,Y,A,H,A,A,07,,09,D,,,,,C,Y,N,A,3,0,0,0,21802.0,2,37.2951115,-120.4187489,3
2013,2013-04-06,2011,4,1,20,6,N,A,Y,A,H,B,A,01,N,01,D,,,,,C,N,N,D,1,0,0,0,23152.0,2,37.4111145,-120.8500509,3
2013,2013-04-23,1741,4,1,17,2,Y,A,N,A,H,A,-,- ,,03,C,,,,,C,Y,N,D,1,0,0,0,22350.0,3,37.3452749,-120.5959529,4
2013,2013-04-30,1224,4,1,12,2,Y,A,N,A,H,A,-,- ,,09,A,,,,,C,Y,N,A,2,0,0,0,21801.0,3,37.362885,-120.5766528,4
2013,2013-05-03,1800,5,1,18,5,N,A,Y,A,H,A,A,07,S,03,C,,,,,C,N,N,A,2,0,0,0,22350.0,2,37.3130006,-120.8513031,4
2013,2013-04-29,1112,4,1,11,1,Y,A,N,A,H,A,-,- ,,00,E,,,,,I,Y,F,D,2,0,0,0,,2,37.3153051,-120.4785028,4
2013,2013-04-24,1843,4,1,18,3,N,A,N,A,H,A,A,01,S,03,C,,,,,C,Y,N,D,2,0,0,0,22350.0,2,37.3042499,-120.4726356,3
2013,2013-05-03,1426,5,1,14,5,Y,A,N,A,H,A,A,01,,09,H,,,,,C,Y,M,A,1,0,0,0,21801.0,2,37.2881451,-120.4819229,3
2013,2013-05-04,1615,5,1,16,6,N,A,N,A,H,A,A,07,S,09,B,,,,,C,Y,N,D,3,0,0,0,21802.0,2,37.2948638,-120.4961404,3
2013,2013-05-06,1022,5,1,10,1,N,A,N,A,H,A,C,02,S,04,H,,,Y,,A,Y,N,D,1,0,0,1,21703.0,1,37.3282654,-120.4442971,3
2013,2013-05-03,1515,5,1,15,5,N,A,N,A,H,A,L,04,E,05,D,,Y,,,G,N,F,D,1,0,1,0,21650.0,2,37.3186666,-120.4718518,3
2013,2013-03-28,2333,3,1,23,4,Y,A,N,A,H,C,-,- ,,01,D,,,,,C,Y,F,A,5,0,0,0,23153.0,2,37.360505,-120.5766728,3
2013,2013-05-04,1433,5,1,14,6,N,A,Y,A,H,A,A,01,S,08,F,,,,,A,Y,M,D,1,0,0,0,22107.0,2,37.40459,-120.7470927,4
2013,2013-05-09,625,5,1,6,4,Y,A,N,A,H,A,D,22,,09,D,,,,,C,Y,N,D,1,0,0,0,21802.0,2,37.3314051,-120.7239128,4
2013,2013-05-17,1659,5,1,16,5,N,A,Y,A,H,A,D,22,N,21,D,,,,,C,Y,N,D,2,0,0,0,22106.0,2,37.4502737,-120.8490487,4
2013,2013-05-12,945,5,1,9,7,N,A,N,A,H,A,F,26,E,03,C,,,,Y,C,Y,N,D,2,0,0,0,22350.0,2,37.3604441,-120.7148608,4
2013,2013-04-11,1142,4,1,11,4,Y,A,N,A,H,A,A,01,,12,D,,,,,C,Y,N,A,2,0,0,0,21453.0,2,37.3097351,-120.4895527,4
2013,2013-05-10,1811,5,1,18,5,Y,A,Y,A,H,A,G,75,,09,D,,,,Y,C,Y,F,D,1,0,0,0,21802.0,2,37.245805,-121.0128429,2
2013,2013-05-14,1205,5,1,12,2,Y,A,N,A,H,A,D,22,,12,D,,,,,C,Y,N,A,5,0,0,0,21453.0,3,37.3298551,-120.4691228,4
2013,2013-05-14,1806,5,1,18,2,Y,A,N,A,H,A,A,01,,01,D,,,,,C,Y,N,A,1,0,0,0,23152.0,2,37.2963651,-120.4771728,3
2013,2013-05-14,801,5,1,8,2,Y,A,N,A,H,A,L,04,,05,B,,Y,,,G,N,N,A,1,0,1,0,21650.0,2,37.3062352,-120.4714928,4
2013,2013-05-09,1529,5,1,15,4,Y,A,N,A,H,A,L,04,,12,D,,Y,,Y,G,N,N,A,1,0,1,0,21453.0,2,37.3076451,-120.4706627,4
2013,2013-02-18,1744,2,4,17,1,N,B,Y,A,H,A,A,07,W,03,C,,,,,C,Y,N,D,1,0,0,0,22350.0,3,37.0568052,-120.8687055,4
2013,2013-02-01,1308,2,4,13,5,N,A,N,A,H,A,L,04,W,17,D,,Y,,Y,G,N,N,A,1,0,1,0,21663.0,2,37.063445,-120.8571294,4
2013,2013-05-20,859,5,1,8,1,Y,A,N,A,H,A,D,22,,04,C,,,,,C,Y,N,A,1,0,0,0,21703.0,2,37.332115,-120.4784527,4
2013,2013-05-18,1815,5,1,18,6,N,A,Y,A,D,A,A,01,S,03,C,,,,,C,Y,M,D,1,0,0,0,22350.0,2,37.2956051,-120.4738928,4
2013,2013-05-03,1530,5,1,15,5,N,A,Y,A,H,A,C,02,S,08,F,,,Y,,A,Y,N,D,1,0,0,1,22107.0,1,37.3456571,-120.6164227,3
2013,2013-05-10,1600,5,1,16,5,Y,A,Y,A,H,A,A,01,,09,D,,,,,C,Y,N,A,1,0,0,0,21801.0,3,37.2954024,-120.3212315,4
2013,2013-05-13,1738,5,1,17,1,N,A,N,A,H,A,A,01,N,03,C,,,,,C,Y,N,A,1,0,0,0,22350.0,2,37.3319149,-120.5408476,4
2013,2013-05-15,2313,5,1,23,3,Y,A,N,A,H,D,A,01,,07,E,,,,,I,Y,N,A,1,0,0,0,21658.0,1,37.2980251,-120.4816728,4
2013,2013-04-27,1230,4,1,12,6,N,A,N,A,H,A,A,08,S,08,B,,,,,C,Y,N,D,1,0,0,0,22107.0,2,,,4
2013,2013-05-26,2354,5,1,23,7,N,A,N,A,H,E,D,22,S,03,F,,,,,A,Y,N,D,1,0,0,0,22350.0,1,37.023987,-120.890816,3
2013,2013-05-02,1933,5,1,19,4,Y,A,N,A,H,A,A,01,,09,D,,,,,C,Y,N,A,3,0,0,0,21802.0,2,37.042185,-120.8721728,3
2013,2013-05-10,1120,5,1,11,5,N,A,N,A,H,A,A,01,S,03,E,,,,,I,Y,N,D,1,0,0,0,22350.0,1,,,3
2013,2013-05-10,935,5,1,9,5,N,A,N,A,H,A,A,08,W,08,F,,,,,A,Y,N,D,2,0,0,0,22107.0,1,,,2
2013,2013-03-16,1914,3,1,19,6,N,A,N,A,H,C,A,01,W,01,B,,,,,E,Y,N,A,1,0,0,0,23152.0,3,37.0604702,-120.8525533,3
2013,2013-03-23,1919,3,1,19,6,Y,A,Y,A,H,B,A,08,,09,D,,,,,C,Y,N,A,2,0,0,0,21453.0,2,37.056925,-120.8353628,4
2013,2013-03-29,1836,3,1,18,5,N,A,Y,-,A,A,D,22,W,03,C,,,,,C,Y,F,A,3,0,0,0,22350.0,3,37.056905,-120.8395803,4
2013,2013-03-27,1714,3,1,17,3,Y,A,N,A,H,A,D,22,,09,D,,,,,C,Y,N,A,2,0,0,0,21802.0,2,37.08281,-120.84381,2
2013,2013-05-23,1505,5,1,15,4,N,A,N,A,H,A,A,01,E,03,C,,,,,C,Y,N,D,1,0,0,0,22350.0,2,37.3180869,-120.4059192,4
2013,2013-05-16,2054,5,1,20,4,N,A,Y,A,H,C,D,22,N,01,C,,,,,C,Y,N,D,2,0,0,0,23152.0,2,37.3749644,-120.6885381,3
2013,2013-05-27,1035,5,1,10,1,Y,B,N,A,H,A,D,22,,09,D,,,,,C,Y,N,D,3,0,0,0,21802.0,2,37.345785,-120.6868729,3
2013,2013-05-18,1422,5,1,14,6,N,A,Y,A,H,A,F,25,N,08,B,,,Y,Y,C,Y,N,D,1,0,0,0,22107.0,2,37.3028155,-120.4999933,4
2013,2013-05-18,2245,5,1,22,6,N,A,N,A,H,C,N,60,W,11,G,Y,,,,B,N,N,D,1,1,0,0,21956.0,2,37.3837109,-120.6102,4
2013,2013-06-02,1700,6,2,17,7,N,A,Y,A,H,A,D,22,N,03,C,,,,,C,Y,N,D,4,0,0,0,22350.0,4,37.3119951,-120.5141128,4
2013,2013-06-07,1315,6,2,13,5,Y,A,N,A,H,A,D,22,,09,D,,,,,C,Y,N,A,1,0,0,0,21802.0,2,37.4196149,-120.7954529,4
2013,2013-05-26,1957,5,1,19,7,N,A,Y,A,H,A,A,07,S,08,F,,,,,A,Y,N,D,5,0,0,0,22107.0,1,37.3549899,-120.6341901,4
2013,2013-05-30,1455,5,1,14,4,N,A,N,A,H,A,A,07,S,03,C,,,,,C,N,N,D,2,0,0,0,22350.0,4,37.3310348,-120.5408647,4
2013,2013-05-29,1525,5,1,15,3,N,A,Y,A,H,A,A,01,E,03,C,,,,,C,Y,N,D,1,0,0,0,22350.0,2,37.2960026,-120.3698415,4
2013,2013-05-23,1105,5,1,11,4,N,A,Y,A,H,A,A,01,N,08,E,,,,,I,Y,N,D,1,0,0,0,22107.0,1,37.2524972,-120.4135664,3
2013,2013-05-25,1745,5,1,17,6,N,A,Y,A,H,A,A,01,S,03,C,,,,,C,Y,N,D,1,0,0,0,22350.0,2,37.3401451,-120.5941128,4
2013,2013-05-24,1125,5,1,11,5,N,A,N,A,H,A,A,01,E,08,-,,,,,J,N,N,D,1,0,0,0,22107.0,1,37.530061,-120.447662,4
2013,2013-05-16,2000,5,1,20,4,N,A,N,A,H,B,A,07,W,08,E,,,,,I,Y,N,D,1,0,0,0,22107.0,1,,,4
2013,2013-05-16,2115,5,1,21,4,N,A,N,A,H,D,N,60,N,11,G,Y,,,,B,N,N,D,1,1,0,0,21956.0,2,37.3285341,-120.5773603,3
2013,2013-05-18,1525,5,1,15,6,N,A,N,A,H,A,A,01,W,08,F,,,,,A,Y,N,D,2,0,0,0,22107.0,1,37.2882771,-120.3935329,4
2013,2013-05-18,1025,5,1,10,6,N,A,Y,A,D,A,C,02,N,08,F,,,Y,,A,Y,N,D,1,0,0,1,22107.0,1,37.3029778,-120.50044,3
2013,2013-05-20,1635,5,1,16,1,N,A,Y,A,H,A,A,01,W,09,D,,,,,C,Y,N,D,1,0,0,0,21801.0,2,37.4408051,-120.7870429,4
2013,2013-05-20,1040,5,1,10,1,N,A,Y,A,H,A,A,01,N,03,C,,,,,C,Y,N,D,1,0,0,0,22350.0,2,37.448552,-120.8490668,4
2013,2013-05-22,1300,5,1,13,3,N,A,Y,A,H,A,A,07,N,08,F,,,,,A,N,N,D,1,0,0,0,22107.0,1,37.4217565,-120.5125736,3
2013,2013-05-23,1508,5,1,15,4,N,A,Y,A,H,A,A,01,W,08,E,,,,,I,Y,N,D,1,0,0,0,22107.0,1,37.3044981,-120.7706117,4
2013,2013-05-01,2330,5,1,23,3,N,A,N,A,H,D,A,07,E,03,E,,,,,I,Y,M,D,1,0,0,0,22350.0,1,,,3
2013,2013-05-21,1140,5,1,11,2,N,A,Y,A,H,A,-,- ,S,18,E,,,,,J,Y,N,D,1,0,0,0,,1,,,4
2013,2013-05-04,35,5,1,0,6,N,A,N,A,H,D,A,07,S,08,E,,,,,I,Y,F,D,1,0,0,0,22107.0,1,37.2734271,-120.3790864,2
2013,2013-05-11,2005,5,1,20,6,N,A,Y,A,H,B,C,02,W,08,F,,,Y,,I,Y,N,D,1,0,0,1,22107.0,1,37.3078484,-120.7824249,2
2013,2013-06-03,1354,6,2,13,1,Y,A,N,A,H,A,D,22,,03,C,,,,,D,Y,N,D,1,0,0,0,22350.0,2,37.3192551,-120.4817828,4
2013,2013-05-30,1655,5,1,16,4,Y,A,N,A,H,A,-,- ,,00,H,,,,,C,Y,N,A,2,0,0,0,,2,37.3263451,-120.4868828,3
2013,2013-05-27,1917,5,1,19,1,N,A,N,A,H,B,D,22,S,01,A,,,,,I,Y,N,A,1,0,0,0,23152.0,1,37.3320492,-120.4784544,3
2013,2013-05-01,749,5,1,7,3,Y,A,N,A,H,A,-,- ,,- ,B,,,,,C,N,N,A,1,0,0,0,,2,37.347415,-120.6062728,4
2013,2013-04-25,1507,4,1,15,4,Y,A,Y,A,H,A,D,22,,04,C,,,,,C,N,N,A,1,0,0,0,21703.0,2,37.056905,-120.8392356,4
2013,2013-05-04,1410,5,1,14,6,Y,A,N,A,H,A,-,- ,,- ,D,,,,,C,N,N,D,1,0,0,0,,2,37.348045,-120.6124128,4
2013,2013-06-01,1140,6,2,11,6,Y,A,N,A,H,A,A,01,,- ,C,,,,,C,Y,N,D,6,0,0,0,,2,37.287805,-120.4453528,4
2013,2013-04-03,1306,4,1,13,3,Y,A,N,A,H,A,A,01,,01,C,,Y,,,G,Y,F,A,1,0,1,0,23152.0,2,37.3123951,-120.4934729,2
2013,2013-05-07,2216,5,1,22,2,N,A,Y,A,H,D,-,- ,W,18,E,,,,,H,Y,N,D,1,0,0,0,,1,37.0569288,-121.0236947,3
2013,2013-05-19,352,5,1,3,7,N,A,Y,A,H,D,A,01,N,08,E,,,,,I,Y,N,D,1,0,0,0,22107.0,1,37.0299392,-120.944216,3
2013,2013-05-17,800,5,1,8,5,N,A,N,A,H,A,-,99,N,09,B,,Y,,,G,N,F,A,1,0,1,0,21804.0,2,37.311467,-120.469358,4
2013,2013-05-21,901,5,1,9,2,Y,A,N,A,H,A,L,04,,05,D,,Y,,,G,N,N,A,1,0,1,0,21650.0,2,37.332235,-120.4862627,3
2013,2013-05-21,1608,5,1,16,2,N,A,N,A,H,A,-,- ,E,18,D,,,,,C,Y,N,D,1,0,0,0,,4,37.3011837,-120.4902947,4
2013,2013-05-24,1013,5,1,10,5,Y,A,N,A,H,A,-,- ,,12,D,,,,,C,N,N,A,2,0,0,0,21453.0,2,37.3057351,-120.4918428,4
2013,2013-05-26,1730,5,1,17,7,N,A,N,A,H,A,-,99,N,08,B,,Y,,,G,N,F,D,1,0,1,0,22107.0,2,37.2884801,-120.4925924,4
2013,2013-05-23,903,5,1,9,4,Y,A,N,A,H,A,A,01,,10,G,Y,,,,B,N,N,A,1,1,0,0,21950.0,2,37.3024151,-120.4827828,4
2013,2013-05-22,1346,5,1,13,3,N,A,N,A,H,A,-,- ,W,03,C,,,,,C,N,N,A,6,0,0,0,22350.0,3,37.3604903,-120.5835789,4
2013,2013-05-22,1456,5,1,14,3,Y,A,N,A,H,A,-,- ,,08,D,,,,,C,N,N,A,1,0,0,0,22107.0,2,37.340985,-120.5960228,4
2013,2013-05-25,1618,5,1,16,6,Y,A,N,A,H,A,-,- ,,- ,D,,,,,C,Y,N,A,3,0,0,0,,2,37.354045,-120.6071928,4
2013,2013-05-21,1643,5,1,16,2,Y,A,N,A,H,A,-,- ,,03,C,,,,,C,Y,F,A,1,0,0,0,22350.0,2,37.345745,-120.6125428,4
2013,2013-05-10,1840,5,1,18,5,N,A,Y,A,-,A,A,01,N,03,C,,,,,C,Y,N,D,1,0,0,0,22350.0,2,37.3028224,-120.4994198,4
2013,2013-06-13,453,6,2,4,4,Y,A,N,A,H,B,D,22,,12,D,,,,,C,Y,N,A,1,0,0,0,21453.0,2,37.3184751,-120.4693327,4
2013,2013-06-14,1228,6,2,12,5,Y,A,N,A,H,A,A,01,,12,D,,,,,C,Y,N,A,1,0,0,0,21453.0,2,37.3057351,-120.4918428,4
2013,2013-06-14,1614,6,2,16,5,Y,A,Y,A,H,A,-,- ,,00,D,,Y,,,G,N,N,A,1,0,1,0,,2,37.2881511,-120.4874534,3
2013,2013-06-14,1922,6,2,19,5,N,A,N,A,H,A,A,01,S,08,A,,,,,C,Y,N,D,5,0,0,0,22107.0,2,37.2968458,-120.482353,3
2013,2013-06-15,1612,6,2,16,6,Y,A,N,A,H,A,D,22,,09,D,,,Y,,C,Y,N,D,1,0,0,1,21801.0,2,37.2984551,-120.4960328,3
2013,2013-06-14,1439,6,2,14,5,Y,A,N,A,H,A,A,07,,03,C,,,,,C,Y,N,D,4,0,0,0,22350.0,3,37.2882151,-120.4927427,4
2013,2013-03-31,1311,3,1,13,7,N,B,Y,A,D,A,A,01,W,09,-,,,,,C,Y,N,A,2,0,0,0,21804.0,2,37.056785,-120.8831746,4
2013,2013-03-29,1058,3,1,10,5,N,A,Y,A,H,A,A,01,W,09,F,,,,,C,Y,N,D,4,0,0,0,21801.0,2,37.0567665,-120.8706752,3
2013,2013-03-13,1356,3,1,13,3,N,A,N,A,H,A,A,01,W,- ,C,,,,,C,N,N,D,1,0,0,0,,3,37.0619276,-120.8473488,4
2013,2013-03-20,1346,3,1,13,3,Y,A,N,A,H,A,A,01,,09,D,,,,,C,Y,N,A,3,0,0,0,21802.0,2,37.071475,-120.8351328,4
2013,2013-02-28,1527,2,4,15,4,Y,A,Y,A,H,A,L,04,,12,D,,Y,,,G,N,N,A,1,0,1,0,21453.0,2,37.056885,-120.8477055,3
2013,2013-03-07,1703,3,1,17,4,N,C,Y,B,H,A,A,07,W,08,B,,,,,C,N,N,A,1,0,0,0,22107.0,2,37.056865,-120.8627953,4
2013,2013-02-21,1745,2,4,17,4,Y,A,N,A,H,A,A,01,,12,D,,,,,C,Y,N,A,1,0,0,0,22450.0,4,37.0602851,-120.8521328,4