ACCIDENT_YEAR,COLLISION_DATE,COLLISION_TIME,MONTH,SEASON,24HOURS,DAY_OF_WEEK,INTERSECTION,WEATHER_1,STATE_HWY_IND,ROAD_SURFACE,ROAD_COND_1,LIGHTING,STWD_VEHTYPE_AT_FAULT,CHP_VEHTYPE_AT_FAULT,DIRECTION,PCF_VIOL_CATEGORY,TYPE_OF_COLLISION,PEDESTRIAN_ACCIDENT,BICYCLE_ACCIDENT,MOTORCYCLE_ACCIDENT,TRUCK_ACCIDENT,MVIW,TOW_AWAY,HIT_AND_RUN,CONTROL_DEVICE,NUMBER_INJURED,COUNT_PED_INJURED,COUNT_BICYCLIST_INJURED,COUNT_MC_INJURED,PCF_VIOLATION,PARTY_COUNT,POINT_Y,POINT_X,COLLISION_SEVERITY
2015,2015-05-14,1515,5,1,15,4,N,C,N,B,H,B,A,01,,03,C,,,,,C,N,N,D,2,0,0,0,22350.0,2,37.34527992,-120.59595999,4
2015,2015-05-11,1455,5,1,14,1,Y,A,N,A,H,A,L,04,,05,B,,Y,,,G,N,N,A,1,0,1,0,21650.0,2,37.3605099,-120.57897997,2
2015,2015-05-09,2055,5,1,20,6,Y,A,N,A,H,C,A,01,,09,D,,,Y,,C,Y,N,A,2,0,0,2,21453.0,4,37.34694999,-120.6119799,2
2015,2015-05-05,1640,5,1,16,2,N,A,N,A,H,A,A,01,,09,A,,Y,,,G,N,F,D,1,0,1,0,21804.0,2,37.36050991,-120.57663994,4
2015,2015-05-04,1910,5,1,19,1,N,A,N,A,H,B,A,01,W,03,C,,,,,C,Y,N,D,3,0,0,0,22350.0,2,37.36049,-120.58602488,4
2015,2015-05-04,1721,5,1,17,1,N,A,N,A,H,A,A,01,E,08,D,,,,,C,N,N,D,3,0,0,0,22103.0,2,37.35145759,-120.60130912,4
2015,2015-05-13,1559,5,1,15,3,N,A,N,A,H,A,A,01,W,03,A,Y,,,,B,N,N,D,1,1,0,0,22350.0,2,37.36157,-120.58041,3
2015,2015-05-11,2045,5,1,20,1,Y,A,N,A,H,C,A,07,,12,D,,,,,C,Y,N,A,2,0,0,0,21453.0,2,37.29932,-120.48092992,3
2015,2015-05-11,1,5,1,0,1,N,A,N,A,H,C,-,99,W,03,C,,,,,C,N,F,D,2,0,0,0,22350.0,2,37.31300274,-120.49316068,4
2015,2015-05-09,615,5,1,6,6,N,A,Y,A,H,B,A,01,S,08,E,,,,,I,N,N,D,2,0,0,0,22107.0,1,37.20930205,-121.01236179,4
2015,2015-05-18,1200,5,1,12,1,N,A,Y,A,H,A,A,01,N,08,E,,,,,I,Y,N,D,1,0,0,0,22107.0,1,37.12641601,-120.83482123,4
2015,2015-05-08,630,5,1,6,5,N,B,Y,A,H,A,D,22,W,08,E,,,,,I,Y,N,D,1,0,0,0,22107.0,1,37.06160449,-121.05884596,4
2015,2015-05-12,1915,5,1,19,2,N,A,N,A,H,A,A,01,N,08,E,,,,,I,Y,N,D,2,0,0,0,22107.0,1,37.42311987,-120.44538762,3
2015,2015-05-03,1730,5,1,17,7,N,A,N,A,H,A,A,01,E,01,B,,,,,C,Y,N,D,2,0,0,0,23152.0,2,37.360473,-120.642795,3
2015,2015-06-27,1445,6,2,14,6,N,A,N,A,H,A,A,01,W,08,E,,,,,I,Y,N,D,1,0,0,0,22107.0,1,37.09938,-120.93067,3
2015,2015-06-27,330,6,2,3,6,N,A,Y,A,H,D,A,01,N,08,E,,,,,I,Y,N,D,1,0,0,0,22107.0,1,37.13624572,-121.03655316,3
2015,2015-06-25,2130,6,2,21,4,N,A,Y,A,H,D,A,01,N,06,A,,,,,C,Y,N,D,3,0,0,0,21751.0,2,37.04155757,-120.63556048,2
2015,2015-05-10,422,5,1,4,7,N,A,N,A,H,D,-,- ,W,18,E,,,,,J,Y,N,D,1,0,0,0,,1,37.38953873,-120.69147221,4
2015,2015-05-14,1100,5,1,11,4,N,A,Y,A,H,A,F,26,N,03,C,,,,Y,C,Y,N,D,1,0,0,0,22350.0,2,37.3043911,-120.50365246,3
2015,2015-05-17,1740,5,1,17,7,N,A,N,A,H,A,D,22,W,08,E,,,,,I,Y,N,D,1,0,0,0,22107.0,1,37.36047619,-120.71100929,4
2015,2015-05-20,1230,5,1,12,3,N,A,N,A,H,A,D,22,N,08,F,,,,,A,Y,N,D,1,0,0,0,22107.0,1,37.34763973,-120.54057211,3
2015,2015-05-14,843,5,1,8,4,N,B,Y,A,H,A,A,01,W,03,C,,,,,C,Y,N,D,3,0,0,0,22350.0,2,37.30185254,-120.49862922,4
2015,2015-05-14,1458,5,1,14,4,N,C,N,B,H,A,A,01,W,03,C,,,,,C,N,F,D,1,0,0,0,22350.0,2,37.2976634,-120.45992939,4
2015,2015-05-15,1441,5,1,14,5,N,A,N,A,H,A,D,22,S,04,C,,,,,C,N,N,D,1,0,0,0,21703.0,3,37.30864487,-120.49018933,2
2015,2015-05-16,1436,5,1,14,6,N,A,N,A,H,A,D,22,N,01,E,,,,,I,Y,N,D,1,0,0,0,23152.0,1,37.13715919,-120.70709331,4
2015,2015-05-14,1411,5,1,14,4,Y,B,Y,A,H,A,A,01,,03,C,,,,,C,Y,N,A,1,0,0,0,22350.0,2,37.05665513,-120.8943475,4
2015,2015-05-17,615,5,1,6,7,N,A,Y,A,H,B,-,99,S,07,B,,,,Y,C,Y,N,D,1,0,0,0,21658.0,2,36.89618554,-120.80713172,4
2015,2015-05-17,921,5,1,9,7,Y,B,N,A,H,A,A,07,,12,D,,,,,C,N,N,A,1,0,0,0,21453.0,2,37.29868006,-120.47582999,4
2015,2015-05-16,1959,5,1,19,6,N,A,N,A,H,A,A,01,E,21,D,,,Y,,C,Y,N,D,1,0,0,1,22106.0,2,37.30717523,-120.48910481,3
2015,2015-05-15,1525,5,1,15,5,Y,A,N,A,H,A,A,08,,09,D,,,,,C,Y,N,A,3,0,0,0,21802.0,2,37.29338008,-120.47889988,4
2015,2015-05-14,1648,5,1,16,4,Y,C,N,B,H,A,A,01,,09,D,,,,,C,Y,M,A,1,0,0,0,21802.0,2,37.31075005,-120.48896997,4
2015,2015-05-14,1339,5,1,13,4,N,C,N,B,-,A,C,02,N,03,F,,,Y,,A,N,N,A,1,0,0,1,22350.0,1,37.31865472,-120.4444063,3
2015,2015-05-22,1540,5,1,15,5,N,B,N,A,H,A,A,01,S,- ,C,,,,,C,N,N,A,1,0,0,0,,3,37.3042965,-120.4999301,4
2015,2015-05-27,1125,5,1,11,3,Y,A,N,A,H,A,-,- ,,00,D,,,,,C,Y,N,A,1,0,0,0,,2,37.3014301,-120.49428996,4
2015,2015-05-21,1543,5,1,15,4,Y,B,N,A,H,A,A,01,,09,D,,,,,C,Y,N,A,2,0,0,0,21802.0,3,37.29747006,-120.49659998,3
2015,2015-04-10,500,4,1,5,5,Y,A,N,A,H,D,A,01,,12,E,,,,,I,Y,N,D,1,0,0,0,22450.0,1,37.31001,-120.4514,4
2015,2015-05-10,420,5,1,4,7,N,A,N,A,H,D,D,22,W,01,E,,,,,I,Y,N,D,1,0,0,0,23152.0,1,37.38953873,-120.69147221,4
2015,2015-05-09,220,5,1,2,6,N,A,Y,A,D,D,G,25,S,08,E,,,,Y,I,Y,N,D,1,0,0,0,22107.0,1,37.33172425,-120.57013899,2
2015,2015-05-17,1605,5,1,16,7,N,B,Y,A,H,A,D,22,N,08,F,,,,,A,Y,N,D,2,0,0,0,22107.0,1,37.42658449,-120.77230633,3
2015,2015-05-20,708,5,1,7,3,N,A,Y,A,D,A,-,- ,S,18,E,,,,Y,I,Y,N,D,1,0,0,0,,1,37.33153455,-120.56964301,3
2015,2015-05-19,635,5,1,6,2,N,A,N,A,H,A,A,01,W,08,E,,,,,I,Y,N,D,1,0,0,0,22107.0,1,37.39017485,-120.91221899,4
2015,2015-05-15,1600,5,1,16,5,Y,B,N,A,H,A,A,01,,09,D,,,,,C,Y,N,A,1,0,0,0,21802.0,2,37.33173989,-120.52792987,3
2015,2015-05-13,1832,5,1,18,3,N,B,Y,A,H,A,A,01,N,08,B,,,Y,,C,Y,N,D,1,0,0,1,22107.0,2,37.3755198,-120.68888797,3
2015,2015-05-12,1600,5,1,16,2,Y,A,Y,A,H,A,A,01,,09,-,,,,,C,Y,N,D,1,0,0,0,21802.0,2,37.3023898,-120.56855733,4
2015,2015-05-09,2153,5,1,21,6,Y,A,N,A,H,C,A,01,,12,D,,,,,C,Y,N,A,2,0,0,0,21453.0,2,37.33227992,-120.52762986,4
2015,2015-06-17,1750,6,2,17,3,N,A,N,A,H,A,A,01,W,01,E,,,,,I,Y,N,D,2,0,0,0,23152.0,1,37.31397602,-120.52094441,3
2015,2015-03-25,818,3,1,8,3,N,A,Y,A,H,A,D,22,E,09,D,,,,Y,C,Y,N,D,1,0,0,0,21804.0,2,37.05691823,-120.83880702,4
2015,2015-03-26,1313,3,1,13,4,Y,A,N,A,H,A,D,22,,09,D,,,,,C,Y,N,A,1,0,0,0,21802.0,2,37.05934011,-120.85281998,4
2015,2015-03-09,812,3,1,8,1,N,A,N,A,H,A,A,07,E,08,C,,,,,E,Y,N,D,1,0,0,0,22107.0,2,37.0790288,-120.84601718,4
2015,2015-03-10,120,3,1,1,2,N,A,N,A,H,C,A,01,W,08,B,,,,,E,Y,F,D,2,0,0,0,22107.0,2,37.08161,-120.83941912,3
2015,2015-03-17,1732,3,1,17,2,N,A,Y,A,H,A,A,01,E,08,B,,,,,C,Y,N,A,3,0,0,0,22107.0,3,37.05691634,-120.84042387,4
2015,2015-03-19,956,3,1,9,4,N,A,N,A,H,A,A,01,W,03,C,,,,,C,Y,N,D,1,0,0,0,22350.0,2,37.06345,-120.85813562,4
2015,2015-03-19,1514,3,1,15,4,N,A,Y,A,H,A,A,01,W,09,D,,,,,C,Y,N,D,2,0,0,0,21801.0,2,37.05698528,-120.81888399,3
2015,2015-03-27,1742,3,1,17,5,N,A,Y,A,H,A,A,01,E,03,C,,,,,C,N,N,A,2,0,0,0,22350.0,2,37.05694035,-120.8337516,4
2015,2015-03-29,1541,3,1,15,7,Y,A,N,A,H,A,A,01,,08,D,,,,,C,N,N,A,1,0,0,0,22103.0,2,37.0768101,-120.83883988,3
2015,2015-03-01,1832,3,1,18,7,N,A,Y,A,H,C,N,60,E,11,G,Y,,,,B,N,N,D,1,1,0,0,21954.0,2,37.05688126,-120.85837033,2
2015,2015-05-07,2030,5,1,20,4,N,B,Y,A,H,D,-,- ,N,00,G,Y,,,,B,N,F,D,1,1,0,0,,2,37.1367908,-120.49208911,4
2015,2015-06-03,1540,6,2,15,3,N,B,N,A,H,A,D,22,E,08,E,,,,,I,Y,N,D,1,0,0,0,22107.0,1,37.1003005,-120.95732635,4
2015,2015-06-07,2131,6,2,21,7,N,A,Y,A,H,D,D,22,N,08,B,,,,,C,Y,F,A,1,0,0,0,22107.0,2,37.30845606,-120.50491749,3
2015,2015-06-07,1059,6,2,10,7,N,A,N,A,H,A,D,22,S,03,C,,,,,C,Y,N,D,2,0,0,0,22350.0,3,37.30427712,-120.47264656,4
2015,2015-05-18,2021,5,1,20,1,N,A,N,A,H,C,A,01,N,09,D,,,,,C,Y,N,D,1,0,0,0,21804.0,2,37.30202538,-120.47393812,4
2015,2015-05-14,1500,5,1,15,4,N,B,Y,A,H,A,A,07,E,08,F,,,,,A,Y,N,D,1,0,0,0,22107.0,1,37.05472054,-120.71128038,3
2015,2015-05-18,1505,5,1,15,1,N,A,Y,A,H,A,C,02,E,08,F,,,Y,,A,Y,N,D,1,0,0,1,22107.0,1,37.08352472,-121.10103202,3
2015,2015-05-22,2105,5,1,21,5,N,A,N,A,H,C,A,01,S,03,C,,,Y,,C,Y,N,A,1,0,0,1,22350.0,2,37.31821071,-120.46943161,3
2015,2015-05-22,1149,5,1,11,5,N,A,N,A,H,A,A,01,S,03,C,,,,,C,Y,N,A,1,0,0,0,22350.0,4,37.30129777,-120.47433388,4
2015,2015-05-14,1720,5,1,17,4,N,C,N,B,H,A,L,04,E,05,D,,Y,,,G,N,N,D,1,0,1,0,21650.0,2,37.30476659,-120.49582062,3
2015,2015-05-23,633,5,1,6,6,N,A,N,A,-,A,A,01,N,01,F,,,,,A,Y,N,D,1,0,0,0,23152.0,1,,,2
2015,2015-05-31,1200,5,1,12,7,N,B,N,A,H,A,C,02,S,08,F,,,Y,,A,N,N,D,1,0,0,1,22107.0,1,37.505315,-120.316421,3
2015,2015-06-02,208,6,2,2,2,N,A,Y,A,H,D,A,07,W,07,E,,,,,I,Y,N,D,1,0,0,0,21658.0,1,37.0545628,-120.68137584,3
2015,2015-05-30,710,5,1,7,6,N,A,N,A,H,A,D,22,E,03,C,,,,,C,Y,N,D,1,0,0,0,22350.0,2,37.29671129,-120.47471506,3
2015,2015-06-01,1029,6,2,10,1,N,A,N,A,H,A,A,01,S,07,B,,,,,C,N,N,A,1,0,0,0,21658.0,2,37.31913561,-120.48685746,4
2015,2015-06-01,1649,6,2,16,1,Y,A,N,A,H,A,A,07,,08,D,,,,,C,Y,N,A,1,0,0,0,22107.0,3,37.30270007,-120.47355989,4
2015,2015-05-16,1511,5,1,15,6,N,A,N,A,H,A,C,02,W,00,F,,,Y,,A,N,N,D,1,0,0,1,23109.0,1,37.29748098,-120.45619839,3
2015,2015-05-30,2123,5,1,21,6,N,A,N,A,H,C,A,07,W,01,C,,,,,D,Y,N,A,2,0,0,0,23152.0,2,37.29774279,-120.48744984,4
2015,2015-05-29,2210,5,1,22,5,Y,A,N,A,H,C,A,01,,01,A,,,,,C,Y,N,A,5,0,0,0,23153.0,3,37.35231995,-120.60265994,3
2015,2015-05-25,1344,5,1,13,1,N,A,N,A,H,A,A,01,S,03,B,,,,,C,N,N,D,1,0,0,0,22350.0,2,37.3398497,-120.59447613,4
2015,2015-05-18,1650,5,1,16,1,Y,A,N,A,H,A,A,01,,03,C,,,,,C,Y,N,D,2,0,0,0,22350.0,2,37.34725998,-120.61329998,4
2015,2015-06-18,540,6,2,5,4,Y,A,N,A,H,A,D,22,,09,D,,,,Y,C,Y,N,D,2,0,0,0,21802.0,2,37.48149994,-120.64882999,4
2015,2015-04-17,2120,4,1,21,5,N,A,Y,A,H,D,A,01,E,08,F,,,,,A,N,N,D,1,0,0,0,22107.0,1,37.34028604,-120.59163489,2
2015,2015-06-06,2215,6,2,22,6,N,A,Y,A,H,D,A,07,S,08,F,,,,,A,Y,N,D,3,0,0,0,22107.0,1,37.33147307,-120.5694768,3
2015,2015-06-07,1155,6,2,11,7,N,A,Y,A,H,A,A,01,N,01,F,,,,,A,Y,N,-,2,0,0,0,23152.0,1,37.39599427,-120.50434827,4
2015,2015-06-14,1818,6,2,18,7,N,A,Y,A,H,A,A,01,N,08,B,,,Y,,C,N,F,D,1,0,0,1,22107.0,2,37.34518767,-120.61513729,3
2015,2015-06-19,1520,6,2,15,5,N,A,Y,A,H,A,A,01,N,03,C,,,,,C,Y,N,D,1,0,0,0,22350.0,2,37.43955347,-120.78635389,3
2015,2015-06-18,1902,6,2,19,4,Y,A,Y,A,H,A,A,01,,03,C,,,,,C,Y,N,D,1,0,0,0,22350.0,2,37.30590502,-120.85127392,4
2015,2015-06-01,105,6,2,1,1,N,A,Y,A,H,D,E,22,N,08,F,,,,,A,Y,N,D,1,0,0,0,22107.0,1,37.26327939,-120.4263785,4
2015,2015-06-03,1827,6,2,18,3,N,B,N,A,H,A,A,01,W,03,D,,,,,E,Y,N,D,1,0,0,0,22350.0,4,37.34418243,-120.60484931,3
2015,2015-06-06,1602,6,2,16,6,Y,A,N,A,H,A,D,22,,12,D,,,,,C,Y,N,A,4,0,0,0,21453.0,2,37.36410993,-120.61386986,3
2015,2015-06-14,24,6,2,0,7,Y,A,N,A,H,C,A,01,,09,D,,,,,C,N,N,A,1,0,0,0,21801.0,2,37.3423099,-120.59594,4
2015,2015-06-03,1308,6,2,13,3,Y,A,N,A,H,A,A,01,,09,D,,,,,C,Y,N,D,6,0,0,0,21800.0,2,37.34992998,-120.61428995,2
2015,2015-06-02,1120,6,2,11,2,Y,A,N,A,H,A,A,01,,03,C,,,,,C,Y,N,A,2,0,0,0,22350.0,3,37.3604199,-120.61387993,3
2015,2015-06-07,220,6,2,2,7,N,A,Y,A,H,D,A,01,N,08,E,,,,,I,Y,N,D,2,0,0,0,22107.0,1,37.05809548,-120.97089085,4
2015,2015-06-07,125,6,2,1,7,N,A,N,A,H,D,A,01,W,01,A,,,,,I,Y,N,D,1,0,0,0,23152.0,1,37.31504,-120.49252057,3
2015,2015-06-06,1300,6,2,13,6,Y,A,Y,A,H,A,A,01,,08,D,,,,,C,Y,N,D,5,0,0,0,22107.0,2,37.17333799,-121.01323493,3
2015,2015-06-01,618,6,2,6,1,N,A,N,A,H,A,D,22,E,09,C,,,,,C,Y,N,D,2,0,0,0,21802.0,2,37.32864155,-120.52176645,4
2015,2015-06-03,1405,6,2,14,3,N,A,Y,A,H,A,G,25,E,03,C,,,,Y,C,N,N,D,1,0,0,0,22350.0,3,37.30209555,-120.61122419,4
2015,2015-06-12,1853,6,2,18,5,N,A,Y,A,H,A,A,01,N,03,C,,,,,C,Y,N,D,1,0,0,0,22350.0,2,37.29665724,-120.4831604,3
2015,2015-05-23,135,5,1,1,6,N,A,N,A,H,D,G,24,E,08,F,,,,Y,A,Y,N,D,1,0,0,0,22107.0,1,37.35043227,-120.96252454,3
2015,2015-05-23,1318,5,1,13,6,N,A,Y,A,H,A,D,22,W,01,F,,,,,A,Y,N,D,1,0,0,0,23152.0,1,37.0841276,-121.10259666,3
2015,2015-06-08,1335,6,2,13,1,N,A,Y,A,H,A,G,25,S,03,F,,,,Y,A,Y,N,A,1,0,0,0,22350.0,1,37.05659249,-120.97033635,3
2015,2015-06-07,500,6,2,5,7,N,A,Y,A,H,B,D,22,E,08,F,,,,,A,Y,N,D,2,0,0,0,22107.0,1,37.05453707,-120.67506488,2
2015,2015-05-27,3,5,1,0,3,N,A,N,A,H,C,A,01,W,03,C,,,,,C,Y,N,D,1,0,0,0,22350.0,2,37.30952085,-120.50979615,4
2015,2015-05-27,540,5,1,5,3,N,A,N,A,H,A,A,01,E,06,C,,,,,C,Y,N,D,1,0,0,0,21750.0,2,37.18548117,-120.42042534,4
2015,2015-05-25,1430,5,1,14,1,Y,A,N,A,H,A,C,02,,08,F,,,Y,,A,N,N,D,1,0,0,1,22107.0,1,37.42660989,-120.75544999,3
2015,2015-05-17,1830,5,1,18,7,N,A,N,A,H,A,A,08,S,01,E,,,,,I,Y,N,D,3,0,0,0,23152.0,1,,,2
2015,2015-05-28,1530,5,1,15,4,Y,A,N,A,H,A,A,01,,08,E,,,,,I,Y,N,D,3,0,0,0,22107.0,1,37.12203005,-120.97802986,2
2015,2015-05-29,2220,5,1,22,5,N,A,Y,A,H,C,A,01,N,07,B,,,,,C,Y,N,D,2,0,0,0,21658.0,2,37.31239996,-120.51480633,3
2015,2015-06-03,1610,6,2,16,3,N,A,Y,A,H,A,A,01,E,01,E,,,,,I,Y,N,D,1,0,0,0,23152.0,1,37.08163181,-121.09310673,4
2015,2015-06-02,1730,6,2,17,2,N,A,Y,A,H,A,A,01,N,08,E,,,,,I,Y,N,D,1,0,0,0,22107.0,1,37.33991295,-120.59741186,3
2015,2015-06-08,1630,6,2,16,1,N,A,Y,A,A,A,A,01,S,08,E,,,,,I,Y,N,D,1,0,0,0,22107.0,1,36.89006832,-120.80181241,4
2015,2015-06-14,1950,6,2,19,7,N,A,Y,A,H,A,A,01,E,08,F,,,,,I,Y,N,D,1,0,0,0,22107.0,1,37.0914751,-121.1570799,3
2015,2015-06-14,948,6,2,9,7,N,A,N,A,H,A,A,01,W,08,E,,,,,I,Y,N,D,1,0,0,0,22107.0,1,37.36044005,-120.7984354,3
2015,2015-06-11,1248,6,2,12,4,Y,A,N,A,H,A,D,22,,09,A,,,,,C,Y,N,D,1,0,0,0,21801.0,3,37.30420006,-120.49089997,4
2015,2015-06-17,755,6,2,7,3,N,A,N,A,H,A,A,08,S,03,C,,,,,C,Y,N,D,3,0,0,0,22350.0,2,37.30007865,-120.49508767,4
2015,2015-06-12,2123,6,2,21,5,N,A,N,A,H,C,A,01,N,09,B,,,,,C,Y,N,D,2,0,0,0,21804.0,2,37.29768001,-120.47638999,4
2015,2015-06-12,1814,6,2,18,5,N,A,Y,A,H,A,A,01,S,04,C,,,,,C,Y,N,A,1,0,0,0,21703.0,2,37.31621855,-120.50502451,4
2015,2015-06-11,1959,6,2,19,4,N,A,N,A,H,A,A,08,S,10,G,Y,,,,B,N,N,D,2,2,0,0,21950.0,3,37.30167497,-120.47411845,3
2015,2015-06-15,1820,6,2,18,1,Y,A,N,A,H,A,A,01,,01,D,,,,Y,C,Y,N,A,2,0,0,0,23152.0,2,37.04218011,-120.87222997,2
2015,2015-06-17,355,6,2,3,3,N,A,Y,A,H,C,A,01,W,08,D,,,,Y,C,Y,N,D,1,0,0,0,22107.0,2,37.08985895,-121.11621149,4
2015,2015-06-25,1110,6,2,11,4,Y,A,N,A,H,A,G,25,,09,H,,,,Y,C,Y,N,A,1,0,0,0,21802.0,2,37.32424004,-120.72388,4
2015,2015-06-21,1135,6,2,11,7,Y,A,N,A,H,A,G,25,,05,B,,,,Y,C,Y,N,D,2,0,0,0,21460.0,2,37.2441901,-120.56058993,3
2015,2015-06-21,1138,6,2,11,7,Y,A,Y,A,H,A,D,22,,09,D,,,,,C,Y,N,D,3,0,0,0,21802.0,2,37.30244869,-120.55960749,2
2015,2015-05-25,205,5,1,2,1,N,A,N,A,H,D,A,01,N,08,E,,,,,I,Y,N,D,1,0,0,0,22107.0,1,37.30972102,-120.57765917,3
2015,2015-05-29,1503,5,1,15,5,N,A,Y,A,H,A,A,07,S,08,B,,,,,C,Y,N,D,2,0,0,0,22107.0,2,37.18258785,-120.32716457,3
2015,2015-06-16,950,6,2,9,2,N,A,Y,A,H,A,N,60,N,11,G,Y,,,,B,N,N,D,1,1,0,0,21954.0,2,37.25096198,-120.85203581,3
2015,2015-06-21,2212,6,2,22,7,N,A,Y,A,H,D,A,07,S,01,E,,,,,I,Y,N,D,1,0,0,0,23152.0,1,37.24501512,-120.85204341,3
2015,2015-06-23,1534,6,2,15,2,N,A,N,A,H,A,A,01,W,08,F,,,,,A,Y,N,D,1,0,0,0,22107.0,1,37.42258682,-120.67153413,3
2015,2015-06-13,1450,6,2,14,6,N,A,Y,A,H,A,A,08,E,04,C,,,,Y,C,Y,N,D,1,0,0,0,21703.0,3,37.05658274,-120.95295942,4
2015,2015-06-23,1502,6,2,15,2,N,A,Y,A,H,A,D,22,N,03,C,,,,,C,N,N,A,1,0,0,0,22350.0,3,37.31767425,-120.50496837,4
2015,2015-06-25,2334,6,2,23,4,Y,A,Y,A,H,C,D,22,,12,D,,,,,D,Y,F,A,2,0,0,0,22450.0,2,37.29571253,-120.48009518,4
2015,2015-06-28,831,6,2,8,7,Y,A,N,A,H,A,A,07,,12,D,,,,,C,Y,N,A,2,0,0,0,21453.0,2,37.3039701,-120.48370985,4
2015,2015-06-22,1709,6,2,17,1,N,A,N,A,H,A,A,01,W,03,C,,,,,C,Y,N,D,1,0,0,0,22350.0,2,37.28811257,-120.4778862,4
2015,2015-06-22,500,6,2,5,1,Y,A,Y,A,H,B,G,26,,09,D,,,,Y,C,Y,N,D,1,0,0,0,21801.0,2,37.05668799,-120.92652391,3
2015,2015-05-28,2126,5,1,21,4,N,A,N,A,H,D,A,01,N,21,G,Y,,,,B,N,F,D,1,1,0,0,22106.0,2,37.29546586,-120.48676192,3
2015,2015-05-19,1119,5,1,11,2,N,A,N,A,H,A,A,01,W,05,A,,,,,C,Y,N,D,2,0,0,0,21650.0,2,37.310145,-120.510828,4
2015,2015-06-26,1836,6,2,18,5,Y,A,N,A,A,A,A,01,,12,D,,,,,C,Y,N,A,1,0,0,0,21453.0,2,37.29808,-120.48170989,4
2015,2015-06-29,1006,6,2,10,1,Y,A,N,A,H,A,A,01,,09,D,,,,,C,Y,N,A,2,0,0,0,21802.0,2,37.29569006,-120.48845989,4
2015,2015-06-14,1400,6,2,14,7,Y,A,N,A,H,A,-,- ,,09,D,,,,,D,Y,N,-,1,0,0,0,21800.0,2,37.32062008,-120.49304986,4
2015,2015-06-24,2500,6,2,25,3,N,A,N,A,C,C,-,- ,E,18,E,,,Y,,I,N,N,D,1,0,0,1,,1,37.31927,-120.4887867,3
2015,2015-06-20,402,6,2,4,6,N,A,N,A,H,C,-,99,N,03,C,,,,,C,N,F,D,1,0,0,0,22350.0,2,37.29703461,-120.50048023,4
2015,2015-06-20,1510,6,2,15,6,Y,A,N,A,H,A,A,08,,03,D,,,,,I,Y,N,D,1,0,0,0,22350.0,3,37.30582009,-120.46624991,3
2015,2015-06-21,1447,6,2,14,7,Y,A,N,A,H,A,-,- ,,12,D,,,,,C,Y,N,A,4,0,0,0,21453.0,2,37.2991501,-120.46397994,3
2015,2015-07-04,920,7,2,9,6,N,A,N,A,A,A,A,01,S,08,H,,,,,A,Y,N,D,1,0,0,0,22107.0,1,,,4
2015,2015-06-27,1819,6,2,18,6,N,B,Y,A,H,A,A,07,S,08,F,,,,,A,Y,N,D,1,0,0,0,22107.0,1,37.05448878,-120.96786595,2
2015,2015-06-24,2310,6,2,23,3,N,A,N,A,H,C,C,02,E,05,D,,Y,Y,,G,N,F,D,2,0,2,0,21460.0,3,37.04805262,-120.62921496,3
2015,2015-06-20,125,6,2,1,6,N,A,Y,A,H,E,A,01,S,03,C,,,,,C,Y,N,-,2,0,0,0,22350.0,3,37.05640293,-120.9693132,4
2015,2015-06-23,2125,6,2,21,2,N,A,N,A,H,D,A,07,N,08,E,,,,,I,Y,N,D,1,0,0,0,22107.0,1,37.03772962,-120.81811426,4
2015,2015-06-30,1400,6,2,14,2,N,A,Y,A,H,A,D,22,N,08,F,,,,,A,Y,N,D,1,0,0,0,22107.0,1,36.96745251,-120.88604248,4
2015,2015-06-26,2153,6,2,21,5,N,A,N,A,H,C,A,01,E,01,A,,,,,C,Y,N,D,2,0,0,0,23153.0,2,37.34983,-120.59591,4
2015,2015-06-08,1450,6,2,14,1,N,A,Y,A,H,A,A,01,S,08,B,,,,Y,C,Y,M,D,1,0,0,0,22107.0,2,37.33352784,-120.57431171,3
2015,2015-06-21,1736,6,2,17,7,Y,A,N,A,H,A,A,01,,09,D,,,,,C,Y,M,D,1,0,0,0,21801.0,3,37.39666,-120.61333994,4
2015,2015-06-18,1041,6,2,10,4,N,A,N,A,H,A,A,01,,09,D,,,,,C,Y,N,A,2,0,0,0,21801.0,2,37.34982989,-120.59590993,3
2015,2015-06-26,1840,6,2,18,5,Y,A,Y,A,H,A,D,22,,01,D,,,,,C,Y,N,A,3,0,0,0,23152.0,2,37.36095993,-120.50338464,4
2015,2015-07-08,1015,7,2,10,3,Y,A,N,A,H,A,A,01,,03,E,,,,,I,Y,N,D,1,0,0,0,22350.0,1,37.33208991,-120.37838989,4
2015,2015-06-29,1235,6,2,12,1,N,A,N,A,H,A,A,01,S,07,B,,,,,C,Y,N,D,1,0,0,0,21658.0,2,37.32541826,-120.51660145,4
2015,2015-06-29,429,6,2,4,1,N,A,N,A,H,D,A,01,W,03,C,,,,,C,N,N,D,1,0,0,0,22350.0,2,37.28830446,-120.34489412,4
2015,2015-06-27,445,6,2,4,6,N,A,N,A,H,B,A,01,S,03,C,,,,,C,N,N,-,2,0,0,0,22350.0,2,37.38940509,-120.59527079,4
2015,2015-06-16,1016,6,2,10,2,N,A,N,A,H,A,A,01,S,09,B,,,,,C,N,N,D,1,0,0,0,21804.0,2,37.35915437,-120.57664755,4
2015,2015-06-24,1230,6,2,12,3,Y,A,N,A,H,A,A,01,,09,D,,,,,C,N,N,D,1,0,0,0,21801.0,2,37.34982989,-120.59590993,4
2015,2015-06-17,1947,6,2,19,3,Y,A,N,A,H,A,A,01,,03,C,,,,,C,N,N,D,1,0,0,0,22350.0,2,37.33964989,-120.58772993,4
2015,2015-07-01,1730,7,2,17,3,N,B,N,A,H,A,A,07,N,08,E,,,,,I,Y,N,D,1,0,0,0,22107.0,1,37.35182228,-120.96180273,4
2015,2015-07-04,1320,7,2,13,6,N,A,Y,A,H,A,A,07,W,08,E,,,,,I,Y,N,D,1,0,0,0,22107.0,1,37.0640263,-121.06295937,3