ACCIDENT_YEAR,COLLISION_DATE,COLLISION_TIME,MONTH,SEASON,24HOURS,DAY_OF_WEEK,INTERSECTION,WEATHER_1,STATE_HWY_IND,ROAD_SURFACE,ROAD_COND_1,LIGHTING,STWD_VEHTYPE_AT_FAULT,CHP_VEHTYPE_AT_FAULT,DIRECTION,PCF_VIOL_CATEGORY,TYPE_OF_COLLISION,PEDESTRIAN_ACCIDENT,BICYCLE_ACCIDENT,MOTORCYCLE_ACCIDENT,TRUCK_ACCIDENT,MVIW,TOW_AWAY,HIT_AND_RUN,CONTROL_DEVICE,NUMBER_INJURED,COUNT_PED_INJURED,COUNT_BICYCLIST_INJURED,COUNT_MC_INJURED,PCF_VIOLATION,PARTY_COUNT,POINT_Y,POINT_X,COLLISION_SEVERITY
2016,2016-04-01,1000,4,1,10,5,N,A,N,A,H,A,D,22,N,09,H,,Y,,,G,N,N,A,1,0,1,0,21804.0,2,37.30580243,-120.4918327,4
2016,2016-04-04,1930,4,1,19,1,Y,A,Y,A,H,E,-,- ,,12,D,,,,,C,Y,N,A,1,0,0,0,21453.0,2,37.30023434,-120.49232646,4
2016,2016-04-03,1436,4,1,14,7,Y,A,N,A,H,A,A,01,,12,D,,,Y,,C,Y,N,A,1,0,0,1,21453.0,2,37.30579011,-120.49183986,4
2016,2016-04-02,1429,4,1,14,6,N,A,N,A,H,A,A,01,S,03,E,,,,,I,Y,N,D,1,0,0,0,22350.0,1,37.33835763,-120.45087864,4
2016,2016-03-29,115,3,1,1,2,N,A,N,A,H,C,-,,S,03,E,,,,,I,Y,N,D,1,0,0,0,22350.0,1,37.27721,-120.48213,4
2016,2016-04-21,1817,4,1,18,4,N,A,N,A,H,A,A,08,S,03,C,,,,,C,Y,N,D,3,0,0,0,22350.0,2,37.28727544,-120.45162266,3
2016,2016-04-20,1624,4,1,16,3,N,A,N,A,H,A,A,01,W,03,C,,,,,C,Y,N,D,1,0,0,0,22350.0,2,37.28052083,-120.44420184,4
2016,2016-04-20,1126,4,1,11,3,N,A,N,A,H,A,L,04,S,05,H,,Y,,,G,N,N,D,1,0,1,0,21650.0,2,37.30449954,-120.49980827,4
2016,2016-04-17,1228,4,1,12,7,Y,A,N,A,H,A,A,01,,08,D,,,,,C,Y,N,D,3,0,0,0,22107.0,2,37.3031901,-120.49146,3
2016,2016-04-13,1133,4,1,11,3,Y,A,N,A,H,A,A,01,,17,A,,,,,C,Y,N,A,1,0,0,0,21451.0,2,37.28817001,-120.48189986,4
2016,2016-04-14,1223,4,1,12,4,N,A,N,A,H,A,A,01,E,08,B,,,,,C,Y,N,A,1,0,0,0,22100.0,2,37.30203498,-120.48481573,4
2016,2016-04-14,1609,4,1,16,4,N,A,N,A,H,A,A,01,S,03,C,,,,,C,N,N,A,3,0,0,0,22350.0,3,37.29895952,-120.48113335,4
2016,2016-04-11,1124,4,1,11,1,Y,A,N,A,H,A,D,22,,12,D,,,,,C,Y,N,A,1,0,0,0,22450.0,2,37.2944,-120.4782999,4
2016,2016-04-11,1013,4,1,10,1,Y,B,N,A,H,A,D,22,,17,-,,Y,,,G,N,N,A,1,0,1,0,21451.0,2,37.30476009,-120.49242999,4
2016,2016-04-21,2059,4,1,20,4,N,A,N,A,H,D,D,22,E,01,C,,,,,E,Y,N,D,1,0,0,0,23152.0,2,37.3157371,-120.45249466,3
2016,2016-04-07,1046,4,1,10,4,N,A,Y,A,H,A,A,01,W,08,-,,,,,C,Y,N,D,3,0,0,0,22107.0,2,37.24604742,-121.07465892,4
2016,2016-04-06,1208,4,1,12,3,N,A,N,A,H,A,A,07,E,03,-,,,,,C,Y,N,A,1,0,0,0,22350.0,2,37.33183441,-120.50316491,4
2016,2016-04-11,1052,4,1,10,1,N,A,Y,A,H,A,A,01,W,08,D,,,,,C,N,N,D,1,0,0,0,22100.0,2,37.30270991,-120.50803523,4
2016,2016-04-11,1342,4,1,13,1,N,A,N,A,H,A,A,01,S,09,D,,,,,C,N,N,A,3,0,0,0,21802.0,2,37.29702004,-120.48225995,4
2016,2016-04-16,727,4,1,7,6,Y,A,N,A,H,A,-,- ,,00,D,,,,,C,Y,N,A,5,0,0,0,,2,37.30347011,-120.50041991,2
2016,2016-04-05,1848,4,1,18,2,N,A,N,A,G,A,A,07,W,21,C,,,,,C,N,N,A,3,0,0,0,22106.0,2,37.310158,-120.469626,4
2016,2016-04-06,31,4,1,0,3,Y,A,N,A,H,C,A,01,,08,E,,,,,I,Y,N,D,1,0,0,0,22107.0,1,37.316339,-120.512543,3
2016,2016-04-07,826,4,1,8,4,Y,B,N,A,H,A,A,08,,09,D,,,,,C,Y,N,A,1,0,0,0,21801.0,2,37.32637006,-120.48683993,4
2016,2016-04-09,20,4,1,0,6,Y,C,N,B,H,C,A,01,,03,C,,,,,C,Y,M,A,1,0,0,0,22350.0,2,37.29968001,-120.47525987,3
2016,2016-04-11,1048,4,1,10,1,Y,B,N,A,H,A,-,- ,,00,A,,,,,A,Y,N,A,1,0,0,0,,2,37.30476009,-120.49242999,4
2016,2016-03-16,1018,3,1,10,3,N,A,N,A,H,A,L,04,E,12,A,,Y,,,G,N,N,A,1,0,1,0,21453.0,2,,,4
2016,2016-05-01,1556,5,1,15,7,Y,A,N,A,H,A,A,01,,09,A,,,,,C,Y,N,D,2,0,0,0,21804.0,2,37.34533996,-120.60748994,3
2016,2016-04-30,2305,4,1,23,6,Y,A,N,A,H,C,A,01,,08,H,,,,,E,Y,N,D,1,0,0,0,22107.0,2,37.35764997,-120.59353,2
2016,2016-04-23,1223,4,1,12,6,N,A,N,A,H,A,A,01,N,10,G,Y,,,,B,N,N,D,1,1,0,0,21952.0,2,37.3606944,-120.61389286,4
2016,2016-04-16,1804,4,1,18,6,Y,A,N,A,H,A,A,07,,08,D,,Y,,,G,N,F,A,1,0,1,0,22107.0,2,37.3498,-120.58890993,4
2016,2016-04-29,2110,4,1,21,5,Y,A,N,A,H,C,A,01,,03,C,,,,,C,N,F,A,1,0,0,0,22350.0,2,37.3457599,-120.61256987,4
2016,2016-04-29,1236,4,1,12,5,Y,A,N,A,H,A,A,01,,03,C,,,,,C,N,N,A,2,0,0,0,22350.0,2,37.3499399,-120.60469,4
2016,2016-04-29,1426,4,1,14,5,Y,A,N,A,D,A,D,22,,09,A,,,,,C,Y,N,A,1,0,0,0,21802.0,2,37.34430988,-120.60519994,4
2016,2016-03-27,1414,3,1,14,7,N,A,N,A,H,A,-,- ,S,18,E,,,Y,,I,N,N,D,1,0,0,1,,1,37.30842537,-120.47014883,4
2016,2016-05-04,1216,5,1,12,3,Y,A,N,A,H,A,D,22,,01,A,,,,,C,Y,N,D,2,0,0,0,23152.0,2,37.2882001,-120.50199,3
2016,2016-05-02,1949,5,1,19,1,Y,A,N,A,H,A,A,07,,10,G,Y,,,,B,N,N,A,1,1,0,0,21950.0,2,37.28823,-120.49461997,4
2016,2016-05-01,1154,5,1,11,7,Y,A,N,A,H,A,-,99,,10,G,Y,,,,B,N,F,D,1,1,0,0,21950.0,2,37.29155011,-120.45556998,4
2016,2016-05-09,2108,5,1,21,1,N,A,N,A,H,C,A,01,S,01,B,,,,,C,Y,N,A,2,0,0,0,23153.0,2,37.29864236,-120.47585091,4
2016,2016-05-02,1724,5,1,17,1,N,A,N,A,H,A,D,22,N,10,D,Y,,,,B,N,N,-,1,1,0,0,21950.0,2,37.30477342,-120.49583938,4
2016,2016-05-04,1542,5,1,15,3,N,A,Y,A,H,A,A,01,N,03,C,,,,,C,Y,N,A,2,0,0,0,22350.0,3,37.32077575,-120.50487783,3
2016,2016-04-12,1955,4,1,19,2,Y,A,N,A,H,B,N,60,,11,G,Y,,,,B,Y,N,A,1,1,0,0,21950.0,2,37.30347011,-120.50041991,3
2016,2016-04-29,1557,4,1,15,5,Y,A,N,A,H,A,A,08,,03,D,,,,,C,Y,N,D,1,0,0,0,22350.0,2,37.29637007,-120.4936,3
2016,2016-04-28,749,4,1,7,4,Y,A,N,A,H,A,A,07,,10,-,Y,,,,B,N,N,A,2,2,0,0,21950.0,4,37.30763007,-120.47062989,3
2016,2016-04-27,1326,4,1,13,3,N,B,N,A,H,A,A,01,N,03,C,,,,,C,Y,N,A,3,0,0,0,22350.0,2,37.3268006,-120.46912891,3
2016,2016-04-26,1133,4,1,11,2,N,A,N,A,H,A,A,01,N,03,C,,,,,C,Y,N,A,2,0,0,0,22350.0,2,37.34312695,-120.47826792,4
2016,2016-05-04,744,5,1,7,3,N,B,N,A,H,A,A,07,E,03,C,,,,,C,N,N,A,1,0,0,0,22350.0,2,37.29601004,-120.48273512,4
2016,2016-05-06,1142,5,1,11,5,Y,C,N,B,H,A,A,01,,17,A,,,,,C,N,N,A,1,0,0,0,21461.0,2,37.34982989,-120.59590993,4
2016,2016-05-06,1250,5,1,12,5,N,C,N,B,H,A,A,07,W,21,C,,,,,C,N,N,A,2,0,0,0,22106.0,3,37.34695,-120.61201439,4
2016,2016-05-04,1819,5,1,18,3,N,A,N,A,H,A,A,01,E,08,C,,,,,E,Y,N,A,1,0,0,0,22107.0,2,37.35121739,-120.61943731,3
2016,2016-05-05,753,5,1,7,4,N,B,N,A,H,A,A,01,E,08,H,,,,,E,Y,N,D,1,0,0,0,22107.0,2,37.32629625,-120.48229503,4
2016,2016-05-04,1932,5,1,19,3,Y,A,N,A,H,B,D,22,,17,-,,,,,C,Y,N,A,5,0,0,0,21451.0,2,37.29286011,-120.47008989,3
2016,2016-05-18,1340,5,1,13,3,N,A,Y,A,H,A,A,01,N,03,C,,,,,C,Y,N,D,1,0,0,0,22350.0,3,37.31127641,-120.50517016,3
2016,2016-05-19,1000,5,1,10,4,Y,A,Y,A,H,A,A,01,,09,D,,,,,C,Y,N,A,1,0,0,0,21802.0,2,37.2910274,-120.48569409,3
2016,2016-05-04,1537,5,1,15,3,Y,A,N,A,H,A,A,01,,05,D,,,,,C,Y,N,D,3,0,0,0,21752.0,2,37.29955009,-120.49900998,4
2016,2016-05-19,1217,5,1,12,4,Y,A,N,A,H,A,A,01,,12,D,,,,,C,Y,N,A,1,0,0,0,21453.0,2,37.30270007,-120.47355989,4
2016,2016-05-08,1705,5,1,17,7,N,A,N,A,H,A,M,94,E,09,A,,,,,J,N,N,D,1,0,0,0,21804.0,2,37.27838,-120.49089242,3
2016,2016-05-06,2023,5,1,20,5,N,A,N,A,H,C,A,07,S,09,-,,,,,C,Y,N,A,1,0,0,0,21804.0,2,37.33122223,-120.46906596,4
2016,2016-04-30,2326,4,1,23,6,Y,A,N,A,H,C,-,- ,,18,D,,,,,I,Y,N,D,1,0,0,0,,1,37.28821003,-120.50008998,4
2016,2016-05-07,426,5,1,4,6,N,A,N,A,H,D,A,01,N,03,B,,,,,I,N,N,D,1,0,0,0,22350.0,1,37.2809696,-120.44717464,4
2016,2016-04-20,1855,4,1,18,3,Y,A,N,A,H,A,J,48,,22,D,,,,,C,N,N,A,1,0,0,0,,2,37.29808,-120.48170989,4
2015,2015-11-26,2017,11,3,20,4,Y,A,N,A,H,C,J,48,,10,B,Y,,,,B,N,N,A,1,1,0,0,21950.0,2,37.06689003,-120.84181989,3
2016,2016-05-18,1354,5,1,13,3,-,A,N,A,H,A,D,22,S,03,C,,,,,C,N,N,A,1,0,0,0,22350.0,2,37.31730464,-120.46944,4
2016,2016-05-24,1336,5,1,13,2,N,B,N,A,H,A,A,01,W,08,D,,,,,C,Y,N,D,1,0,0,0,22107.0,3,37.28819066,-120.50370825,4
2016,2016-06-04,1729,6,2,17,6,N,A,Y,A,H,A,C,02,N,01,A,,,Y,,C,Y,N,D,1,0,0,1,23152.0,2,37.30845606,-120.50491749,3
2016,2016-05-12,1515,5,1,15,4,Y,A,Y,A,H,A,A,01,,09,D,,,,,C,Y,N,A,1,0,0,0,21802.0,2,37.29400504,-120.46663186,4
2016,2016-05-25,1430,5,1,14,3,Y,A,N,A,H,B,-,99,,04,C,,,,,C,N,N,D,1,0,0,0,21703.0,2,37.29270007,-120.49015987,4
2016,2016-05-24,1522,5,1,15,2,Y,A,N,A,H,A,A,01,,21,D,,Y,,,G,N,N,A,1,0,1,0,22106.0,2,37.31275,-120.48780995,4
2016,2016-05-24,747,5,1,7,2,Y,A,N,A,H,A,A,01,,10,G,Y,,,,B,N,N,A,1,1,0,0,21950.0,2,37.31526001,-120.46945988,4
2016,2016-05-18,758,5,1,7,3,N,F,N,A,H,-,-,- ,W,- ,-,,,,,H,Y,N,A,1,0,0,0,,1,,,3
2016,2016-05-18,745,5,1,7,3,N,A,N,A,H,A,A,08,N,08,H,,,,,J,N,N,D,1,0,0,0,22107.0,1,37.32645001,-120.46340326,4
2016,2016-05-16,758,5,1,7,1,Y,A,N,A,H,A,-,- ,,18,B,,,,,C,Y,N,D,3,0,0,0,,4,37.33210996,-120.47844994,3
2016,2016-05-17,1822,5,1,18,2,Y,A,N,A,H,A,D,22,,12,D,,,,,C,Y,N,A,1,0,0,0,22450.0,2,37.34492989,-120.60370986,4
2016,2016-05-28,1355,5,1,13,6,Y,A,N,A,H,A,A,07,,12,D,,,,,C,Y,N,A,2,0,0,0,21453.0,2,37.36050991,-120.57663994,4
2015,2015-12-15,1522,12,4,15,2,N,A,Y,A,H,A,-,99,,04,C,,,,,C,N,M,A,1,0,0,0,21703.0,2,37.39313208,-120.73910834,4
2015,2015-12-31,1035,12,4,10,4,N,A,N,A,H,A,A,01,N,08,B,,,,,C,Y,N,D,1,0,0,0,22107.0,2,37.386791,-120.71238537,3
2015,2015-10-29,1826,10,3,18,4,N,A,N,A,H,B,C,02,E,06,B,,,Y,Y,C,N,N,D,1,0,0,1,21755.0,2,37.38825,-120.73711,4
2016,2016-05-19,1504,5,1,15,4,N,A,N,A,H,A,C,02,E,03,C,,,Y,,C,Y,N,D,1,0,0,1,22350.0,2,37.34949995,-120.57507991,4
2016,2016-05-23,1435,5,1,14,1,Y,A,N,A,H,A,A,01,,03,C,,,,,C,Y,N,D,1,0,0,0,22350.0,2,37.35253,-120.62766998,4
2016,2016-05-28,2026,5,1,20,6,Y,A,N,A,H,B,A,01,,12,F,,,,,C,Y,N,A,1,0,0,0,21453.0,2,37.36289989,-120.57662987,4
2016,2016-06-16,916,6,2,9,4,N,A,N,A,H,A,D,22,W,21,D,,,,,C,N,N,A,1,0,0,0,22106.0,2,37.31849,-120.44482254,4
2016,2016-06-13,1921,6,2,19,1,Y,A,N,A,H,A,A,01,,12,D,,,,,C,Y,N,A,1,0,0,0,21453.0,2,37.30201004,-120.48482999,3
2016,2016-06-10,721,6,2,7,5,Y,A,N,A,H,A,A,01,,09,D,,,,,C,Y,N,A,1,0,0,0,21801.0,2,37.29968001,-120.47525987,4
2016,2016-06-02,1758,6,2,17,4,N,A,N,A,H,A,A,01,N,03,D,,,,Y,C,N,N,D,1,0,0,0,22350.0,2,37.30822,-120.48128785,4
2016,2016-06-21,1002,6,2,10,2,Y,A,Y,A,H,A,A,07,,08,B,,,,,C,Y,N,A,1,0,0,0,22101.0,2,37.29990647,-120.49201533,4
2016,2016-06-09,831,6,2,8,4,Y,A,N,A,H,A,A,01,,09,A,,,,,C,Y,N,A,2,0,0,0,21801.0,2,37.30477001,-120.49582993,3
2016,2016-06-10,1507,6,2,15,5,Y,B,N,A,H,A,A,08,,03,C,,,,,C,N,N,A,1,0,0,0,22350.0,2,37.30154001,-120.48695991,4
2016,2016-06-21,1555,6,2,15,2,Y,A,N,A,H,A,L,04,,05,B,,Y,,,G,N,N,A,1,0,1,0,21650.0,2,37.32270006,-120.47838989,4
2016,2016-06-01,1832,6,2,18,3,Y,A,N,A,H,A,A,01,,12,D,,,,,C,N,N,A,2,0,0,0,22450.0,2,37.28051003,-120.43917998,4
2016,2016-06-14,1856,6,2,18,2,N,A,N,A,H,A,A,07,E,01,F,,,,,J,Y,N,D,1,0,0,0,23152.0,1,37.27354717,-120.40120318,4
2015,2015-11-18,1335,11,3,13,3,N,A,N,A,H,A,A,01,S,10,G,,,,,B,N,N,A,1,0,0,0,21950.0,1,37.38599352,-120.72328,4
2015,2015-11-26,1305,11,3,13,4,N,A,N,A,H,A,A,01,,09,A,,,,,C,N,N,D,1,0,0,0,21804.0,2,37.38595998,-120.72213997,4
2015,2015-10-17,630,10,3,6,6,N,A,N,A,H,B,A,01,E,08,B,Y,,,,E,N,F,D,1,1,0,0,22107.0,2,37.38218873,-120.71807009,4
2015,2015-09-29,1524,9,3,15,2,N,B,N,A,H,A,A,01,E,09,H,,,,,D,N,N,A,1,0,0,0,21800.0,2,37.38825,-120.73711,4
2015,2015-09-28,1900,9,3,19,1,N,A,N,A,H,C,A,01,E,03,E,,,,,J,Y,N,A,1,0,0,0,22350.0,1,37.37821,-120.70992312,4
2016,2016-05-28,1725,5,1,17,6,Y,A,Y,A,H,A,D,23,,12,D,,,,,C,Y,N,A,3,0,0,0,21453.0,2,37.3033317,-120.50049059,3
2016,2016-06-01,1800,6,2,18,3,N,A,N,A,H,A,A,01,E,03,C,,,,,C,N,N,A,1,0,0,0,22350.0,2,37.30370828,-120.49290483,4
2016,2016-06-01,2240,6,2,22,3,Y,A,Y,A,H,C,-,- ,,12,D,,,,,C,Y,N,A,1,0,0,0,21453.0,2,37.31909958,-120.50492588,3
2016,2016-06-03,634,6,2,6,5,Y,A,N,A,H,A,D,22,,09,B,,Y,,,G,N,N,A,1,0,1,0,21801.0,2,37.3263501,-120.50300996,2
2016,2016-05-26,1529,5,1,15,4,Y,A,N,A,H,A,A,01,,08,A,,,,,C,Y,N,A,1,0,0,0,22107.0,2,37.28077003,-120.47791995,4
2016,2016-05-27,1530,5,1,15,5,N,A,N,A,H,A,D,22,S,21,C,,,,,C,N,N,D,2,0,0,0,22106.0,2,37.31923,-120.49499,4
2016,2016-05-30,1953,5,1,19,1,N,A,N,A,H,A,N,60,E,03,G,Y,,,,B,N,N,D,1,1,0,0,22350.0,2,37.29938363,-120.49523673,3
2016,2016-05-26,1034,5,1,10,4,N,A,N,A,H,A,A,01,E,09,D,,,,,C,N,N,D,1,0,0,0,21804.0,2,37.31916828,-120.50375675,4
2016,2016-06-08,1613,6,2,16,3,N,A,N,A,H,A,A,01,N,12,D,,,,,C,Y,N,A,1,0,0,0,21453.0,2,37.29604008,-120.48281991,4
2016,2016-06-08,1216,6,2,12,3,N,A,N,-,H,A,-,,S,03,-,,,,,C,N,N,A,1,0,0,0,22350.0,2,37.33127165,-120.46906508,4
2016,2016-06-07,1249,6,2,12,2,N,A,N,A,H,A,-,- ,N,18,E,,,,,I,Y,N,D,3,0,0,0,,1,37.29542436,-120.44845335,3
2016,2016-06-06,1709,6,2,17,1,Y,A,N,A,H,A,A,07,,12,D,,,,,C,Y,N,A,2,0,0,0,22450.0,2,37.30388,-120.48010996,3
2016,2016-06-04,1910,6,2,19,6,Y,A,N,A,B,A,C,02,,03,H,,,Y,,-,N,N,A,1,0,0,1,22350.0,1,37.31141006,-120.49399987,3
2016,2016-06-04,1719,6,2,17,6,Y,A,N,A,H,A,A,01,,08,B,,,,,C,Y,N,A,1,0,0,0,22107.0,2,37.32637006,-120.48683993,4
2016,2016-02-07,1828,2,4,18,7,N,A,N,A,H,C,A,01,S,01,C,,,,,E,Y,N,D,1,0,0,0,23152.0,3,37.38955,-120.71465,3
2016,2016-02-20,1717,2,4,17,6,N,A,N,A,H,A,A,01,S,10,G,Y,,,,B,N,N,A,2,2,0,0,21950.0,3,37.390034,-120.720941,2
2016,2016-02-01,1135,2,4,11,1,N,A,N,A,H,A,A,01,S,03,C,,,,,C,N,N,A,1,0,0,0,22350.0,2,37.39177688,-120.73606115,4
2016,2016-02-02,1351,2,4,13,2,Y,A,N,A,H,A,A,01,,10,D,,,,,C,Y,N,A,2,0,0,0,21963.0,2,37.3822299,-120.72108988,4
2016,2016-03-12,700,3,1,7,6,N,A,N,A,H,A,A,01,E,09,D,,,,,C,Y,N,A,2,0,0,0,21802.0,2,37.38156796,-120.70504788,4
2016,2016-01-17,300,1,4,3,7,N,A,N,A,H,C,A,01,S,01,C,,,,,E,Y,N,D,1,0,0,0,23152.0,3,37.37732512,-120.72908612,3
2016,2016-03-21,1728,3,1,17,1,Y,A,N,A,H,A,A,01,,09,H,,,,,C,N,N,D,3,0,0,0,21801.0,2,37.38952996,-120.7156999,3
2015,2015-11-16,728,11,3,7,1,Y,A,N,A,H,A,A,01,,09,D,,,,,C,Y,N,A,1,0,0,0,21802.0,2,37.06095004,-120.81498988,4
2015,2015-11-18,1728,11,3,17,3,Y,A,N,A,H,B,A,01,,09,D,,,,,C,N,N,A,1,0,0,0,21802.0,2,37.07902008,-120.84695992,4
2015,2015-11-21,1847,11,3,18,6,N,A,Y,A,H,C,A,08,S,09,D,,,,,C,Y,N,A,1,0,0,0,21802.0,2,37.05615621,-120.83538234,3
2015,2015-12-02,1532,12,4,15,3,N,A,N,-,H,A,A,01,N,04,C,,,,,C,Y,N,A,2,0,0,0,21703.0,2,37.06188886,-120.83528813,4
2015,2015-12-21,934,12,4,9,1,N,A,Y,A,H,A,A,01,W,01,C,,,,,C,Y,F,A,4,0,0,0,23152.0,3,37.05688409,-120.85432651,4
2015,2015-11-01,30,11,3,0,7,N,A,Y,A,H,C,A,01,E,01,E,,,,,I,Y,N,D,2,0,0,0,23152.0,2,37.05919574,-120.83532478,3
2015,2015-11-09,1325,11,3,13,1,Y,B,Y,B,H,A,A,07,,09,D,,,,,C,Y,N,A,2,0,0,0,21802.0,2,37.063907,-120.83524589,4
2015,2015-12-04,2035,12,4,20,5,Y,A,N,A,H,C,A,01,,01,D,,,,,C,Y,N,A,2,0,0,0,23152.0,2,37.06127007,-120.8514399,4
2016,2016-01-14,842,1,4,8,4,Y,B,N,A,H,A,A,01,,01,A,,,,,C,N,M,D,1,0,0,0,23152.0,3,37.38215993,-120.71643992,4
2015,2015-12-23,941,12,4,9,3,N,A,Y,A,H,A,L,04,E,09,D,,Y,,,G,N,N,A,1,0,1,0,21804.0,2,37.05702918,-120.82483048,4
2015,2015-12-18,1204,12,4,12,5,Y,A,N,A,H,A,D,22,,12,D,,,,,C,Y,N,A,2,0,0,0,22450.0,2,37.06920012,-120.83805992,4
2015,2015-12-17,1037,12,4,10,4,Y,-,N,A,H,A,A,01,,09,D,,,,,C,N,N,A,1,0,0,0,21802.0,2,37.06127007,-120.8514399,4
2015,2015-12-06,907,12,4,9,7,N,A,Y,A,H,A,A,01,W,03,C,,,,,C,Y,N,A,1,0,0,0,22350.0,2,37.05698946,-120.82936888,4
2015,2015-12-02,1239,12,4,12,3,N,A,N,A,H,A,D,22,W,03,C,,,,,C,Y,N,D,2,0,0,0,22350.0,2,37.0617142,-120.84370428,4
2015,2015-11-09,1815,11,3,18,1,N,A,Y,A,H,C,A,01,N,08,D,,,,,C,N,N,D,1,0,0,0,22107.0,2,37.05677675,-120.87835568,4
2015,2015-11-09,1531,11,3,15,1,N,C,Y,B,H,A,-,- ,E,00,C,,,,,C,Y,N,D,1,0,0,0,,2,37.05698528,-120.81888399,4
2015,2015-11-09,1437,11,3,14,1,Y,A,Y,A,H,A,D,22,,09,D,,,,,C,N,N,D,1,0,0,0,21801.0,2,37.05691634,-120.84042122,3
2016,2016-06-06,745,6,2,7,1,N,A,N,A,H,A,-,,W,09,D,,,,,D,Y,N,A,1,0,0,0,21802.0,2,37.25607032,-120.99965346,4
2016,2016-06-25,1903,6,2,19,6,N,A,N,A,H,A,L,04,W,08,C,,Y,,,G,N,N,D,1,0,1,0,22107.0,2,37.31848,-120.45979189,3
2016,2016-06-18,1120,6,2,11,6,N,A,N,A,H,A,A,07,S,03,C,,,,,E,Y,F,D,1,0,0,0,22350.0,2,37.28803621,-120.49470721,4
2016,2016-06-29,1031,6,2,10,3,N,A,N,A,H,A,A,01,E,03,C,,,,,C,Y,N,A,1,0,0,0,22350.0,2,37.3193,-120.48678749,4
2016,2016-06-28,1717,6,2,17,2,Y,A,Y,A,H,A,-,- ,,04,C,,,,,C,N,F,A,1,0,0,0,21703.0,2,37.31892762,-120.50493081,3
2016,2016-06-27,1502,6,2,15,1,N,A,N,A,H,A,A,01,E,03,C,,,,,C,Y,N,A,1,0,0,0,22350.0,2,37.33208998,-120.49520995,4
2016,2016-06-25,148,6,2,1,6,N,A,N,A,H,C,C,02,S,03,E,,,Y,,I,Y,N,D,1,0,0,1,22350.0,1,37.29326531,-120.46483013,3
2016,2016-06-23,1204,6,2,12,4,Y,A,N,A,H,A,L,04,,05,D,,Y,,,G,N,N,A,1,0,1,0,21650.0,2,37.29604008,-120.48281991,3
2016,2016-06-21,2043,6,2,20,2,N,A,N,A,H,B,A,07,W,08,C,,,,,E,Y,M,A,1,0,0,0,22107.0,2,37.29850269,-120.49621058,4
2016,2016-06-26,136,6,2,1,7,N,A,N,A,H,A,A,08,E,01,E,,,,,I,Y,N,A,2,0,0,0,23152.0,1,37.30571294,-120.49500753,3
2016,2016-05-21,58,5,1,0,6,N,A,N,A,H,D,A,01,S,01,A,,,,,E,Y,M,D,1,0,0,0,23152.0,3,37.29631967,-120.46562782,3
2016,2016-07-14,1115,7,2,11,4,Y,A,Y,A,H,A,A,01,,09,D,,,,,C,Y,N,D,2,0,0,0,21802.0,2,37.29515385,-120.4152433,4
2016,2016-06-21,2131,6,2,21,2,Y,A,N,A,H,C,C,02,,03,H,,,Y,,J,Y,N,D,1,0,0,1,22350.0,2,37.30113008,-120.46285996,2
2016,2016-07-14,2042,7,2,20,4,Y,A,N,A,H,C,A,01,,08,E,,,,,I,Y,F,D,1,0,0,0,22107.0,2,37.31938001,-120.47669987,4
2016,2016-07-17,717,7,2,7,7,Y,A,Y,A,H,A,A,01,,12,D,,,,,C,Y,N,A,1,0,0,0,22450.0,2,37.30828604,-120.50484987,4
2016,2016-07-18,1740,7,2,17,1,N,A,N,A,H,A,A,01,E,21,B,,,Y,,C,N,N,D,1,0,0,1,22106.0,2,37.30538963,-120.48423716,3
2016,2016-07-19,1215,7,2,12,2,N,A,N,A,H,A,A,07,N,03,C,,,,,C,N,N,D,2,0,0,0,22350.0,2,37.31209651,-120.47902323,4
2016,2016-07-19,1753,7,2,17,2,N,A,N,A,H,A,A,01,N,03,C,,,,,C,N,N,D,1,0,0,0,22350.0,2,37.29890222,-120.4957781,4
2016,2016-07-25,1825,7,2,18,1,N,A,Y,A,H,A,A,01,E,09,D,,,,,C,Y,F,A,2,0,0,0,21802.0,2,37.26023567,-120.99472942,3
2016,2016-06-01,1701,6,2,17,3,Y,A,N,A,H,A,A,01,,03,C,,,,,C,Y,N,A,1,0,0,0,22350.0,2,37.35766997,-120.59582989,4
2016,2016-06-01,911,6,2,9,3,Y,A,N,A,H,A,A,01,,10,G,Y,,,,B,N,N,-,1,1,0,0,21950.0,2,37.34284994,-120.61427994,4
2016,2016-06-01,753,6,2,7,3,Y,A,N,A,H,A,A,01,,08,B,,,,,C,N,N,A,1,0,0,0,22107.0,2,37.36045996,-120.59580987,4
2016,2016-06-30,1311,6,2,13,4,N,A,N,A,H,A,L,04,S,05,D,,Y,,,G,N,M,D,1,0,1,0,21650.0,2,37.35762607,-120.59583046,4
2016,2016-06-13,1827,6,2,18,1,N,A,N,A,H,A,A,01,E,10,G,Y,,,,B,N,N,A,1,1,0,0,21950.0,2,37.36048,-120.5912256,4
2016,2016-06-14,2103,6,2,21,2,Y,A,N,A,C,C,A,01,,01,C,Y,,,,B,Y,N,A,2,2,0,0,23153.0,5,37.31854007,-120.46943992,2
2016,2016-07-06,1400,7,2,14,3,N,A,N,A,H,A,D,22,N,08,F,,,Y,,C,Y,F,D,1,0,0,1,22107.0,2,37.30473861,-120.47238945,3
2016,2016-07-02,1335,7,2,13,6,N,A,N,A,H,A,A,08,S,08,B,,,,,C,N,F,-,1,0,0,0,22107.0,2,37.29604008,-120.48281991,4
2016,2016-06-20,531,6,2,5,1,Y,A,N,A,H,B,A,01,,09,D,,,,,D,Y,N,A,1,0,0,0,21802.0,2,37.29548011,-120.52332999,3
2016,2016-07-05,2357,7,2,23,2,N,A,N,A,-,C,C,02,W,01,E,,,Y,,I,Y,N,A,1,0,0,1,23152.0,1,37.29201364,-120.51737701,4
2016,2016-07-01,1131,7,2,11,5,Y,A,N,A,H,A,-,- ,,00,D,,,,,C,Y,N,A,3,0,0,0,,2,37.33211993,-120.46904998,4