ACCIDENT_YEAR,COLLISION_DATE,COLLISION_TIME,MONTH,SEASON,24HOURS,DAY_OF_WEEK,INTERSECTION,WEATHER_1,STATE_HWY_IND,ROAD_SURFACE,ROAD_COND_1,LIGHTING,STWD_VEHTYPE_AT_FAULT,CHP_VEHTYPE_AT_FAULT,DIRECTION,PCF_VIOL_CATEGORY,TYPE_OF_COLLISION,PEDESTRIAN_ACCIDENT,BICYCLE_ACCIDENT,MOTORCYCLE_ACCIDENT,TRUCK_ACCIDENT,MVIW,TOW_AWAY,HIT_AND_RUN,CONTROL_DEVICE,NUMBER_INJURED,COUNT_PED_INJURED,COUNT_BICYCLIST_INJURED,COUNT_MC_INJURED,PCF_VIOLATION,PARTY_COUNT,POINT_Y,POINT_X,COLLISION_SEVERITY
2017,2017-06-20,1459,6,2,14,2,Y,A,N,A,H,A,D,22,,09,D,,,,,C,Y,N,A,1,0,0,0,21802.0,2,37.30067004,-120.5020199,4
2017,2017-06-20,938,6,2,9,2,N,A,N,A,H,A,L,04,N,17,H,,Y,,,G,N,M,D,1,0,1,0,21208.0,2,37.30334251,-120.487715,3
2017,2017-06-18,2231,6,2,22,7,Y,A,N,A,H,C,A,01,,01,C,,,,,D,Y,N,A,1,0,0,0,23152.0,2,37.31845008,-120.46921987,4
2017,2017-07-23,355,7,2,3,7,N,A,N,A,H,D,A,01,E,01,B,,,,,E,Y,N,D,1,0,0,0,23152.0,2,37.31097188,-120.48300038,3
2017,2017-07-18,2022,7,2,20,2,N,A,N,A,H,B,D,22,E,21,G,Y,,,,B,N,N,D,1,1,0,0,22106.0,2,37.34888065,-120.61004227,2
2017,2017-07-28,1538,7,2,15,5,Y,A,N,A,H,A,A,01,,09,D,,,,,C,Y,N,A,3,0,0,0,21802.0,2,37.33366993,-120.59933999,4
2017,2017-07-19,2102,7,2,21,3,Y,A,N,A,H,A,A,01,,01,C,,,,,C,N,M,A,1,0,0,0,23152.0,2,37.34982989,-120.59590993,4
2017,2017-07-18,1756,7,2,17,2,N,A,N,A,H,A,A,01,E,03,C,,,,,C,Y,N,D,1,0,0,0,22350.0,2,37.34983,-120.59591,4
2017,2017-07-17,58,7,2,0,1,N,A,N,A,H,A,A,01,N,03,A,,,,,E,Y,M,A,1,0,0,0,22350.0,2,37.36055119,-120.5789796,2
2017,2017-07-14,1506,7,2,15,5,Y,A,N,A,H,A,L,04,,00,D,,Y,,,G,N,N,A,1,0,1,0,21450.0,2,37.34978997,-120.60963986,4
2017,2017-07-17,1120,7,2,11,1,Y,A,N,A,H,A,A,08,,09,D,,,,,C,Y,N,A,2,0,0,0,21802.0,2,37.3499399,-120.60469,4
2017,2017-07-04,2148,7,2,21,2,N,A,N,A,H,C,A,01,E,01,C,,,,,C,Y,N,D,1,0,0,0,23153.0,4,37.37052934,-120.58899992,4
2017,2017-07-03,1827,7,2,18,1,Y,A,N,A,H,A,A,01,,09,D,,,,,C,Y,N,D,1,0,0,0,21804.0,2,37.34972996,-120.58548987,4
2017,2017-07-16,506,7,2,5,7,Y,A,N,A,H,C,A,07,,12,A,,,,,C,Y,N,A,1,0,0,0,22450.0,2,37.3423099,-120.59594,4
2017,2017-07-09,1805,7,2,18,7,N,A,N,A,H,A,D,22,W,03,A,,,,,I,Y,N,D,1,0,0,0,22350.0,1,37.31904833,-120.50021255,3
2017,2017-07-07,1648,7,2,16,5,Y,A,N,A,H,A,A,01,,09,D,,,,,C,Y,N,A,2,0,0,0,21804.0,2,37.33213996,-120.43294988,4
2017,2017-07-03,1013,7,2,10,1,Y,A,N,A,H,A,A,07,,09,D,,,,,C,N,N,A,2,0,0,0,21801.0,2,37.30978009,-120.48953988,4
2017,2017-07-13,1452,7,2,14,4,Y,A,Y,-,H,A,A,01,,12,D,,,,,C,Y,N,A,1,0,0,0,21453.0,3,37.30266034,-120.50094217,4
2017,2017-07-17,231,7,2,2,1,Y,A,N,A,H,C,A,07,,03,E,,,,,I,Y,N,A,1,0,0,0,22350.0,1,37.33854,-120.57712986,4
2017,2017-08-01,1610,8,2,16,2,N,A,N,A,H,A,D,22,W,03,C,,,,,C,N,N,D,2,0,0,0,22350.0,3,37.25301581,-121.00380292,4
2017,2017-07-03,1743,7,2,17,1,Y,A,N,A,H,A,D,22,,09,D,,,,,D,Y,N,A,2,0,0,0,21804.0,2,37.30067004,-120.5020199,4
2017,2017-07-05,1437,7,2,14,3,Y,A,N,A,H,A,A,01,,12,D,,,,,C,Y,N,A,1,0,0,0,21453.0,4,37.29768001,-120.47638999,2
2017,2017-07-08,1741,7,2,17,6,N,A,N,A,H,A,A,01,W,03,E,,,,,I,Y,N,D,1,0,0,0,22350.0,1,,,2
2017,2017-07-08,230,7,2,2,6,Y,A,N,A,H,C,A,01,,09,H,,Y,,,G,N,F,A,1,0,1,0,21802.0,2,37.27904004,-120.48213996,3
2017,2017-07-09,1809,7,2,18,7,Y,A,N,A,H,A,A,01,,09,D,,,,,C,Y,N,D,1,0,0,0,21802.0,2,37.30067004,-120.5020199,4
2017,2017-07-12,1258,7,2,12,3,Y,A,N,A,H,A,A,01,,09,D,,,,,C,Y,N,A,1,0,0,0,21801.0,2,37.32270006,-120.47838989,4
2017,2017-07-16,1159,7,2,11,7,N,A,N,A,H,A,A,01,E,01,C,,,,,C,Y,M,D,1,0,0,0,23152.0,2,37.32336183,-120.49546656,4
2017,2017-07-30,1427,7,2,14,7,N,A,N,A,H,A,A,01,N,03,C,,,,,C,N,F,D,1,0,0,0,22350.0,2,37.28952977,-120.4757141,4
2017,2017-07-28,535,7,2,5,5,Y,A,N,A,H,B,A,01,,01,D,,,,,C,Y,N,A,1,0,0,0,23152.0,2,37.29868006,-120.47582999,4
2017,2017-06-11,1816,6,2,18,7,Y,C,N,B,H,A,A,01,,09,A,,,,,C,Y,N,A,4,0,0,0,21801.0,2,37.30978009,-120.48953988,4
2017,2017-07-09,1428,7,2,14,7,Y,A,N,A,H,A,A,07,,12,D,,,,,C,Y,N,A,1,0,0,0,21453.0,2,37.32671002,-120.4691299,4
2017,2017-05-17,1936,5,1,19,3,N,A,N,A,H,A,A,07,E,21,C,,,,,C,N,N,A,1,0,0,0,22106.0,2,37.33212,-120.47419246,4
2017,2017-07-14,2018,7,2,20,5,N,A,N,A,H,A,A,01,S,12,-,,,,,C,Y,N,A,2,0,0,0,22450.0,3,37.29519741,-120.49059958,4
2017,2017-07-11,1905,7,2,19,2,Y,A,N,A,H,A,A,01,,09,D,,,,,C,Y,N,D,3,0,0,0,21802.0,3,37.30023011,-120.47676996,4
2017,2017-08-15,909,8,2,9,2,Y,A,N,A,H,A,D,22,,01,C,,,,,C,Y,F,A,2,0,0,0,23152.0,3,37.31275,-120.48780995,3
2017,2017-08-04,1528,8,2,15,5,N,B,Y,A,H,A,D,22,S,03,C,,,,Y,C,Y,N,A,1,0,0,0,22350.0,2,37.29577202,-120.48296711,4
2017,2017-08-03,1752,8,2,17,4,Y,A,N,A,H,A,L,04,,12,D,,Y,,,G,N,N,A,1,0,1,0,22450.0,2,37.3018901,-120.48124993,4
2017,2017-08-02,623,8,2,6,3,Y,A,N,A,H,B,D,22,,08,E,,,,,I,Y,N,D,1,0,0,0,22107.0,1,37.31524011,-120.48674997,3
2017,2017-08-13,1531,8,2,15,7,Y,A,N,A,H,A,-,- ,,12,D,,,,,C,Y,N,A,2,0,0,0,21453.0,2,37.30942004,-120.4696099,4
2017,2017-08-20,1549,8,2,15,7,N,A,N,A,H,A,D,22,W,15,C,,,,,C,Y,N,A,1,0,0,0,26453.0,2,37.31186186,-120.46961279,4
2017,2017-08-22,1820,8,2,18,2,N,A,N,A,H,A,L,04,W,12,D,,Y,,,G,N,N,A,1,0,1,0,21453.0,2,37.30147013,-120.49440308,2
2017,2017-08-04,420,8,2,4,5,N,A,N,A,H,D,A,07,N,08,A,,,,,I,Y,N,D,1,0,0,0,22107.0,1,37.31004432,-120.51051295,4
2017,2017-08-21,1234,8,2,12,1,Y,B,N,A,H,A,D,22,,08,D,,,,,C,Y,N,D,1,0,0,0,22107.0,2,37.32327006,-120.45454988,3
2017,2017-08-07,1655,8,2,16,1,N,A,N,A,H,A,N,60,E,11,C,Y,,,,C,N,N,A,2,0,0,0,21954.0,3,37.30253769,-120.47313139,3
2017,2017-08-19,1523,8,2,15,6,N,A,N,A,H,A,A,01,S,03,E,,,,,I,Y,N,D,1,0,0,0,22350.0,1,37.30835583,-120.50231056,2
2017,2017-08-11,2115,8,2,21,5,N,A,N,A,H,D,N,60,E,02,G,Y,,Y,,B,N,N,D,2,1,0,1,21654.0,2,37.29682786,-120.47082962,3
2017,2017-08-24,1043,8,2,10,4,N,A,N,A,H,A,L,04,W,08,D,,Y,,,G,N,N,A,1,0,1,0,22107.0,2,37.301153,-120.46292619,3
2017,2017-08-18,2047,8,2,20,5,Y,A,N,A,H,C,A,01,,08,A,,,,,C,Y,N,A,3,0,0,0,22107.0,2,37.28817001,-120.48189986,4
2017,2017-08-19,751,8,2,7,6,N,A,N,A,H,A,A,07,E,03,C,,,Y,,C,Y,N,D,3,0,0,2,22350.0,2,37.295197,-120.458052,3
2017,2017-08-16,1350,8,2,13,3,Y,A,N,A,H,A,A,01,,12,D,,,,,C,N,N,A,1,0,0,0,21453.0,2,37.31905003,-120.49979989,4
2017,2017-08-18,850,8,2,8,5,Y,A,N,A,H,A,A,01,,17,A,,,,,C,Y,N,A,1,0,0,0,21451.0,2,37.30797005,-120.48142997,4
2017,2017-08-16,2123,8,2,21,3,N,A,N,A,H,C,N,60,S,11,G,Y,,,,B,N,N,D,1,1,0,0,21954.0,2,37.29503003,-120.48338994,2
2017,2017-08-23,2115,8,2,21,3,N,A,N,A,H,B,N,60,N,11,G,Y,,,,B,N,F,A,1,1,0,0,21954.0,2,37.31922011,-120.47844998,3
2017,2017-07-29,1141,7,2,11,6,Y,A,N,A,H,A,A,08,,03,C,,,,,C,N,M,A,1,0,0,0,22350.0,2,37.31922011,-120.47844998,4
2017,2017-07-12,1452,7,2,14,3,N,A,N,A,H,A,A,07,S,12,C,,,,,C,Y,N,D,2,0,0,0,22450.0,3,37.311352,-120.488616,3
2017,2017-07-11,1807,7,2,18,2,Y,A,N,A,H,A,C,02,,03,C,,,Y,,C,N,N,A,1,0,0,1,22350.0,2,37.30209008,-120.48846997,3
2017,2017-06-07,1240,6,2,12,3,Y,B,N,A,H,A,N,60,,11,A,Y,,,,B,N,N,A,1,1,0,0,21950.0,2,37.30169011,-120.47410988,3
2017,2017-08-15,1437,8,2,14,2,-,A,N,A,H,A,A,01,,09,D,,,Y,,E,Y,N,D,1,0,0,1,21804.0,2,,,3
2017,2017-08-16,1020,8,2,10,3,Y,A,N,A,H,A,A,01,,12,D,,,,,C,Y,N,A,1,0,0,0,21453.0,2,37.32342005,-120.4869999,4
2017,2017-08-24,1809,8,2,18,4,Y,A,N,A,H,A,A,01,,08,D,,,,,C,Y,N,A,2,0,0,0,22107.0,2,37.33212993,-120.48299989,4
2017,2017-08-12,1938,8,2,19,6,N,A,N,A,H,A,N,60,E,11,G,Y,,,,B,N,N,D,1,1,0,0,21954.0,2,37.27897208,-120.48008778,3
2017,2017-08-14,757,8,2,7,1,N,A,N,A,H,A,A,01,W,03,C,,,,,C,Y,N,A,1,0,0,0,22350.0,6,37.33213,-120.48239043,4
2017,2017-06-18,1200,6,2,12,7,Y,A,N,A,H,A,-,,,08,H,,Y,,,G,N,F,A,1,0,1,0,22107.0,2,37.29768001,-120.47638999,3
2017,2017-08-17,1429,8,2,14,4,N,A,N,A,H,A,A,01,N,01,D,,,,,D,Y,N,A,1,0,0,0,23152.0,2,37.33213119,-120.49521037,3
2017,2017-07-21,1658,7,2,16,5,Y,A,N,A,H,A,D,22,,08,D,,,,,D,N,N,A,1,0,0,0,22107.0,2,37.33213996,-120.43294988,4
2017,2017-07-21,815,7,2,8,5,Y,A,N,A,H,A,C,02,,12,D,,,Y,,C,Y,N,A,1,0,0,1,22450.0,2,37.31854007,-120.46943992,2
2017,2017-06-05,1509,6,2,15,1,N,A,Y,A,H,A,-,- ,E,00,A,,,,,I,Y,N,A,1,0,0,0,,1,37.29520316,-120.45953042,4
2017,2017-07-20,1519,7,2,15,4,N,A,N,A,H,A,A,01,S,03,C,,,,,C,N,N,D,2,0,0,0,22350.0,2,37.30265022,-120.47358904,4
2017,2017-07-18,326,7,2,3,2,N,A,N,A,H,C,N,60,N,11,G,Y,,,,B,N,N,D,1,1,0,0,21954.0,2,37.33646906,-120.46899838,2
2017,2017-07-11,851,7,2,8,2,N,A,N,A,H,A,A,01,W,03,C,,,,,C,N,N,A,2,0,0,0,22350.0,2,37.31938,-120.47700942,4
2017,2017-08-10,253,8,2,2,4,Y,A,N,A,H,C,A,01,,01,A,,,,,I,Y,N,D,1,0,0,0,23152.0,1,37.30477001,-120.49582993,2
2017,2017-08-20,152,8,2,1,7,N,A,N,A,H,C,A,01,E,01,E,,,,,I,Y,M,D,1,0,0,0,23152.0,1,37.31848437,-120.4497361,4
2017,2017-08-16,1334,8,2,13,3,Y,A,N,A,H,A,L,04,,05,A,,Y,,,G,N,N,D,1,0,1,0,21650.0,2,37.342151,-120.608253,3
2017,2017-08-22,1412,8,2,14,2,Y,A,N,A,H,A,D,22,,09,A,Y,,,,B,N,F,A,1,1,0,0,21804.0,2,37.36410993,-120.61386986,4
2017,2017-08-19,233,8,2,2,6,N,A,Y,A,H,C,D,22,E,01,A,,Y,,,G,Y,N,D,1,0,1,0,23152.0,2,37.30271978,-120.51044304,2
2017,2017-07-29,915,7,2,9,6,N,A,N,A,H,A,A,01,S,09,A,,,,,C,Y,N,B,5,0,0,0,21453.0,2,37.3046249,-120.49973824,3
2017,2017-07-25,1114,7,2,11,2,Y,A,N,A,H,A,A,01,,09,D,,,,,C,Y,N,A,1,0,0,0,21801.0,2,37.30031011,-120.48037996,3
2017,2017-07-25,1736,7,2,17,2,N,A,N,A,H,A,A,01,N,03,C,,,,,C,Y,N,D,2,0,0,0,22350.0,2,37.30849499,-120.48113148,4
2017,2017-08-08,1027,8,2,10,2,Y,A,N,A,H,A,A,07,,08,B,,Y,,,G,N,N,A,1,0,1,0,22107.0,2,37.36042993,-120.61092989,4
2017,2017-07-27,459,7,2,4,4,N,A,N,A,H,C,A,01,S,09,B,,,,,C,Y,N,D,2,0,0,0,21804.0,2,37.2894455,-120.50120123,4
2017,2017-08-19,1957,8,2,19,6,Y,A,N,A,H,C,A,01,,09,D,,,,,C,Y,N,A,1,0,0,0,21802.0,2,37.34829995,-120.61609994,3
2017,2017-07-28,859,7,2,8,5,Y,A,N,A,H,A,A,01,,03,C,,,,,C,Y,N,A,2,0,0,0,22350.0,2,37.30774011,-120.49069996,4
2017,2017-08-19,2154,8,2,21,6,N,A,N,A,H,C,A,01,E,03,C,,,,,C,Y,M,A,0,0,0,0,22350.0,2,37.34231213,-120.57098361,1
2017,2017-07-28,1730,7,2,17,5,Y,A,N,A,H,A,A,01,,06,B,,,,,C,Y,N,D,1,0,0,0,21750.0,2,37.28094008,-120.49099997,4
2017,2017-08-20,1845,8,2,18,7,Y,A,N,A,H,A,A,07,,09,B,,,,,C,Y,N,A,1,0,0,0,21453.0,2,37.36043991,-120.60387997,4
2017,2017-07-28,2000,7,2,20,5,N,A,N,A,H,A,L,04,S,05,D,,Y,,,G,N,N,A,1,0,1,0,21650.0,2,37.31923,-120.49499,3
2017,2017-08-29,715,8,2,7,2,Y,A,N,A,H,A,L,04,,09,D,,Y,,,G,N,N,A,1,0,1,0,21804.0,2,37.35328992,-120.60517992,4
2017,2017-07-30,1628,7,2,16,7,Y,A,N,A,H,A,A,01,,09,D,,,,,C,Y,N,D,2,0,0,0,21802.0,2,37.29439002,-120.49471998,4
2017,2017-08-27,2021,8,2,20,7,Y,B,N,A,H,C,A,01,,12,D,,,,,C,Y,N,A,1,0,0,0,22450.0,2,37.34909988,-120.61569995,4
2017,2017-08-31,957,8,2,9,4,N,A,N,A,H,A,A,01,E,01,A,,,,,C,Y,F,A,3,0,0,0,23152.0,2,37.28947539,-120.50116752,4
2017,2017-06-22,1400,6,2,14,4,N,A,N,A,H,A,C,02,E,03,E,,,Y,,I,N,N,D,1,0,0,1,22350.0,1,37.3264224,-120.4982752,3
2017,2017-08-22,1101,8,2,11,2,Y,A,N,A,H,A,A,08,,09,D,,,,,C,Y,N,A,1,0,0,0,21802.0,3,37.30499009,-120.48313986,3
2017,2017-08-29,1634,8,2,16,2,N,A,N,A,H,C,D,22,E,00,-,,Y,,,G,N,F,A,1,0,1,0,21760.0,2,37.31922142,-120.47827811,3
2017,2017-09-08,845,9,3,8,5,N,A,N,A,H,A,D,22,W,03,C,,,,,C,Y,N,D,2,0,0,0,22350.0,2,37.33213,-120.48078726,4
2017,2017-08-25,2154,8,2,21,5,N,A,N,A,H,C,J,48,E,03,C,,,,,C,N,N,D,1,0,0,0,22350.0,3,37.31923,-120.49459463,4
2017,2017-07-31,1820,7,2,18,1,Y,A,Y,A,H,A,A,07,,00,D,,,,,C,Y,N,A,2,0,0,0,21453.0,2,37.29514968,-120.44841354,3
2017,2017-08-18,1611,8,2,16,5,N,A,Y,A,H,A,A,01,S,03,C,,,,,C,Y,N,A,1,0,0,0,22350.0,3,37.32220945,-120.50483673,4
2017,2017-09-22,1507,9,3,15,5,N,A,N,A,H,A,-,- ,S,03,C,,,,Y,C,N,N,A,3,0,0,0,22350.0,3,37.30408604,-120.50005638,3
2017,2017-09-25,1309,9,3,13,1,Y,A,N,A,H,A,A,01,,09,D,,,,,C,Y,N,A,2,0,0,0,21802.0,2,37.32970995,-120.47847,4
2017,2017-09-02,1120,9,3,11,6,N,A,Y,A,H,A,A,01,S,21,C,,,,,C,N,M,D,1,0,0,0,22106.0,2,37.31875598,-120.50493573,4
2017,2017-09-08,227,9,3,2,5,N,A,Y,A,H,C,L,04,E,11,D,,Y,,,G,N,N,A,1,0,1,0,21456.0,2,37.30423574,-120.50323102,4
2017,2017-08-30,1849,8,2,18,3,Y,A,N,A,-,B,A,01,,08,-,,,,,C,N,N,A,2,0,0,0,22107.0,2,37.33212,-120.47088996,4
2017,2017-08-22,2146,8,2,21,2,N,A,N,A,H,C,A,01,N,08,B,,Y,,,G,N,F,D,1,0,1,0,22107.0,2,,,4
2017,2017-08-24,1634,8,2,16,4,Y,A,N,A,H,A,A,07,,12,D,,,,,C,Y,N,A,2,0,0,0,21453.0,2,37.30579011,-120.49183986,4
2017,2017-08-29,1705,8,2,17,2,Y,A,N,A,H,A,-,- ,,09,A,,,,,C,Y,N,A,1,0,0,0,21802.0,2,37.3074101,-120.47989997,4
2017,2017-08-30,338,8,2,3,3,N,A,N,A,H,C,N,60,S,11,G,Y,,,,B,N,N,A,1,1,0,0,21955.0,2,37.30550287,-120.49200448,4
2017,2017-08-30,1310,8,2,13,3,N,B,N,A,H,A,A,01,N,03,C,,,,,C,N,F,D,1,0,0,0,22350.0,2,37.28976499,-120.45443603,4
2017,2017-08-30,1453,8,2,14,3,N,A,N,A,H,A,A,01,N,03,C,,,,,C,Y,N,A,1,0,0,0,22350.0,2,37.32810752,-120.46911316,4
2017,2017-08-30,2205,8,2,22,3,Y,A,N,A,H,C,-,- ,,03,C,,,,,C,N,N,A,1,0,0,0,22350.0,2,37.32270006,-120.47838989,4
2017,2017-08-31,910,8,2,9,4,Y,A,N,A,H,A,A,07,,10,G,Y,,,,B,N,F,A,1,1,0,0,21950.0,2,37.30235004,-120.46208998,3
2017,2017-09-04,1358,9,3,13,1,N,A,N,A,H,A,C,02,N,03,E,,,Y,,I,N,N,D,1,0,0,1,22350.0,1,37.29829552,-120.45798471,3
2017,2017-08-31,1400,8,2,14,4,N,A,N,A,H,A,C,02,E,09,D,,,Y,,C,Y,N,D,1,0,0,1,21804.0,2,37.30256709,-120.47320903,3
2017,2017-09-05,818,9,3,8,2,N,B,N,A,H,A,A,01,N,03,C,,,,,C,N,N,D,1,0,0,0,22350.0,2,37.3110733,-120.48878059,4
2017,2017-09-07,1540,9,3,15,4,N,A,N,A,H,A,N,60,W,11,G,Y,,,,B,N,N,A,1,1,0,0,21954.0,2,37.2878,-120.43371433,4
2017,2017-09-09,1100,9,3,11,6,Y,A,N,A,H,A,A,07,,09,D,,,,,C,Y,N,A,3,0,0,0,21801.0,2,37.30935005,-120.50972994,3
2017,2017-09-10,1207,9,3,12,7,N,A,N,A,H,A,A,01,N,05,A,,,,,C,Y,N,A,1,0,0,0,21650.0,2,37.34175884,-120.4689016,4
2017,2017-09-13,1242,9,3,12,3,Y,A,N,A,H,A,A,01,,12,D,,,,,C,Y,N,A,1,0,0,0,21453.0,2,37.30978009,-120.48953988,4
2017,2017-08-04,1451,8,2,14,5,Y,B,Y,A,H,A,A,07,,17,B,,,,Y,C,N,N,A,1,0,0,0,21461.0,2,37.30023434,-120.49232646,4
2017,2017-09-17,1257,9,3,12,7,N,A,Y,A,H,A,A,01,N,03,C,,,,,C,Y,N,A,1,0,0,0,22350.0,2,37.29973525,-120.47522942,3
2017,2017-09-21,844,9,3,8,4,N,A,N,A,H,A,L,04,S,05,D,,Y,,,G,N,N,A,1,0,1,0,21650.0,2,37.31185451,-120.46952011,4
2017,2017-09-15,1844,9,3,18,5,Y,A,N,A,H,B,A,07,,12,D,,,,,C,Y,N,A,2,0,0,0,22450.0,2,37.32700009,-120.47853,3
2017,2017-08-22,2214,8,2,22,2,N,A,Y,A,H,D,N,60,N,11,G,Y,,,,B,Y,N,D,1,1,0,0,21954.0,2,37.32177935,-120.50484906,3
2017,2017-09-16,1952,9,3,19,6,Y,A,N,A,H,C,A,01,,09,D,,,,,C,N,N,A,1,0,0,0,21802.0,2,37.29338008,-120.47889988,4
2017,2017-08-30,2032,8,2,20,3,N,A,N,A,H,C,A,01,N,03,C,,,,,C,Y,N,A,4,0,0,0,22350.0,2,37.327433,-120.469119,4
2017,2017-09-18,1518,9,3,15,1,Y,A,N,A,H,A,A,07,,09,D,,,Y,,C,Y,N,A,1,0,0,1,21802.0,2,37.33213997,-120.46313995,4
2017,2017-09-20,802,9,3,8,3,Y,A,N,A,H,A,A,01,,03,C,,,,,C,Y,N,A,3,0,0,0,22350.0,2,37.30935005,-120.50972994,3
2017,2017-09-20,807,9,3,8,3,N,A,N,A,H,A,A,01,E,03,C,,,,,C,Y,N,A,2,0,0,0,22350.0,3,37.33210384,-120.4937831,3
2017,2017-09-20,833,9,3,8,3,N,A,N,A,H,A,A,07,E,03,C,,,,,C,Y,N,D,1,0,0,0,22350.0,2,37.33212,-120.47050488,4
2017,2017-09-15,707,9,3,7,5,Y,A,N,A,H,A,A,01,,12,D,,,,,C,N,N,A,1,0,0,0,21453.0,2,37.3321399,-120.45995997,4
2017,2017-09-02,1404,9,3,14,6,Y,A,Y,A,H,A,A,01,,09,D,,,,,C,Y,N,A,5,0,0,0,21802.0,2,37.31004104,-120.50520387,4
2017,2017-02-04,2239,2,4,22,6,Y,A,N,A,H,C,A,01,,09,D,,,,,C,Y,N,A,2,0,0,0,21802.0,2,37.04231002,-120.84250992,3
2017,2017-02-21,1300,2,4,13,2,Y,B,N,B,H,A,A,01,,03,C,,,,,C,N,N,A,3,0,0,0,22350.0,2,37.06091001,-120.8479199,4
2017,2017-02-19,1320,2,4,13,7,N,C,N,B,H,A,A,01,S,09,H,,,,,C,Y,N,D,1,0,0,0,21804.0,3,37.05619613,-120.82642785,4
2017,2017-01-19,1042,1,4,10,4,Y,B,N,B,H,A,L,04,,09,B,,Y,,,G,N,N,D,1,0,1,0,21804.0,2,37.06112003,-120.83743985,3
2017,2017-02-28,1641,2,4,16,2,N,A,N,A,H,A,A,07,N,08,D,,,,,C,Y,N,D,1,0,0,0,22103.0,2,37.07438533,-120.85040915,4
2017,2017-01-25,832,1,4,8,3,Y,A,N,A,H,A,A,01,,12,D,,,,,C,Y,N,A,2,0,0,0,22450.0,2,37.06919001,-120.84059999,3
2017,2017-02-15,1411,2,4,14,3,N,A,N,A,H,A,A,01,N,03,C,,,,,C,Y,N,A,7,0,0,0,22350.0,4,37.06240626,-120.84495971,4
2017,2017-01-04,1612,1,4,16,3,Y,B,N,B,H,A,D,22,,09,D,,,,,C,Y,N,A,1,0,0,0,21802.0,2,37.07652002,-120.84308992,4
2016,2016-12-21,1415,12,4,14,3,Y,A,Y,A,H,A,A,01,,08,D,,,,Y,C,Y,N,-,1,0,0,0,22107.0,2,37.08486002,-120.83490988,4
2016,2016-12-16,1819,12,4,18,5,Y,A,Y,A,H,C,D,22,,09,D,,,,,C,Y,N,A,1,0,0,0,21802.0,2,37.061811,-120.83528089,4
2016,2016-12-09,1246,12,4,12,5,Y,B,N,A,H,A,D,22,,09,D,,,,,C,N,N,D,1,0,0,0,21801.0,2,37.0499701,-120.82738994,4
2017,2017-01-20,1513,1,4,15,5,Y,B,Y,B,H,A,D,22,,09,B,,,,,C,N,N,D,1,0,0,0,21801.0,2,37.05690227,-120.84475311,4
2017,2017-02-15,1539,2,4,15,3,N,A,Y,A,H,A,A,01,E,03,C,,,,,C,Y,N,D,1,0,0,0,22350.0,2,37.05688752,-120.85282893,4
2017,2017-09-29,1627,9,3,16,5,N,A,N,A,H,A,A,01,S,08,B,,,,,C,Y,N,D,2,0,0,0,22107.0,3,37.29063479,-120.47508617,4
2018,2018-11-15,2329,11,3,23,4,N,A,N,A,H,C,N,60,E,11,G,Y,,,,B,N,F,A,0,0,0,0,21956.0,2,37.332122802734375,-120.46864318847656,1
2018,2018-09-14,702,9,3,7,5,Y,A,N,A,H,A,A,01,,03,G,Y,,,,B,Y,N,A,0,0,0,0,22350.0,2,37.34980010986328,-120.5889129638672,1
2018,2018-12-28,1751,12,4,17,5,N,A,N,A,H,C,L,04,S,12,H,,Y,,,G,N,F,A,0,0,0,0,21453.0,2,37.29965972900391,-120.47527313232422,1
2019,2019-03-10,344,3,1,3,7,N,C,Y,B,H,C,A,01,E,03,D,,,,,C,Y,N,A,6,0,0,0,22350.0,2,37.056907653808594,-120.84221649169922,1
2017,2017-05-06,822,5,1,8,6,N,A,N,A,H,A,A,01,S,01,E,,,,,E,Y,N,D,1,0,0,0,23152.0,2,37.06864783,-120.84068371,4
2017,2017-05-05,851,5,1,8,5,Y,A,N,A,H,A,D,22,,09,D,,,,,C,Y,N,A,2,0,0,0,21802.0,2,37.08255009,-120.85054993,4
2017,2017-04-25,1234,4,1,12,2,N,B,Y,A,H,A,A,07,W,03,C,,,,,C,N,N,D,1,0,0,0,22350.0,2,37.05691492,-120.84078338,4
2017,2017-04-15,1648,4,1,16,6,N,A,Y,A,H,A,A,08,W,03,C,,,,,C,Y,N,D,8,0,0,0,22350.0,3,37.05687767,-120.86314054,4
2017,2017-03-25,2014,3,1,20,6,N,A,Y,A,H,C,D,22,S,09,D,,,,,C,N,N,A,1,0,0,0,21804.0,2,37.05386705,-120.8354322,4
2017,2017-03-14,2057,3,1,20,2,Y,A,Y,A,H,C,D,22,,12,D,,Y,,,C,Y,N,A,3,0,1,0,21453.0,3,37.05685631,-120.86523052,4
2017,2017-03-14,747,3,1,7,2,N,A,N,A,H,B,D,22,W,03,B,,,,,C,N,N,D,1,0,0,0,22350.0,3,37.0529765,-120.81980576,4
2017,2017-03-09,2112,3,1,21,4,N,A,Y,A,H,C,A,08,W,03,C,,,,,C,Y,N,A,2,0,0,0,22350.0,2,37.05685558,-120.86596937,3
2017,2017-03-02,1140,3,1,11,4,N,A,Y,A,H,A,A,01,E,03,C,,,,,C,Y,N,A,2,0,0,0,22350.0,2,37.05679666,-120.81750323,4
2017,2017-09-28,1656,9,3,16,4,N,A,N,A,H,A,D,22,S,10,G,Y,,,,B,N,F,A,1,1,0,0,21950.0,2,37.30298505,-120.48426867,3
2017,2017-09-28,521,9,3,5,4,N,A,Y,A,H,C,-,- ,E,00,C,,,,,C,N,N,A,1,0,0,0,,2,37.30276066,-120.50365802,4
2017,2017-09-26,1258,9,3,12,2,Y,A,N,A,H,A,D,22,,09,A,,,,,C,Y,N,D,2,0,0,0,21801.0,2,37.30921005,-120.48801992,3
2017,2017-09-28,1203,9,3,12,4,N,A,N,A,H,A,L,04,S,05,D,,Y,,,G,N,N,D,1,0,1,0,21650.0,2,37.30952577,-120.48053189,3