ACCIDENT_YEAR,COLLISION_DATE,COLLISION_TIME,MONTH,SEASON,24HOURS,DAY_OF_WEEK,INTERSECTION,WEATHER_1,STATE_HWY_IND,ROAD_SURFACE,ROAD_COND_1,LIGHTING,STWD_VEHTYPE_AT_FAULT,CHP_VEHTYPE_AT_FAULT,DIRECTION,PCF_VIOL_CATEGORY,TYPE_OF_COLLISION,PEDESTRIAN_ACCIDENT,BICYCLE_ACCIDENT,MOTORCYCLE_ACCIDENT,TRUCK_ACCIDENT,MVIW,TOW_AWAY,HIT_AND_RUN,CONTROL_DEVICE,NUMBER_INJURED,COUNT_PED_INJURED,COUNT_BICYCLIST_INJURED,COUNT_MC_INJURED,PCF_VIOLATION,PARTY_COUNT,POINT_Y,POINT_X,COLLISION_SEVERITY
2018,2018-10-03,1148,10,3,11,3,Y,A,N,B,H,A,A,07,,09,D,,,,,C,Y,N,A,1,0,0,0,21802.0,2,37.304641723632805,-120.47245025634766,4
2018,2018-10-05,644,10,3,6,5,N,A,N,A,H,A,A,01,S,03,C,,,,,C,Y,N,A,3,0,0,0,22350.0,3,37.317626953125,-120.46924591064452,4
2018,2018-10-05,109,10,3,1,5,N,A,N,A,H,C,A,01,N,01,E,,,,,I,Y,N,A,1,0,0,0,23152.0,1,37.332130432128906,-120.49108123779295,4
2018,2018-02-02,1045,2,4,10,5,N,A,N,A,H,A,A,01,S,03,C,,,,,C,N,N,D,1,0,0,0,22350.0,2,37.3191795349121,-120.47845458984376,4
2018,2018-11-30,1431,11,3,14,5,Y,A,Y,A,H,A,A,01,,12,D,,,,,C,Y,N,A,4,0,0,0,21453.0,2,37.31909942626953,-120.5049285888672,4
2018,2018-09-16,1849,9,3,18,7,N,A,Y,A,H,A,-,,N,04,C,,,,,C,N,N,D,2,0,0,0,21703.0,2,37.24992752075195,-121.01261138916016,3
2018,2018-10-20,54,10,3,0,6,N,A,N,A,H,C,A,01,S,08,B,,,,,C,Y,N,D,1,0,0,0,22107.0,2,37.30424118041992,-120.47266387939452,4
2018,2018-10-11,1505,10,3,15,4,N,A,N,A,H,A,A,07,N,08,D,,,,,C,Y,N,D,2,0,0,0,22102.0,3,37.28948974609375,-120.48114776611328,4
2018,2018-10-05,1025,10,3,10,5,N,A,N,A,H,A,D,22,W,10,G,Y,,,,B,N,N,A,1,1,0,0,21950.0,3,37.288230895996094,-120.49466705322266,3
2018,2018-10-04,2125,10,3,21,4,N,A,N,A,H,C,G,56,S,07,B,,,,Y,C,N,N,A,1,0,0,0,21658.0,2,,,4
2018,2018-11-05,1705,11,3,17,1,N,A,N,A,H,A,D,22,N,01,E,,,,,I,Y,N,D,1,0,0,0,23152.0,1,37.32859420776367,-120.4442901611328,4
2018,2018-10-08,648,10,3,6,1,N,A,Y,A,H,B,A,01,N,03,C,,,,,C,N,N,A,2,0,0,0,22350.0,2,37.319988250732415,-120.50489807128906,3
2018,2018-10-17,943,10,3,9,3,N,A,N,A,H,A,A,07,S,12,H,,,,,F,Y,N,A,1,0,0,0,22451.0,1,37.36272430419922,-120.5766830444336,4
2018,2018-10-18,1448,10,3,14,4,Y,A,N,A,H,A,N,60,,11,G,Y,,,,B,N,N,D,1,1,0,0,21954.0,2,37.35295104980469,-120.60211181640624,3
2018,2018-10-19,1712,10,3,17,5,Y,A,N,A,H,A,A,07,,03,C,,,,,C,Y,N,D,1,0,0,0,22350.0,4,37.35348892211913,-120.6137466430664,4
2018,2018-10-17,1726,10,3,17,3,Y,A,N,A,H,A,N,60,,11,D,Y,,,,B,N,N,A,1,1,0,0,21950.0,2,37.29967880249024,-120.47525787353516,4
2018,2018-10-25,2236,10,3,22,4,Y,A,N,A,H,D,C,02,,22,H,,,Y,,E,Y,N,A,3,0,0,3,,3,37.351238250732415,-120.61949920654295,2
2018,2018-10-25,2040,10,3,20,4,N,A,Y,A,H,C,-,,N,03,C,,,,,C,N,F,A,2,0,0,0,22350.0,4,37.3266716003418,-120.50470733642578,4
2018,2018-10-19,1441,10,3,14,5,N,A,Y,A,H,A,A,01,S,09,D,,,,,C,Y,N,D,2,0,0,0,21804.0,2,37.29517364501953,-120.4516143798828,4
2018,2018-10-31,831,10,3,8,3,N,A,N,A,H,A,A,01,S,08,C,,Y,,,G,N,N,D,1,0,1,0,22107.0,2,37.33794403076172,-120.46897888183594,2
2018,2018-10-28,823,10,3,8,7,Y,A,N,A,H,A,A,01,,12,D,,,,,C,N,N,A,1,0,0,0,21453.0,2,37.29867935180664,-120.475830078125,4
2018,2018-10-10,652,10,3,6,3,Y,A,N,A,H,A,L,04,,21,D,,Y,,,G,N,N,D,1,0,1,0,22106.0,2,37.277130126953125,-120.4770278930664,3
2018,2018-10-03,1536,10,3,15,3,N,B,N,B,H,A,-,99,W,03,C,,,,,C,N,F,A,1,0,0,0,22350.0,2,37.29869842529297,-120.47588348388672,4
2018,2018-08-13,1623,8,2,16,1,N,A,N,A,H,A,A,01,N,03,C,,,,,C,Y,N,D,2,0,0,0,22350.0,2,37.25380706787109,-120.99734497070312,3
2018,2018-11-08,1206,11,3,12,4,N,A,N,A,H,A,A,01,N,03,C,,,,,C,N,N,A,1,0,0,0,22350.0,4,37.30955123901367,-120.46954345703124,4
2018,2018-11-06,1349,11,3,13,2,Y,A,N,A,H,A,D,22,,09,A,,,,,C,Y,N,A,1,0,0,0,21802.0,2,37.33213806152344,-120.43295288085938,4
2018,2018-11-03,831,11,3,8,6,N,A,N,A,H,A,A,01,W,21,D,,,,,C,Y,N,D,2,0,0,0,22106.0,2,37.319217681884766,-120.49661254882812,3
2018,2018-10-30,1843,10,3,18,2,N,A,N,A,H,C,A,01,E,03,C,,,,,C,Y,N,A,1,0,0,0,22350.0,3,37.31922912597656,-120.4774169921875,4
2018,2018-10-31,1201,10,3,12,3,N,A,N,A,H,A,D,22,E,08,H,,Y,,,G,N,N,D,1,0,1,0,22107.0,2,37.2981834411621,-120.50537872314452,3
2018,2018-10-24,1154,10,3,11,3,Y,A,N,A,H,A,A,01,,09,D,,,,,C,Y,N,A,1,0,0,0,21802.0,2,37.2995491027832,-120.49900817871094,4
2018,2018-11-02,1553,11,3,15,5,N,A,N,A,H,A,D,22,N,17,A,,,,,C,Y,N,A,1,0,0,0,21451.0,2,37.29872894287109,-120.47579956054688,3
2018,2018-10-31,1800,10,3,18,3,N,A,N,A,H,B,D,22,S,03,C,,,,,C,N,N,D,1,0,0,0,22350.0,3,37.301654815673835,-120.47412872314452,4
2018,2018-09-07,1430,9,3,14,5,N,A,N,A,H,A,A,01,W,03,C,,,,,E,N,N,D,1,0,0,0,22350.0,2,37.38230895996094,-120.73974609375,3
2018,2018-11-01,740,11,3,7,4,N,A,N,A,H,A,A,01,S,10,G,Y,,,,B,N,N,A,1,1,0,0,21950.0,2,37.32162857055664,-120.4693603515625,3
2018,2018-11-04,1815,11,3,18,7,Y,A,N,A,H,C,A,07,,10,G,Y,,,,B,N,N,D,1,1,0,0,21950.0,2,37.304641723632805,-120.47245025634766,3
2018,2018-11-23,1218,11,3,12,5,N,C,N,B,H,A,A,01,E,01,B,,,,,E,Y,N,D,1,0,0,0,23152.0,4,37.294715881347656,-120.49561309814452,4
2018,2018-11-05,712,11,3,7,1,N,A,N,A,H,A,A,07,E,06,H,,Y,,,G,N,N,A,1,0,1,0,21760.0,2,37.29468536376953,-120.46976470947266,4
2018,2018-11-04,2134,11,3,21,7,Y,A,N,A,H,C,A,01,,03,C,,,,,C,N,M,A,2,0,0,0,22350.0,2,37.31005,-120.46943,4
2018,2018-10-25,849,10,3,8,4,Y,A,N,A,H,A,A,07,,17,G,Y,,,,B,N,N,A,1,1,0,0,21451.0,2,37.29520034790039,-120.4536361694336,4
2018,2018-11-04,2125,11,3,21,7,Y,A,N,A,H,C,L,04,,03,B,,Y,,,G,N,N,A,1,0,1,0,22350.0,2,37.288249969482415,-120.49272918701172,3
2018,2018-08-09,902,8,2,9,4,Y,A,N,A,H,A,D,22,,09,A,,,,,C,N,N,D,2,0,0,0,21801.0,3,37.375038146972656,-120.7143325805664,3
2018,2018-11-29,1611,11,3,16,4,Y,C,N,B,H,A,D,22,,21,C,,,,,C,N,N,A,1,0,0,0,22106.0,2,37.35232162475586,-120.6026611328125,4
2018,2018-11-30,1132,11,3,11,5,N,B,N,A,H,A,D,22,S,07,B,,,,,C,Y,N,A,1,0,0,0,21658.0,2,37.36223602294922,-120.59577178955078,4
2018,2018-08-18,1512,8,2,15,6,N,A,N,A,H,A,F,27,E,08,B,,,,Y,C,Y,N,A,1,0,0,0,22107.0,2,37.060256958007805,-120.84645080566406,4
2018,2018-11-06,1820,11,3,18,2,N,A,N,A,H,C,A,01,,03,E,,,,,I,Y,N,D,1,0,0,0,22350.0,1,37.35356903076172,-120.6016082763672,2
2018,2018-11-05,1539,11,3,15,1,Y,A,N,A,H,A,N,60,,17,G,Y,,,,B,N,N,A,1,1,0,0,21461.0,2,37.36043167114258,-120.61093139648438,3
2018,2018-11-04,1830,11,3,18,7,N,A,N,A,H,D,A,01,,07,E,,,,,I,Y,N,D,1,0,0,0,21658.0,1,37.339649200439446,-120.58773040771484,4
2018,2018-11-17,1823,11,3,18,6,Y,A,N,A,H,A,A,01,,07,C,,,,,E,Y,N,D,1,0,0,0,21658.0,3,37.34592056274414,-120.59413909912108,4
2018,2018-11-16,1151,11,3,11,5,N,A,N,A,H,A,A,01,E,03,C,,,,,C,Y,F,A,1,0,0,0,22350.0,3,37.349830627441406,-120.59590911865234,4
2018,2018-10-28,1949,10,3,19,7,Y,A,Y,A,H,C,A,01,,12,D,,,,,C,Y,N,A,2,0,0,0,21453.0,2,37.29518508911133,-120.45404815673828,4
2018,2018-08-17,2500,8,2,25,5,N,A,Y,A,H,A,A,01,S,03,C,,,,,C,Y,N,D,2,0,0,0,22350.0,2,37.05686950683594,-120.86529541015624,4
2018,2018-08-11,500,8,2,5,6,N,A,N,A,H,C,A,01,E,01,C,,,,,C,Y,N,A,2,0,0,0,23153.0,2,37.07376480102539,-120.83275604248048,2
2018,2018-08-05,929,8,2,9,7,N,A,N,A,H,A,A,07,S,01,C,,,,,C,Y,M,D,1,0,0,0,23152.0,2,37.39028930664063,-120.70088958740234,4
2018,2018-08-24,1650,8,2,16,5,N,A,N,A,H,A,C,02,N,08,E,,,Y,,I,N,N,D,1,0,0,1,22107.0,1,37.38843,-120.7027,3
2018,2018-11-02,1056,11,3,10,5,N,A,N,A,H,A,D,22,S,03,C,,,,,C,Y,N,A,1,0,0,0,22350.0,3,37.32191467285156,-120.48704528808594,3
2018,2018-11-15,1143,11,3,11,4,Y,A,N,A,H,A,A,01,,06,D,,,,Y,C,N,N,D,1,0,0,0,21755.0,2,37.29151153564453,-120.45156860351562,4
2018,2018-11-26,2110,11,3,21,1,N,A,N,A,H,C,A,01,E,01,C,,,,,E,N,M,D,1,0,0,0,23152.0,3,37.35490036010742,-120.47679138183594,3
2018,2018-11-30,2249,11,3,22,5,N,A,N,A,H,C,A,01,W,01,E,,,,,I,Y,M,A,1,0,0,0,23152.0,1,37.27552032470703,-120.43353271484376,4
2018,2018-11-25,1717,11,3,17,7,N,A,N,A,H,C,A,01,W,01,C,,,,,C,Y,N,D,1,0,0,0,23152.0,2,37.33211517333984,-120.47528076171876,4
2018,2018-11-11,1545,11,3,15,7,Y,A,N,A,H,A,A,01,,09,D,,,,,C,Y,N,A,2,0,0,0,21802.0,2,37.2995491027832,-120.49900817871094,3
2018,2018-10-29,1827,10,3,18,1,N,A,N,A,H,C,A,07,S,03,G,Y,,,,B,N,N,D,1,1,0,0,22350.0,2,37.29150772094727,-120.45156860351562,4
2018,2018-09-09,446,9,3,4,7,N,B,N,A,H,C,A,01,E,01,C,,,,,E,Y,M,D,1,0,0,0,23152.0,3,37.37664413452149,-120.70804595947266,3
2018,2018-11-05,732,11,3,7,1,N,A,N,A,H,A,A,01,W,07,C,Y,,,,E,Y,N,D,3,2,0,0,21658.0,4,37.30963516235352,-120.47940063476562,3
2018,2018-11-08,1620,11,3,16,4,Y,A,N,A,H,A,D,22,,04,C,,,,,C,N,N,D,2,0,0,0,21703.0,2,37.306758880615234,-120.49127197265624,4
2018,2018-11-13,1832,11,3,18,2,N,A,N,A,H,C,D,22,S,03,C,,,,,C,Y,N,A,2,0,0,0,22350.0,3,37.29953384399414,-120.47534942626952,4
2018,2018-08-04,33,8,2,0,6,N,A,Y,A,H,C,A,01,W,08,E,,,,,I,Y,M,D,1,0,0,0,22107.0,1,37.056907653808594,-120.84329986572266,3
2018,2018-08-08,1002,8,2,10,3,N,A,Y,A,H,A,A,01,E,01,C,,,,Y,C,Y,N,A,1,0,0,0,23152.0,2,37.05693817138672,-120.83411407470705,3
2018,2018-08-17,0,8,2,0,5,N,A,Y,A,H,A,A,01,E,03,C,,,,,C,N,N,A,2,0,0,0,22350.0,2,37.056922912597656,-120.83521270751952,4
2018,2018-08-29,1146,8,2,11,3,N,A,N,A,H,A,A,01,W,09,D,,,,,C,N,N,D,1,0,0,0,21804.0,2,37.06143951416016,-120.84627532958984,3
2018,2018-08-16,1402,8,2,14,4,N,A,N,A,H,A,A,07,E,04,C,,,,,C,Y,N,A,1,0,0,0,21703.0,2,37.0633659362793,-120.85993194580078,4
2018,2018-08-03,2152,8,2,21,5,Y,A,N,A,H,C,A,01,,01,D,,,,,C,Y,N,A,3,0,0,0,23152.0,2,37.05900955200195,-120.84925842285156,3
2018,2018-08-29,816,8,2,8,3,Y,A,N,A,H,A,A,01,,03,C,,,,,C,Y,N,D,1,0,0,0,22350.0,2,37.0625114440918,-120.84867095947266,4
2018,2018-08-26,1809,8,2,18,7,N,A,N,A,H,A,A,01,E,07,C,,,,,C,Y,N,A,1,0,0,0,21658.0,2,37.05692672729492,-120.84922790527344,3
2018,2018-08-31,1500,8,2,15,5,Y,A,N,A,H,A,A,01,,08,D,,,,,C,N,N,A,1,0,0,0,22107.0,2,37.05691909790039,-120.85310363769533,4
2018,2018-06-10,1955,6,2,19,7,Y,A,N,A,H,A,D,72,,09,D,,,,,C,N,N,A,1,0,0,0,21802.0,2,37.378711700439446,-120.74160003662108,3
2018,2018-07-15,1742,7,2,17,7,Y,A,N,A,H,A,D,22,,08,A,,,,,C,Y,F,A,3,0,0,0,22107.0,2,37.38956069946289,-120.71215057373048,3
2018,2018-06-01,2301,6,2,23,5,N,A,Y,A,H,C,A,07,S,01,C,,,,,C,Y,N,A,4,0,0,0,23152.0,2,37.383647918701165,-120.7102279663086,3
2018,2018-07-29,2013,7,2,20,7,N,A,N,A,H,B,N,60,N,11,G,Y,,,,B,N,N,D,1,1,0,0,21954.0,2,37.37622833251953,-120.72344970703124,3
2018,2018-07-20,947,7,2,9,5,N,A,N,A,H,A,A,01,W,03,C,,,,,C,N,N,D,1,0,0,0,22350.0,4,37.38956451416016,-120.706787109375,3
2018,2018-08-28,1353,8,2,13,2,Y,A,Y,A,H,A,A,08,,12,D,,,,,C,Y,N,A,1,0,0,0,21453.0,2,37.05691909790039,-120.83920288085938,4
2018,2018-08-07,2058,8,2,20,2,Y,A,Y,A,H,C,-,,,01,C,,,,,C,Y,F,A,1,0,0,0,23153.0,2,37.05686569213867,-120.81801605224608,2
2018,2018-08-06,1757,8,2,17,1,Y,A,Y,A,H,A,D,22,,12,C,,,,,C,N,N,A,2,0,0,0,22450.0,2,37.05686950683594,-120.86529541015624,3
2018,2018-11-10,1718,11,3,17,6,N,A,N,A,H,C,D,22,W,01,C,,,,,C,Y,N,A,1,0,0,0,23152.0,2,37.297698974609375,-120.4764404296875,4
2018,2018-11-15,458,11,3,4,4,N,A,N,A,H,C,D,22,S,08,E,,,,,I,Y,N,D,1,0,0,0,22107.0,1,37.32346725463867,-120.4718780517578,2
2018,2018-11-19,1615,11,3,16,1,N,A,N,A,H,A,D,22,W,- ,-,,,,,C,Y,N,-,2,0,0,0,,2,37.319217681884766,-120.47858428955078,3
2018,2018-11-19,2124,11,3,21,1,N,A,N,A,H,C,N,60,S,11,G,Y,,,,B,N,N,D,1,1,0,0,21954.0,2,37.32137298583984,-120.46936798095705,2
2018,2018-11-11,1441,11,3,14,7,Y,A,N,A,H,A,A,01,,12,D,,,,,C,Y,N,A,4,0,0,0,21453.0,3,37.29932022094727,-120.48092651367188,3
2018,2018-11-18,1951,11,3,19,7,Y,A,N,A,H,C,N,60,,11,G,Y,,,,B,N,N,D,1,1,0,0,21955.0,2,37.30263900756836,-120.4899673461914,2
2018,2018-11-17,1354,11,3,13,6,Y,A,N,A,H,A,A,01,,08,D,,,,,C,Y,N,D,1,0,0,0,22107.0,2,37.31932830810546,-120.48468017578124,4
2018,2018-09-11,1629,9,3,16,2,Y,A,N,A,H,A,A,01,,09,D,,,,,C,N,N,D,2,0,0,0,21802.0,2,37.064128875732415,-120.81315612792967,4
2018,2018-09-20,2119,9,3,21,4,N,A,N,A,H,C,D,82,W,01,D,,,,,E,Y,N,A,1,0,0,0,23152.0,2,37.04650115966797,-120.8274154663086,3
2018,2018-09-18,734,9,3,7,2,N,A,N,A,H,A,A,71,W,08,B,,,,,E,N,N,D,1,0,0,0,22107.0,2,37.04940032958984,-120.86669158935548,3
2018,2018-12-06,930,12,4,9,4,N,A,N,B,H,A,A,01,S,01,C,,,,,C,Y,N,A,5,0,0,0,23152.0,5,37.302547454833984,-120.5009536743164,3
2018,2018-12-15,1420,12,4,14,6,N,A,N,A,H,A,-,,W,01,C,,,,,C,Y,F,A,2,0,0,0,23152.0,2,37.296401977539055,-120.47724151611328,4
2018,2018-11-15,1905,11,3,19,4,Y,A,N,A,H,C,A,01,,08,D,,Y,,,G,N,N,D,1,0,1,0,22107.0,2,37.31249,-120.49886,4
2018,2018-11-05,759,11,3,7,1,Y,A,N,A,H,A,L,04,,11,H,,Y,,,G,N,N,A,1,0,1,0,21950.0,2,37.326370239257805,-120.4868392944336,3
2018,2018-11-27,515,11,3,5,2,N,A,N,A,H,B,-,99,W,16,B,,,,,C,Y,F,D,1,0,0,0,24002.0,2,37.287879943847656,-120.4154815673828,3
2018,2018-11-26,1221,11,3,12,1,N,B,N,A,H,A,D,22,S,03,C,,,,,C,Y,N,A,1,0,0,0,22350.0,4,37.313202,-120.478689,4
2018,2018-12-07,1441,12,4,14,5,Y,A,N,A,H,A,D,22,,03,C,,,,,C,N,N,A,1,0,0,0,22350.0,3,37.34812927246094,-120.61244964599608,4
2018,2018-12-07,1649,12,4,16,5,N,A,N,A,H,B,D,22,S,09,D,,,,,C,N,N,A,1,0,0,0,21804.0,2,37.36005401611328,-120.59616088867188,3
2018,2018-12-01,1711,12,4,17,6,Y,B,N,B,H,C,A,08,,09,D,,,,,C,N,N,A,1,0,0,0,21801.0,2,37.305789947509766,-120.49183654785156,4
2018,2018-12-07,722,12,4,7,5,N,E,N,B,H,A,A,01,W,03,C,,,,,C,N,N,A,1,0,0,0,22350.0,3,37.31922912597656,-120.49518585205078,4
2018,2018-12-27,115,12,4,1,4,N,A,N,A,H,C,A,01,W,12,D,,,,,C,Y,F,A,3,0,0,0,21453.0,2,37.30776977539063,-120.47100067138672,3
2018,2018-11-17,1048,11,3,10,6,Y,A,N,A,H,A,A,07,,12,D,,,,,C,N,N,A,2,0,0,0,21453.0,2,37.305419921875,-120.48105621337892,4
2018,2018-11-27,1705,11,3,17,2,Y,B,N,B,H,C,D,22,,10,G,Y,,,,B,N,F,A,1,1,0,0,21950.0,2,37.31925964355469,-120.4904327392578,4
2018,2018-11-25,1012,11,3,10,7,Y,B,N,A,H,A,A,01,,12,D,,,,,C,Y,N,A,3,0,0,0,22450.0,2,37.28448867797852,-120.48210144042967,4
2018,2018-11-23,1651,11,3,16,5,N,C,N,B,H,C,A,07,,09,D,,,,,C,Y,N,A,2,0,0,0,21801.0,2,37.29867935180664,-120.475830078125,4
2018,2018-11-29,1203,11,3,12,4,Y,B,N,B,H,A,A,01,,09,D,,,,,C,N,N,A,1,0,0,0,21800.0,2,37.30133056640625,-120.4797821044922,3
2018,2018-12-24,450,12,4,4,1,N,A,N,A,H,D,A,01,W,01,E,,,,,I,Y,N,A,1,0,0,0,23152.0,1,37.37570190429688,-120.46836090087892,3
2018,2018-12-27,1303,12,4,13,4,Y,A,N,A,H,A,D,22,,09,A,,,,,C,Y,N,D,2,0,0,0,21804.0,2,37.31932830810546,-120.48468017578124,4
2018,2018-12-18,1340,12,4,13,2,N,A,N,A,H,A,A,07,S,03,C,,,,,C,N,N,A,3,0,0,0,22350.0,4,,,4
2018,2018-12-03,1711,12,4,17,1,Y,A,N,A,H,C,A,01,,09,D,,,,,C,Y,N,A,1,0,0,0,21802.0,4,37.303089141845696,-120.48784637451172,4
2018,2018-12-03,1738,12,4,17,1,Y,A,N,A,H,C,A,01,,09,D,,,,,C,Y,N,A,2,0,0,0,21804.0,2,37.32699966430664,-120.47853088378906,4
2018,2018-12-04,739,12,4,7,2,N,B,N,A,H,A,A,07,E,03,C,,,,,C,N,N,D,3,0,0,0,22350.0,2,37.30165863037109,-120.47078704833984,4
2018,2018-12-04,1428,12,4,14,2,Y,B,N,A,H,A,A,07,,09,A,,,,,C,Y,N,A,3,0,0,0,21801.0,2,37.30270004272461,-120.47355651855467,3
2018,2018-12-04,1728,12,4,17,2,Y,A,N,A,H,C,A,08,,12,D,,,,,C,Y,N,A,1,0,0,0,22450.0,2,37.303089141845696,-120.48784637451172,4
2018,2018-12-05,903,12,4,9,3,N,C,N,B,H,A,A,01,W,08,B,,,Y,,C,Y,N,D,1,0,0,1,22107.0,2,37.29988479614258,-120.48238372802734,4
2018,2018-12-07,1219,12,4,12,5,Y,A,N,A,H,A,A,01,,12,D,,,,,C,Y,N,A,1,0,0,0,22450.0,2,37.35070037841797,-120.606689453125,4
2018,2018-11-25,653,11,3,6,7,N,E,Y,B,H,B,A,01,S,05,B,,,,,C,Y,N,D,5,0,0,0,21650.0,2,37.322784423828125,-120.50482177734376,3
2018,2018-11-22,530,11,3,5,4,Y,C,Y,B,H,C,A,01,,03,E,,,,,J,Y,N,A,3,0,0,0,22350.0,1,37.31909942626953,-120.5049285888672,3
2018,2018-10-09,1854,10,3,18,2,N,A,Y,A,H,C,A,01,W,03,C,,,,,C,Y,N,A,2,0,0,0,22350.0,4,37.0567512512207,-120.88264465332033,4
2018,2018-09-19,1507,9,3,15,3,Y,A,Y,A,H,A,-,,,09,C,,,,,C,N,N,A,1,0,0,0,21804.0,2,37.0767936706543,-120.83504486083984,4
2018,2018-09-24,1107,9,3,11,1,Y,A,Y,A,H,A,D,22,,09,H,,Y,,,G,N,N,A,1,0,1,0,21453.0,2,37.056922912597656,-120.83535766601562,3
2018,2018-09-06,1235,9,3,12,4,N,A,Y,A,H,A,A,01,E,03,C,,,,,C,N,N,A,1,0,0,0,22350.0,2,37.0568962097168,-120.84652709960938,4
2018,2018-09-07,1556,9,3,15,5,N,A,Y,A,H,A,D,22,N,09,D,,,,,C,Y,N,D,2,0,0,0,21804.0,2,37.05558395385742,-120.83539581298828,3
2018,2018-10-19,1226,10,3,12,5,N,A,Y,A,H,A,D,22,E,03,C,,,,,C,N,N,D,1,0,0,0,22350.0,2,37.056953430175774,-120.83265686035156,4
2018,2018-09-09,1703,9,3,17,7,N,A,Y,A,H,A,A,01,E,03,C,,,,,C,N,N,D,1,0,0,0,22350.0,2,37.056884765625,-120.85556793212892,4
2018,2018-09-10,1819,9,3,18,1,N,A,N,A,H,A,A,01,W,09,D,,,,,C,Y,N,D,4,0,0,0,21804.0,2,37.05678939819336,-120.8795166015625,2
2018,2018-09-18,1808,9,3,18,2,N,A,Y,A,H,A,A,01,E,01,E,,,,,I,Y,M,A,1,0,0,0,23152.0,1,37.056922912597656,-120.83535766601562,3
2018,2018-10-16,1653,10,3,16,2,Y,A,Y,A,H,A,A,01,,10,G,Y,,,,B,N,N,A,2,1,0,0,21950.0,2,37.069244384765625,-120.8351593017578,4
2018,2018-10-04,947,10,3,9,4,N,A,Y,A,H,A,A,01,E,03,C,,,,,C,Y,N,A,3,0,0,0,22350.0,2,37.056838989257805,-120.88211822509766,4
2018,2018-10-04,1135,10,3,11,4,N,A,Y,A,H,A,A,07,E,03,C,,,,,C,N,N,A,1,0,0,0,22350.0,2,37.05689239501953,-120.8501205444336,4
2018,2018-10-12,144,10,3,1,5,N,A,Y,A,H,C,A,01,E,08,E,,,,,I,Y,N,A,3,0,0,0,22107.0,1,37.04930114746094,-120.83552551269533,2
2018,2018-12-25,2208,12,4,22,2,N,A,N,A,H,C,J,48,W,09,D,,Y,,,G,N,N,D,1,0,1,0,21802.0,2,37.29148483276367,-120.45446014404295,3
2018,2018-12-28,2140,12,4,21,5,N,A,N,A,H,C,D,22,W,08,D,,,,,C,Y,N,D,2,0,0,0,22107.0,2,37.29521179199219,-120.45573425292967,3
2018,2018-09-06,1336,9,3,13,4,Y,A,N,A,H,A,A,01,,09,D,,,,,D,Y,N,A,2,0,0,0,21802.0,2,37.06919860839844,-120.83506011962892,3
2018,2018-09-13,2355,9,3,23,4,N,A,N,A,H,D,-,,N,08,F,,,,,A,Y,N,D,2,0,0,0,22107.0,1,37.063953,-120.877494,3
2018,2018-09-07,1204,9,3,12,5,N,A,N,A,H,A,A,01,W,08,D,,,,,C,N,N,D,1,0,0,0,22107.0,2,37.06632232666016,-120.84264373779295,3
2018,2018-09-08,2006,9,3,20,6,Y,A,N,A,H,D,-,,,09,D,,,,,C,Y,N,D,2,0,0,0,21800.0,2,37.06644821166992,-120.85984802246094,3
2018,2018-09-20,803,9,3,8,4,N,A,N,-,H,A,A,01,W,08,A,,,,,E,N,N,D,1,0,0,0,22107.0,2,37.07830047607422,-120.84223175048828,3
2018,2018-09-22,1403,9,3,14,6,Y,A,N,A,H,A,-,- ,,00,D,,,,,C,N,N,A,1,0,0,0,,2,37.05931854248047,-120.84715270996094,3
2018,2018-10-23,1412,10,3,14,2,Y,A,N,A,H,A,A,01,,09,D,,,,,C,Y,N,A,1,0,0,0,21802.0,2,37.06127166748047,-120.8514404296875,3
2018,2018-10-15,721,10,3,7,1,Y,A,N,A,H,A,A,01,,09,D,,,,,C,N,N,A,1,0,0,0,21802.0,2,37.05931854248047,-120.84715270996094,3
2018,2018-10-12,2022,10,3,20,5,N,A,N,A,H,C,-,,W,03,C,,,,,C,N,N,A,1,0,0,0,22350.0,2,37.049510955810554,-120.8538818359375,4
2018,2018-10-23,749,10,3,7,2,Y,A,N,A,H,A,A,01,,10,G,Y,,,,B,Y,N,B,1,1,0,0,21950.0,2,37.061569213867195,-120.81768035888672,4