ACCIDENT_YEAR,COLLISION_DATE,COLLISION_TIME,MONTH,SEASON,24HOURS,DAY_OF_WEEK,INTERSECTION,WEATHER_1,STATE_HWY_IND,ROAD_SURFACE,ROAD_COND_1,LIGHTING,STWD_VEHTYPE_AT_FAULT,CHP_VEHTYPE_AT_FAULT,DIRECTION,PCF_VIOL_CATEGORY,TYPE_OF_COLLISION,PEDESTRIAN_ACCIDENT,BICYCLE_ACCIDENT,MOTORCYCLE_ACCIDENT,TRUCK_ACCIDENT,MVIW,TOW_AWAY,HIT_AND_RUN,CONTROL_DEVICE,NUMBER_INJURED,COUNT_PED_INJURED,COUNT_BICYCLIST_INJURED,COUNT_MC_INJURED,PCF_VIOLATION,PARTY_COUNT,POINT_Y,POINT_X,COLLISION_SEVERITY
2015,2015-12-22,1158,12,4,11,2,N,B,Y,A,H,A,D,22,N,03,C,,,,,C,Y,N,D,2,0,0,0,22350.0,4,36.89147366,-120.80301852,4
2015,2015-09-19,2210,9,3,22,6,Y,A,N,A,B,D,C,02,,01,E,,,Y,,I,Y,N,D,0,0,0,0,23152.0,1,37.37514991,-120.77796992,1
2015,2015-11-24,1656,11,3,16,2,Y,B,N,B,H,C,A,07,,05,B,,,,,C,N,M,D,1,0,0,0,21752.0,2,37.3968999,-120.63134,4
2015,2015-12-21,755,12,4,7,1,Y,B,N,A,H,A,A,01,,09,D,,,,,C,Y,N,D,1,0,0,0,21802.0,2,36.95264003,-120.59959993,2
2015,2015-12-27,2336,12,4,23,7,N,A,Y,A,H,D,A,01,N,03,C,,,,,C,Y,N,D,3,0,0,0,22350.0,2,36.89248022,-120.80389824,3
2015,2015-12-27,1705,12,4,17,7,N,B,Y,A,H,D,A,01,N,03,C,,,,,C,Y,N,D,3,0,0,0,22350.0,2,36.87440441,-120.79075219,4
2015,2015-11-21,2051,11,3,20,6,N,A,N,A,H,D,A,01,N,05,A,,,,Y,C,Y,F,D,1,0,0,0,21650.0,3,37.23679997,-120.48803833,2
2015,2015-11-27,1302,11,3,13,5,Y,A,Y,A,H,A,A,01,,12,D,,,,,C,Y,N,A,2,0,0,0,22450.0,2,37.2884,-120.45729,3
2015,2015-12-24,740,12,4,7,4,Y,B,N,A,H,A,A,07,,09,D,,,,,C,Y,N,D,1,0,0,0,21801.0,2,37.39135993,-120.62248991,4
2015,2015-12-29,1720,12,4,17,2,Y,A,Y,A,H,B,A,07,,09,D,,,,,C,Y,N,D,2,0,0,0,21801.0,2,37.33922995,-120.50428991,4
2015,2015-11-19,416,11,3,4,4,N,A,N,A,H,D,A,01,E,08,E,,,,,I,Y,N,D,0,0,0,0,22107.0,1,37.31790635,-120.39854411,1
2015,2015-10-16,1840,10,3,18,5,Y,A,N,A,H,B,N,60,,11,G,Y,,,,B,N,N,D,0,0,0,0,21954.0,2,37.38070992,-120.61357987,1
2015,2015-12-30,1400,12,4,14,3,N,A,Y,A,H,A,A,01,N,03,C,,,,,C,Y,N,D,1,0,0,0,22350.0,2,37.40570121,-120.85011719,4
2016,2016-01-05,1240,1,4,12,2,N,C,N,B,H,A,A,01,N,03,C,,,,,C,N,N,D,2,0,0,0,22350.0,3,37.37825933,-120.61362707,4
2015,2015-12-13,1700,12,4,17,7,N,A,Y,A,H,D,A,01,S,08,B,,,,,C,Y,N,D,3,0,0,0,22107.0,3,37.38765905,-120.72181834,4
2016,2016-01-06,1540,1,4,15,3,N,B,Y,B,H,A,A,07,S,01,F,,,,,A,Y,N,D,2,0,0,0,23152.0,1,37.26949987,-120.85133977,1
2016,2016-01-04,725,1,4,7,1,N,B,Y,A,H,A,A,01,S,03,C,,,,,C,N,N,D,1,0,0,0,22350.0,2,37.31569351,-120.52636962,4
2015,2015-12-30,200,12,4,2,3,Y,A,Y,A,H,D,D,22,,12,E,,,,,I,Y,N,A,1,0,0,0,22450.0,1,37.51591056,-120.45311593,3
2015,2015-12-15,2145,12,4,21,2,N,A,Y,A,H,D,A,01,,05,A,,,,Y,C,Y,N,D,1,0,0,0,21650.0,2,37.4422112,-120.84933428,2
2016,2016-01-04,1422,1,4,14,1,N,B,Y,B,H,A,A,01,S,03,C,,,,,C,Y,N,D,1,0,0,0,22350.0,3,37.41742108,-120.84999905,4
2015,2015-12-20,755,12,4,7,7,Y,E,N,B,H,B,A,01,,09,D,,,,,C,Y,N,A,3,0,0,0,21802.0,2,37.32048008,-120.5775699,3
2015,2015-12-24,1809,12,4,18,4,Y,B,Y,B,H,D,A,07,,09,D,,,,,C,Y,N,D,2,0,0,0,21801.0,2,37.3026502,-120.54106993,4
2015,2015-12-24,2048,12,4,20,4,N,B,N,B,H,C,A,01,W,01,C,,,,,C,Y,N,D,2,0,0,0,23152.0,2,37.3489528,-120.5587487,4
2015,2015-12-29,2057,12,4,20,2,N,A,Y,A,H,D,A,01,N,08,E,,,,,I,Y,N,D,1,0,0,0,22107.0,1,37.3224543,-120.5448987,4
2015,2015-12-30,1250,12,4,12,3,N,A,N,A,H,A,A,01,S,03,C,,,,,C,Y,N,D,2,0,0,0,22350.0,2,37.37442088,-120.61369047,4
2016,2016-01-04,504,1,4,5,1,N,A,Y,A,H,D,-,- ,N,07,B,,,,Y,C,N,N,D,1,0,0,0,21658.0,2,37.35475933,-120.63287569,4
2015,2015-11-30,2100,11,3,21,1,N,A,Y,A,H,D,A,01,E,08,F,,,,,A,Y,N,D,1,0,0,0,22107.0,1,37.08862534,-121.15962613,1
2016,2016-01-05,745,1,4,7,2,N,C,N,B,H,A,A,01,S,08,E,,,,,I,Y,N,D,1,0,0,0,22107.0,1,37.47459257,-120.44312705,4
2015,2015-12-23,1325,12,4,13,3,N,A,N,A,H,A,A,01,E,08,E,,,,,J,Y,N,D,1,0,0,0,22107.0,1,37.3821115,-120.64776328,4
2016,2016-01-02,1717,1,4,17,6,N,A,N,A,H,C,A,01,E,01,D,,,,,E,Y,N,D,1,0,0,0,23152.0,3,37.32604,-120.52686,3
2016,2016-01-09,2233,1,4,22,6,N,B,Y,A,H,D,A,01,S,08,E,,,,,J,Y,N,D,1,0,0,0,22107.0,1,37.34333618,-120.61008303,4
2016,2016-01-03,1830,1,4,18,7,N,B,Y,A,H,C,D,22,E,08,E,,,,,I,Y,M,D,1,0,0,0,22107.0,1,37.05555821,-120.75826057,3
2015,2015-12-20,1310,12,4,13,7,N,B,Y,A,H,A,-,99,N,08,B,,,,,C,N,M,D,2,0,0,0,22107.0,2,37.31477147,-120.52385291,4
2015,2015-12-28,1245,12,4,12,1,N,B,N,A,H,A,A,01,W,08,E,,,,,I,Y,N,D,1,0,0,0,22107.0,1,37.5541341,-120.54540426,4
2016,2016-01-08,925,1,4,9,5,N,B,Y,A,H,A,A,01,N,08,E,,,,,I,Y,N,D,1,0,0,0,22107.0,1,37.12795015,-120.83481491,4
2016,2016-01-06,745,1,4,7,3,N,C,N,B,H,A,A,01,N,03,E,,,,,I,Y,N,D,1,0,0,0,22350.0,1,37.409796,-120.45225327,4
2016,2016-01-09,108,1,4,1,6,N,B,Y,A,H,D,A,01,W,08,E,,,,,I,Y,N,D,2,0,0,0,22107.0,1,37.05453873,-120.67568017,4
2016,2016-01-04,1834,1,4,18,1,N,B,N,A,H,D,A,01,E,06,B,,,,,C,Y,N,D,1,0,0,0,21750.0,2,37.40416014,-120.83993032,3
2016,2016-01-11,1336,1,4,13,1,N,A,Y,A,H,A,A,07,S,08,F,,,,,I,Y,N,D,2,0,0,0,22107.0,1,36.899791,-120.8097819,3
2016,2016-01-07,1905,1,4,19,4,N,A,N,A,H,D,A,01,S,08,E,,,,,I,Y,N,D,1,0,0,0,22107.0,1,37.35159384,-120.63272125,4
2016,2016-01-13,738,1,4,7,3,N,B,Y,B,H,A,D,22,S,08,F,,,,,A,Y,N,D,1,0,0,0,22107.0,1,37.43587187,-120.78161809,3
2016,2016-01-15,1147,1,4,11,5,Y,A,N,A,H,A,-,- ,,18,E,,,,,I,Y,N,D,1,0,0,0,,1,37.32865001,-120.52177996,4
2016,2016-01-12,650,1,4,6,2,N,A,Y,A,H,A,A,01,S,03,C,,,,,C,Y,N,D,2,0,0,0,22350.0,2,37.37428973,-120.50317073,4
2016,2016-01-06,1742,1,4,17,3,N,B,Y,B,H,D,A,01,N,05,D,,,,,C,Y,N,D,1,0,0,0,21650.0,2,36.97834983,-120.63560031,2
2016,2016-01-14,1730,1,4,17,4,N,B,N,A,H,D,A,01,E,03,C,,,,Y,C,Y,N,D,1,0,0,0,22350.0,2,37.19123626,-120.32874034,4
2015,2015-12-10,400,12,4,4,4,N,A,N,A,H,D,D,22,S,01,E,,,,,I,Y,N,D,1,0,0,0,23152.0,1,37.02761,-120.89074,1
2016,2016-01-12,1325,1,4,13,2,N,B,Y,A,H,A,A,01,E,03,C,,,,Y,C,Y,N,D,1,0,0,0,22350.0,3,37.24581647,-121.01851,2
2016,2016-01-16,905,1,4,9,6,N,B,Y,B,H,A,A,07,W,08,F,,,,,A,Y,N,D,1,0,0,0,22107.0,1,37.08467674,-121.1873275,3
2016,2016-01-17,1724,1,4,17,7,N,B,Y,A,H,D,A,01,W,07,C,,,,,C,Y,N,D,8,0,0,0,21658.0,2,37.05423315,-120.70810127,4
2016,2016-01-09,1810,1,4,18,6,N,A,N,A,H,D,A,01,E,01,E,,,,,I,Y,N,D,2,0,0,0,23152.0,1,37.10001687,-120.87056844,4
2016,2016-01-20,1135,1,4,11,3,N,B,N,A,D,A,A,07,W,03,C,,,,Y,C,Y,N,D,4,0,0,0,22350.0,2,37.09906519,-120.78617009,3
2016,2016-01-14,1230,1,4,12,4,N,A,Y,A,H,A,A,01,W,07,B,,,,,C,Y,N,D,1,0,0,0,21658.0,2,37.05658976,-120.96712002,4
2016,2016-01-10,1855,1,4,18,7,N,B,N,A,H,C,A,01,W,01,C,,,,,C,Y,N,D,4,0,0,0,23152.0,2,37.33231398,-120.52768403,2
2016,2016-01-18,1655,1,4,16,1,N,B,Y,A,H,A,A,01,N,03,C,,,,Y,C,Y,N,D,1,0,0,0,22350.0,2,37.38571848,-120.71649864,4
2015,2015-12-18,1730,12,4,17,5,N,A,Y,A,H,D,A,01,E,08,B,,,,,C,Y,N,D,1,0,0,0,22107.0,2,37.36025469,-120.57235916,4
2016,2016-01-20,350,1,4,3,3,N,B,Y,A,H,D,G,27,N,08,F,,,,Y,A,Y,N,D,1,0,0,0,22107.0,1,36.89383669,-120.80461836,4
2016,2016-01-13,1457,1,4,14,3,N,A,N,A,H,A,A,01,E,08,D,,,,,C,N,N,D,3,0,0,0,22107.0,2,,,4
2016,2016-01-19,745,1,4,7,2,N,B,Y,B,H,A,A,01,N,03,E,,,,,I,Y,N,D,1,0,0,0,22350.0,1,37.36344792,-120.65702915,4
2016,2016-01-14,211,1,4,2,4,Y,A,N,A,H,D,A,01,,03,E,,,,,I,Y,F,D,2,0,0,0,22350.0,1,37.01117002,-120.70798986,2
2016,2016-01-20,1443,1,4,14,3,Y,A,N,A,H,A,A,07,,05,D,,,,,C,N,N,A,2,0,0,0,21460.0,2,37.41164993,-120.86824988,3
2016,2016-01-21,1457,1,4,14,4,Y,B,N,A,H,A,D,22,,09,D,,,,,C,Y,N,A,3,0,0,0,21802.0,2,37.44830999,-120.73995,4
2016,2016-01-13,1626,1,4,16,3,N,A,Y,A,H,A,A,01,W,08,F,,,,Y,A,Y,N,D,1,0,0,0,22107.0,2,37.07862846,-121.19711846,3
2016,2016-01-24,235,1,4,2,7,N,B,Y,A,H,D,A,01,N,03,C,,,,,C,Y,N,D,1,0,0,0,22350.0,2,37.36590151,-120.66383989,4
2016,2016-01-17,140,1,4,1,7,N,B,Y,B,H,D,A,01,W,01,E,,,,,I,Y,N,D,1,0,0,0,23152.0,1,37.07548194,-121.08257278,3
2016,2016-01-25,2115,1,4,21,1,N,A,Y,A,H,D,A,01,N,03,C,,,,,C,Y,N,D,2,0,0,0,22350.0,2,37.03225011,-120.63557727,4
2016,2016-01-18,430,1,4,4,1,N,C,Y,B,H,D,-,99,N,08,B,,,,,C,Y,F,D,2,0,0,0,22107.0,2,37.36285102,-120.65462981,4
2016,2016-01-21,2327,1,4,23,4,N,A,N,A,H,D,D,22,E,01,A,,,,,E,Y,N,D,1,0,0,0,23152.0,2,37.31756758,-120.5276855,4
2016,2016-01-26,2225,1,4,22,2,N,A,N,A,H,D,A,01,W,08,E,,,,,I,Y,N,D,1,0,0,0,22107.0,1,37.35304204,-120.63982472,4
2015,2015-12-07,2100,12,4,21,1,N,A,N,A,H,D,N,60,S,11,G,Y,,,,B,N,F,D,0,0,0,0,21956.0,2,37.28659712,-120.46980371,1
2016,2016-01-26,1805,1,4,18,2,N,A,Y,A,H,C,D,22,N,03,C,,,,,C,Y,N,D,1,0,0,0,22350.0,2,37.29732,-120.48469,4
2016,2016-01-31,930,1,4,9,7,N,C,Y,B,H,A,A,01,S,03,F,,,,,A,Y,N,D,2,0,0,0,22350.0,1,37.31358793,-120.52015882,4
2016,2016-01-27,1950,1,4,19,3,N,A,N,A,H,D,-,- ,E,08,B,,Y,,,G,N,F,D,1,0,1,0,22107.0,2,36.98168,-120.59940624,3
2016,2016-01-27,710,1,4,7,3,N,A,Y,A,H,B,G,25,S,08,E,,,,Y,I,Y,N,D,2,0,0,0,22107.0,1,36.91670001,-120.82672254,4
2016,2016-01-22,10,1,4,0,5,N,B,Y,A,H,D,A,07,N,08,F,,,,,A,Y,N,D,1,0,0,0,22107.0,1,37.1521645,-120.8264968,3
2015,2015-12-31,2500,12,4,25,4,N,A,Y,A,H,D,A,01,N,08,F,,,,,A,Y,N,D,0,0,0,0,22107.0,1,37.14494142,-121.01446063,1
2016,2016-01-13,1640,1,4,16,3,N,A,N,A,H,D,A,01,W,06,B,,,,,C,Y,F,D,1,0,0,0,21750.0,3,37.44931198,-120.60152382,3
2016,2016-01-24,530,1,4,5,7,N,A,Y,A,H,D,A,07,N,07,C,,,,,C,Y,N,D,2,0,0,0,21658.0,2,37.06413255,-120.97675709,4
2016,2016-01-24,531,1,4,5,7,N,A,Y,A,H,D,A,01,N,03,C,,,,,C,Y,N,D,2,0,0,0,22350.0,2,37.06413255,-120.97675709,4
2016,2016-01-24,2500,1,4,25,7,N,A,N,A,H,D,A,07,W,01,F,,,,,A,Y,M,D,1,0,0,0,23152.0,1,37.22928715,-120.35311535,2
2016,2016-01-30,1335,1,4,13,6,N,B,Y,A,H,A,A,01,S,08,E,,,,,I,Y,N,D,3,0,0,0,22107.0,1,37.02584302,-120.93967717,3
2016,2016-02-01,1135,2,4,11,1,N,A,N,A,H,A,D,22,E,01,E,,,,,I,Y,N,D,1,0,0,0,23152.0,1,,,3
2016,2016-02-01,640,2,4,6,1,Y,A,N,A,H,A,D,22,,05,D,,,,,C,Y,N,D,1,0,0,0,21460.0,2,37.4684599,-120.63081,3
2016,2016-02-03,1148,2,4,11,3,Y,A,Y,A,H,A,A,07,,09,D,,,,,C,Y,N,D,3,0,0,0,21802.0,2,37.44877,-120.79878,4
2016,2016-02-05,727,2,4,7,5,N,A,Y,A,H,A,A,01,N,04,C,,,,,C,Y,N,D,1,0,0,0,21703.0,3,37.34574565,-120.61661208,4
2016,2016-02-05,728,2,4,7,5,N,A,Y,A,H,A,A,01,N,08,E,,,,,I,Y,N,D,2,0,0,0,22107.0,2,37.34480322,-120.6140404,4
2019,2019-12-22,149,12,4,1,7,N,A,N,A,H,C,A,01,W,01,E,,,,,I,Y,N,D,1,0,0,0,23152.0,1,37.29520034790039,-120.45282745361328,4
2016,2016-02-07,2120,2,4,21,7,N,A,Y,A,H,C,A,01,N,01,C,,,,,C,Y,N,A,2,0,0,0,23152.0,3,37.44916715,-120.8491,3
2016,2016-02-04,501,2,4,5,4,N,A,N,A,H,D,A,01,E,01,E,,,,,I,Y,N,A,2,0,0,0,23152.0,1,37.43364498,-120.67442518,2
2016,2016-02-03,1745,2,4,17,3,Y,A,N,A,H,C,A,01,,09,A,,,,,C,Y,N,D,1,0,0,0,21801.0,2,37.36048991,-120.57273989,4
2016,2016-02-08,800,2,4,8,1,N,A,N,A,H,A,N,60,E,11,C,Y,,,,E,Y,N,D,1,0,0,0,21954.0,3,37.34508914,-120.54804883,4
2016,2016-01-23,2021,1,4,20,6,N,B,N,A,H,D,A,07,S,01,B,,,,,C,Y,N,A,0,0,0,0,23152.0,3,37.01292332,-120.85498077,1
2015,2015-12-18,1730,12,4,17,5,N,A,N,A,H,D,D,22,W,09,A,,,Y,,C,Y,N,D,0,0,0,0,21801.0,2,37.33132002,-120.67808063,1
2016,2016-02-03,1630,2,4,16,3,Y,A,Y,A,H,A,A,01,,09,D,,,,,C,N,N,D,2,0,0,0,21802.0,2,37.40952993,-120.85007998,4
2016,2016-02-06,2005,2,4,20,6,N,A,Y,A,H,D,A,01,N,01,F,,,,,A,Y,N,D,1,0,0,0,23152.0,1,37.30520484,-120.50646182,4
2016,2016-02-12,755,2,4,7,5,N,E,Y,A,H,A,A,01,N,03,C,,,,,C,Y,N,D,1,0,0,0,22350.0,2,37.43431687,-120.84969116,4
2016,2016-02-15,1035,2,4,10,1,N,A,N,A,H,A,D,22,E,09,D,,,,,C,Y,N,D,3,0,0,0,21804.0,2,37.12245639,-121.01167874,3
2016,2016-02-15,2129,2,4,21,1,N,B,N,A,H,C,-,99,S,03,C,,,,,C,N,F,A,1,0,0,0,22350.0,2,37.37437033,-120.59554,4
2016,2016-02-15,2335,2,4,23,1,N,A,Y,A,H,D,A,01,N,08,E,,,,,I,Y,N,D,1,0,0,0,22107.0,1,37.44880131,-120.79717687,4
2016,2016-02-17,728,2,4,7,3,N,A,Y,A,H,A,A,01,S,03,C,,,,,C,N,N,D,1,0,0,0,22350.0,2,37.40865236,-120.75159804,4
2016,2016-02-12,1500,2,4,15,5,N,A,Y,A,H,A,A,01,E,08,E,,,,,I,Y,N,D,1,0,0,0,22107.0,1,37.29583063,-120.36090756,4
2015,2015-11-09,1910,11,3,19,1,N,B,N,B,H,D,N,60,W,11,G,Y,,,,B,N,F,D,0,0,0,0,21956.0,2,37.31956188,-120.53627311,1
2016,2016-02-13,1000,2,4,10,6,N,A,N,A,H,A,A,01,N,08,C,,,,,C,Y,N,D,1,0,0,0,22107.0,3,37.43035059,-120.7764558,4
2016,2016-02-11,545,2,4,5,4,N,A,Y,A,H,D,A,01,N,06,A,,,Y,,C,Y,N,D,1,0,0,1,21751.0,2,37.48368082,-120.50312465,2
2016,2016-02-10,2140,2,4,21,3,N,A,N,A,H,D,A,01,N,08,E,,,,,I,Y,N,D,1,0,0,0,22107.0,1,37.39754851,-120.7596005,4
2016,2016-02-11,2500,2,4,25,4,N,A,N,A,H,D,A,01,W,08,E,,,,,I,Y,N,D,1,0,0,0,22107.0,1,37.38953978,-120.6917613,2
2016,2016-02-14,111,2,4,1,7,N,A,Y,A,H,D,A,01,E,01,E,,,,,I,Y,N,D,2,0,0,0,23152.0,1,37.31808529,-120.42466019,3
2016,2016-02-15,525,2,4,5,1,N,A,Y,A,H,D,D,22,N,01,E,,,,,I,Y,N,D,1,0,0,0,23152.0,1,37.12410006,-120.49223242,4
2016,2016-02-15,1300,2,4,13,1,N,A,N,A,H,A,D,22,S,03,C,,,,,C,Y,N,D,1,0,0,0,22350.0,2,37.35405067,-120.54951005,3
2016,2016-02-18,2154,2,4,21,4,N,A,Y,A,H,D,A,01,N,03,C,,,,,C,Y,N,D,3,0,0,0,22350.0,2,37.41579796,-120.75881252,4
2016,2016-02-17,1125,2,4,11,3,N,B,Y,A,H,A,A,01,E,08,B,,,,Y,C,Y,N,A,1,0,0,0,22107.0,2,37.25861748,-120.48787449,3
2016,2016-02-13,749,2,4,7,6,N,E,Y,A,H,A,D,22,N,03,C,,,,,C,Y,N,D,1,0,0,0,22350.0,3,37.20578975,-120.48809891,4
2016,2016-02-13,748,2,4,7,6,N,E,Y,A,H,A,A,07,N,03,C,,,,Y,C,Y,N,D,1,0,0,0,22350.0,2,37.2028904,-120.48813329,4
2016,2016-02-20,747,2,4,7,6,N,E,Y,A,H,A,D,22,N,03,C,,,,Y,C,Y,N,D,2,0,0,0,22350.0,3,37.20320059,-120.48812961,4
2016,2016-02-13,758,2,4,7,6,N,E,Y,A,H,A,D,22,N,03,C,,,,,C,Y,N,D,2,0,0,0,22350.0,4,37.20112053,-120.48815427,4
2016,2016-02-15,1020,2,4,10,1,N,A,Y,A,H,A,-,- ,N,18,E,,,,,I,Y,N,D,1,0,0,0,,1,37.36672561,-120.6661108,4
2019,2019-10-08,1448,10,3,14,2,Y,A,Y,A,H,A,A,01,,09,A,,,,,C,Y,N,A,1,0,0,0,21802.0,2,37.056884765625,-120.85665893554688,4
2019,2019-10-02,1405,10,3,14,3,Y,A,Y,A,H,A,-,,,09,A,,,,,C,Y,N,A,1,0,0,0,21802.0,2,37.06015396118164,-120.83530426025392,3
2016,2016-02-24,658,2,4,6,3,Y,A,N,A,H,A,A,07,,09,D,,,Y,,C,Y,N,D,1,0,0,1,21801.0,2,37.37484994,-120.63190993,3
2016,2016-02-21,658,2,4,6,7,N,A,Y,A,H,A,A,01,N,08,E,,,,,I,Y,N,D,2,0,0,0,22107.0,1,36.87892832,-120.7938768,3
2016,2016-02-19,935,2,4,9,5,Y,A,N,A,H,A,A,01,,12,D,,,,,C,Y,N,A,1,0,0,0,21453.0,2,37.33227992,-120.52762986,4
2016,2016-02-20,155,2,4,1,6,N,A,N,A,H,C,D,22,N,01,E,,,,,I,Y,N,D,1,0,0,0,23152.0,1,37.44857,-120.77631,2
2016,2016-02-21,756,2,4,7,7,N,E,Y,A,H,A,A,01,W,01,E,,,,,I,Y,N,D,1,0,0,0,23152.0,2,37.30273758,-120.51590981,3
2016,2016-02-26,1820,2,4,18,5,N,A,Y,A,H,D,A,01,N,03,C,,,,,C,Y,N,D,2,0,0,0,22350.0,2,37.42557644,-120.84984361,4
2016,2016-02-24,910,2,4,9,3,Y,A,N,A,H,A,A,07,,09,D,,,,,C,Y,N,D,3,0,0,0,21802.0,2,37.33133011,-120.68714998,3
2016,2016-02-29,237,2,4,2,1,N,A,N,A,H,D,A,01,W,08,E,,,,,I,Y,N,D,1,0,0,0,22107.0,1,37.33338427,-120.52938595,4
2016,2016-02-23,1721,2,4,17,2,Y,A,N,A,H,A,A,01,,12,D,,,,,C,Y,N,A,2,0,0,0,21453.0,2,37.33227992,-120.52762986,4
2016,2016-02-28,1525,2,4,15,7,N,A,N,A,H,A,A,01,S,03,C,,,,,C,N,N,D,1,0,0,0,22350.0,2,37.28448218,-120.31568981,4
2016,2016-03-01,850,3,1,8,2,Y,A,N,A,H,A,A,01,,09,B,,,,,C,N,N,A,2,0,0,0,21802.0,2,37.28202003,-121.03104996,4
2016,2016-02-26,1330,2,4,13,5,N,A,Y,A,H,A,A,01,N,08,E,,,,,I,Y,N,A,1,0,0,0,22107.0,1,37.33870761,-120.58703419,4
2016,2016-02-25,1225,2,4,12,4,N,A,Y,A,H,A,A,07,N,03,C,,,,,C,Y,N,D,1,0,0,0,22350.0,2,37.07689424,-120.98912409,4
2016,2016-02-28,1819,2,4,18,7,N,B,Y,A,H,D,A,01,N,03,C,,,,,C,Y,N,D,2,0,0,0,22350.0,2,36.87450643,-120.79039234,4
2016,2016-02-06,1900,2,4,19,6,N,A,N,A,H,C,A,01,W,03,G,Y,,,,B,N,F,D,1,1,0,0,22350.0,2,37.09961,-121.01905,3
2016,2016-02-28,836,2,4,8,7,N,A,Y,A,H,A,A,01,S,00,E,,,,,I,Y,N,D,1,0,0,0,22017.0,1,37.20485684,-121.07817071,4
2019,2019-10-25,421,10,3,4,5,N,A,N,A,H,D,-,,S,03,H,,Y,,,G,Y,N,A,1,0,1,0,22350.0,2,37.0728,-120.870796,2
2016,2016-02-29,1220,2,4,12,1,N,A,Y,A,H,A,A,07,W,08,F,,,,,A,Y,N,D,1,0,0,0,22107.0,1,37.07137995,-121.07556777,3
2016,2016-03-04,1941,3,1,19,5,N,B,Y,B,H,D,D,22,E,04,C,,,,,C,Y,N,D,1,0,0,0,21703.0,3,37.07704325,-121.20608526,4
2016,2016-03-05,800,3,1,8,6,N,B,Y,B,H,A,A,07,N,09,C,,,,,C,Y,N,D,1,0,0,0,21804.0,2,37.11210611,-121.01571155,4
2016,2016-03-05,238,3,1,2,6,N,C,N,B,H,C,D,22,E,01,E,,,,,I,Y,N,D,1,0,0,0,23152.0,1,37.18612475,-120.68261066,3
2016,2016-02-29,956,2,4,9,1,N,A,Y,A,H,A,A,01,S,08,F,,,,,A,Y,N,D,1,0,0,0,22107.0,1,37.20892098,-120.48806227,3
2016,2016-03-03,1200,3,1,12,4,N,A,N,A,H,A,A,01,S,08,F,,,,,A,Y,N,D,1,0,0,0,22107.0,1,37.1827206,-120.38316057,3
2016,2016-02-14,2500,2,4,25,7,N,A,N,A,H,D,D,22,E,01,F,,,,,A,Y,N,D,0,0,0,0,23152.0,1,37.44233,-120.53956,1
2016,2016-02-13,1633,2,4,16,6,N,A,Y,A,H,A,A,01,N,08,A,,,,,C,Y,N,D,5,0,0,0,22107.0,3,37.58388064,-120.43304586,2
2016,2016-03-05,20,3,1,0,6,N,B,Y,B,H,D,A,01,E,08,E,,,,,I,Y,N,D,1,0,0,0,22107.0,1,37.0765006,-121.20763049,4
2016,2016-03-09,1625,3,1,16,3,N,A,N,A,H,A,A,01,N,08,E,,,,,I,Y,N,D,1,0,0,0,22107.0,1,37.11144315,-120.94139356,2
2016,2016-03-09,638,3,1,6,3,Y,A,N,A,H,A,D,22,,09,D,,,,,C,N,N,D,1,0,0,0,21802.0,2,37.33993,-120.59441,4
2016,2016-03-03,2215,3,1,22,4,N,B,N,B,H,D,A,01,S,03,E,,,,,I,Y,N,D,1,0,0,0,22350.0,1,37.46077461,-120.80940241,4
2016,2016-03-05,2223,3,1,22,6,N,B,N,B,H,C,A,01,N,01,B,,,,,E,Y,M,D,1,0,0,0,23152.0,4,37.38817765,-120.61347821,3
2016,2016-03-14,2339,3,1,23,1,N,A,N,A,H,E,A,01,E,08,E,,,,,I,Y,N,D,1,0,0,0,22107.0,1,37.46184872,-120.81062425,4
2016,2016-03-06,945,3,1,9,7,Y,A,N,A,H,A,D,22,,12,D,,,,,C,Y,N,A,2,0,0,0,22450.0,2,37.32062005,-120.55909998,3
2015,2015-12-06,345,12,4,3,7,N,E,Y,A,H,D,A,08,N,01,A,,,,,C,Y,N,D,1,0,0,0,23152.0,2,37.17035268,-120.83177432,1
2016,2016-03-09,248,3,1,2,3,N,A,Y,A,H,D,G,25,S,03,C,,,,Y,C,Y,N,D,1,0,0,0,22350.0,2,37.23471566,-120.39119541,3
2016,2016-03-16,605,3,1,6,3,N,A,Y,A,H,A,A,08,N,04,C,,,,,C,Y,N,D,2,0,0,0,21703.0,2,37.45353179,-120.80105125,4
2016,2016-03-11,2100,3,1,21,5,N,B,Y,A,H,D,A,01,E,08,E,,,,,I,Y,N,D,1,0,0,0,22107.0,1,37.05455222,-120.70059838,3
2016,2016-03-04,320,3,1,3,5,N,B,N,A,H,D,A,01,E,08,E,,,,,I,Y,F,D,1,0,0,0,22107.0,1,37.46286944,-120.81179173,4
2016,2016-03-14,1150,3,1,11,1,N,A,N,A,H,A,A,01,N,08,E,,,,,I,Y,N,D,1,0,0,0,22107.0,1,37.30128912,-120.41522632,4
2016,2016-03-19,2235,3,1,22,6,N,A,N,A,H,C,A,07,E,08,C,,,,,E,Y,N,D,1,0,0,0,22107.0,2,37.32288,-120.52809,4
2016,2016-03-20,858,3,1,8,7,N,A,N,A,H,A,A,01,N,03,E,,,,,I,Y,N,A,3,0,0,0,22350.0,1,37.17416487,-120.18014892,4
2016,2016-03-20,2035,3,1,20,7,N,A,Y,A,H,D,-,- ,E,00,D,,,,,C,Y,N,D,1,0,0,0,,2,37.24610445,-121.08439997,4
2016,2016-03-23,715,3,1,7,3,N,A,Y,A,H,B,A,01,E,03,E,,,,,I,N,N,D,1,0,0,0,22350.0,1,37.05471926,-120.73501191,3
2016,2016-03-20,1615,3,1,16,7,N,A,Y,A,H,A,A,07,N,21,C,,,,,C,N,N,D,1,0,0,0,22106.0,2,37.38958,-120.73695,4