ACCIDENT_YEAR,COLLISION_DATE,COLLISION_TIME,MONTH,SEASON,24HOURS,DAY_OF_WEEK,INTERSECTION,WEATHER_1,STATE_HWY_IND,ROAD_SURFACE,ROAD_COND_1,LIGHTING,STWD_VEHTYPE_AT_FAULT,CHP_VEHTYPE_AT_FAULT,DIRECTION,PCF_VIOL_CATEGORY,TYPE_OF_COLLISION,PEDESTRIAN_ACCIDENT,BICYCLE_ACCIDENT,MOTORCYCLE_ACCIDENT,TRUCK_ACCIDENT,MVIW,TOW_AWAY,HIT_AND_RUN,CONTROL_DEVICE,NUMBER_INJURED,COUNT_PED_INJURED,COUNT_BICYCLIST_INJURED,COUNT_MC_INJURED,PCF_VIOLATION,PARTY_COUNT,POINT_Y,POINT_X,COLLISION_SEVERITY
2016,2016-03-25,2150,3,1,21,5,N,A,N,A,H,D,D,22,N,08,G,Y,,,,B,N,N,D,1,1,0,0,22107.0,2,36.96823079,-120.63563121,3
2016,2016-03-25,2030,3,1,20,5,Y,A,N,A,H,D,D,22,,09,D,,,,,C,Y,N,D,2,0,0,0,21801.0,2,37.07370002,-120.86085991,4
2016,2016-03-19,1509,3,1,15,6,Y,A,N,A,H,A,D,22,,12,D,,,,,D,Y,N,D,2,0,0,0,22450.0,2,37.41901991,-120.88639998,3
2016,2016-03-27,1940,3,1,19,7,N,A,Y,A,H,C,A,01,E,09,B,,,,,C,Y,N,D,8,0,0,0,21801.0,3,37.08363916,-121.10150473,2
2016,2016-03-20,1135,3,1,11,7,N,A,Y,A,H,A,A,01,N,08,E,,,,,I,Y,N,D,3,0,0,0,22107.0,1,37.29544032,-120.47906317,3
2016,2016-03-18,1142,3,1,11,5,N,A,Y,A,H,A,A,01,S,08,B,,,,Y,C,Y,N,D,1,0,0,0,22107.0,2,37.12997221,-121.0324672,2
2016,2016-03-30,1555,3,1,15,3,N,A,Y,A,H,A,A,01,W,08,E,,,,,I,Y,N,D,1,0,0,0,22107.0,1,37.07616466,-120.51139688,4
2016,2016-03-17,1710,3,1,17,4,N,A,Y,A,H,A,C,02,N,08,F,,,Y,,A,Y,N,D,1,0,0,1,22107.0,1,37.30563744,-120.50697692,3
2016,2016-03-19,800,3,1,8,6,N,A,N,A,H,A,N,60,W,11,G,Y,,,,B,N,N,D,1,1,0,0,21950.0,2,37.32519974,-120.53229031,4
2016,2016-03-23,1510,3,1,15,3,N,A,N,A,H,A,A,07,E,08,F,,,,,A,Y,M,D,1,0,0,0,22107.0,1,37.25111614,-120.37203616,3
2016,2016-03-25,2212,3,1,22,5,Y,A,N,A,H,C,A,01,,12,D,,,,,C,Y,N,A,4,0,0,0,22450.0,2,37.3930399,-120.61339995,4
2016,2016-03-26,1125,3,1,11,6,N,A,N,A,H,A,A,07,S,08,D,,,,Y,C,N,N,D,1,0,0,0,22107.0,2,37.38978982,-120.73574626,4
2016,2016-02-12,1820,2,4,18,5,N,A,Y,A,H,B,A,01,E,05,B,,,,,C,Y,M,D,1,0,0,0,21650.0,2,37.30210082,-120.62145,4
2016,2016-03-16,1120,3,1,11,3,N,A,N,A,H,A,A,01,N,06,B,,,,,C,Y,N,D,1,0,0,0,21751.0,2,,,3
2016,2016-03-26,855,3,1,8,6,N,A,Y,A,H,A,D,22,S,08,F,,,,,A,Y,N,D,2,0,0,0,22107.0,1,37.05072336,-120.96427386,3
2016,2016-03-23,1512,3,1,15,3,N,A,N,A,H,A,-,- ,N,18,H,,,,,A,N,N,D,1,0,0,0,,1,37.33090728,-120.55888776,4
2016,2016-03-31,958,3,1,9,4,N,A,Y,A,H,A,A,01,N,08,E,,,,,I,Y,N,D,1,0,0,0,22107.0,1,37.18272904,-121.01286932,3
2016,2016-03-30,840,3,1,8,3,N,A,Y,A,H,A,A,01,W,03,C,,,,,C,Y,N,D,1,0,0,0,22350.0,2,37.05473262,-120.73573014,4
2016,2016-03-18,1520,3,1,15,5,N,A,N,A,H,A,A,07,E,08,F,,,,,A,Y,N,D,1,0,0,0,22107.0,1,37.39083062,-120.62161103,4
2016,2016-03-20,1725,3,1,17,7,N,A,N,A,H,A,E,22,W,08,E,,,,,I,Y,N,D,1,0,0,0,22107.0,1,37.18585014,-120.52080708,4
2016,2016-03-23,1655,3,1,16,3,N,A,Y,A,H,A,D,22,S,03,C,,,,,C,N,N,D,1,0,0,0,22350.0,3,37.40465717,-120.85014033,3
2016,2016-03-28,1850,3,1,18,1,N,C,N,B,H,A,D,22,E,08,E,,,,,I,Y,N,D,1,0,0,0,22107.0,1,37.0421999,-120.87042123,4
2016,2016-03-24,1530,3,1,15,4,N,A,N,A,H,A,C,02,W,01,F,,,Y,,A,N,N,D,1,0,0,1,23152.0,1,37.48270017,-120.64985069,3
2016,2016-03-29,800,3,1,8,2,N,A,Y,A,H,A,A,01,N,08,F,,,,,A,Y,N,D,1,0,0,0,22107.0,1,37.42728234,-120.77241704,3
2016,2016-04-04,705,4,1,7,1,N,A,N,A,H,A,D,22,N,05,E,,,,,I,Y,M,D,1,0,0,0,21460.0,2,,,4
2016,2016-04-04,238,4,1,2,1,N,A,N,A,H,C,A,01,W,08,E,,,,,I,Y,N,D,1,0,0,0,22107.0,1,37.22842002,-120.26011139,4
2016,2016-03-23,2500,3,1,25,3,N,A,Y,A,H,C,A,01,S,01,F,,,,,A,Y,N,D,0,0,0,0,23152.0,1,37.05552,-120.96783,1
2016,2016-03-29,845,3,1,8,2,N,A,Y,A,H,A,A,01,N,10,G,Y,,,,B,N,N,D,1,1,0,0,21954.0,2,37.28504943,-120.48757825,4
2016,2016-03-29,1905,3,1,19,2,Y,A,N,A,H,A,A,08,,12,D,,,,,C,Y,N,A,2,0,0,0,22450.0,2,37.36045997,-120.74190987,3
2016,2016-03-31,1654,3,1,16,4,Y,A,N,A,H,A,A,01,,09,D,,,,,C,Y,N,D,1,0,0,0,21801.0,2,37.33993,-120.59441,4
2016,2016-04-04,2114,4,1,21,1,N,A,Y,A,H,D,-,- ,E,18,E,,,,,I,Y,N,D,1,0,0,0,,1,37.26030302,-120.98051955,4
2016,2016-04-03,318,4,1,3,7,N,A,Y,A,H,D,-,- ,S,18,E,,,,,H,Y,N,D,2,0,0,0,,1,37.15761143,-121.01399912,3
2016,2016-03-21,700,3,1,7,1,N,B,N,A,H,A,A,01,S,08,A,,,,,C,Y,N,D,0,0,0,0,22107.0,2,,,1
2016,2016-03-27,15,3,1,0,7,N,A,N,A,H,D,A,07,E,01,F,,,,,A,Y,N,D,1,0,0,0,23152.0,1,37.49198332,-120.71145556,3
2016,2016-04-05,2220,4,1,22,2,N,A,N,A,H,D,A,01,E,08,E,,,,,I,Y,N,D,1,0,0,0,22107.0,1,37.28813922,-120.33763976,2
2016,2016-04-05,2040,4,1,20,2,N,A,Y,A,H,D,G,27,W,03,C,,,,Y,C,Y,N,D,3,0,0,0,22350.0,3,37.06292428,-121.06107396,3
2016,2016-04-05,1327,4,1,13,2,N,A,N,A,H,A,G,25,E,05,B,,,,Y,C,Y,N,D,1,0,0,0,21650.0,2,37.40509501,-120.78899854,4
2016,2016-04-10,800,4,1,8,7,N,C,Y,B,H,A,D,22,E,08,F,,,,,A,Y,N,D,1,0,0,0,22107.0,1,37.07657661,-121.2074951,4
2016,2016-04-01,1345,4,1,13,5,N,A,Y,A,H,A,D,22,E,08,E,,,,,I,Y,N,D,1,0,0,0,22107.0,1,37.06887835,-121.21227937,2
2016,2016-04-09,1040,4,1,10,6,N,B,Y,B,H,A,A,01,N,03,E,,,,,J,Y,N,D,1,0,0,0,22350.0,1,37.45816303,-120.80874402,4
2016,2016-04-01,1000,4,1,10,5,N,A,Y,A,H,A,A,01,N,03,C,,,,,C,Y,M,D,2,0,0,0,22350.0,2,37.09226988,-120.83488767,3
2016,2016-04-03,1351,4,1,13,7,Y,A,Y,A,H,A,A,01,,12,D,,,,,A,Y,N,D,1,0,0,0,22450.0,2,37.39703062,-120.85021529,4
2016,2016-04-01,839,4,1,8,5,N,A,N,A,H,A,A,01,W,04,C,,,,,C,Y,N,D,3,0,0,0,21703.0,2,37.36046007,-120.76185647,3
2016,2016-04-08,2335,4,1,23,5,N,B,Y,B,H,C,A,07,N,03,H,,,,,A,N,N,D,1,0,0,0,22350.0,1,37.23037169,-120.38583643,4
2016,2016-04-08,2344,4,1,23,5,N,B,Y,B,H,D,A,07,S,01,E,,,,,I,Y,N,D,1,0,0,0,23152.0,1,37.27303167,-120.48784927,4
2016,2016-03-30,1450,3,1,14,3,N,A,N,A,H,A,D,22,S,09,A,,,,,C,Y,N,D,2,0,0,0,21801.0,2,37.37576233,-120.94142036,3
2019,2019-11-24,1943,11,3,19,7,N,A,N,A,H,D,N,60,E,10,G,Y,,,,B,N,N,A,1,1,0,0,21950.0,2,37.06167602539063,-120.8254165649414,2
2019,2019-11-20,911,11,3,9,3,N,A,N,A,H,A,A,07,E,06,B,,,,,C,Y,N,D,3,0,0,0,21750.0,2,37.07374954223633,-120.84691619873048,4
2019,2019-11-08,1752,11,3,17,5,N,A,N,A,H,D,A,01,W,03,C,,,,,C,N,N,A,2,0,0,0,22350.0,3,37.042333,-120.836598,3
2019,2019-11-01,2118,11,3,21,5,N,A,N,A,H,C,-,,W,03,A,,,,,I,Y,N,D,1,0,0,0,22350.0,2,37.05962753295898,-120.85353088378906,4
2019,2019-10-12,1425,10,3,14,6,N,A,N,A,H,A,A,01,N,03,C,,,,,C,N,N,D,1,0,0,0,22350.0,2,37.06517028808594,-120.8352279663086,4
2019,2019-10-23,413,10,3,4,3,N,A,N,A,H,C,-,99,E,08,B,,,,,E,N,M,D,1,0,0,0,22107.0,2,37.04937362670898,-120.86946105957033,4
2019,2019-11-12,1519,11,3,15,2,N,A,Y,A,H,C,D,22,E,03,C,,,,,C,N,N,A,1,0,0,0,22350.0,2,37.056922912597656,-120.8366470336914,4
2019,2019-10-26,1012,10,3,10,6,N,A,Y,A,H,A,D,22,W,01,C,,,,,C,Y,N,A,6,0,0,0,23153.0,5,37.05689239501953,-120.84838104248048,2
2016,2016-04-02,1900,4,1,19,6,N,A,Y,A,H,B,D,22,W,03,C,,,,,C,N,N,D,2,0,0,0,22350.0,2,37.396706,-120.679205,4
2019,2019-10-24,1930,10,3,19,4,N,A,Y,A,H,C,A,01,W,01,C,,,,,C,Y,N,A,1,0,0,0,23152.0,3,37.05674743652344,-120.8732452392578,4
2016,2016-04-02,1202,4,1,12,6,N,A,N,A,H,A,L,04,N,09,D,,Y,,,G,N,N,D,1,0,1,0,21804.0,2,37.43203496,-120.79512671,3
2016,2016-04-08,1045,4,1,10,5,N,B,Y,A,H,A,G,25,E,08,D,,,,Y,C,Y,N,D,1,0,0,0,22107.0,2,37.05659076,-120.96843003,3
2016,2016-04-10,1425,4,1,14,7,N,A,N,A,H,A,A,01,E,08,E,,,,,I,Y,N,D,1,0,0,0,22107.0,1,37.100126,-120.929378,4
2016,2016-04-15,2325,4,1,23,5,N,A,Y,A,H,D,A,07,W,08,F,,,,,A,Y,N,D,2,0,0,0,22107.0,1,37.08695201,-121.11165649,3
2016,2016-04-16,1506,4,1,15,6,N,A,N,A,H,A,A,42,E,08,F,,,,,A,N,N,D,1,0,0,0,22107.0,1,37.08331644,-120.63441034,2
2016,2016-03-15,1650,3,1,16,2,N,A,N,A,H,A,A,08,W,01,C,,,,,C,Y,N,A,1,0,0,0,23152.0,2,37.36046001,-120.74205793,1
2019,2019-10-11,1904,10,3,19,5,N,A,N,A,H,C,D,22,S,09,D,,,,,C,N,N,A,1,0,0,0,21804.0,2,37.049510955810554,-120.85381317138672,4
2016,2016-04-09,25,4,1,0,6,N,B,Y,B,H,C,A,01,N,03,E,,,,,I,Y,N,D,1,0,0,0,22350.0,1,37.36333689,-120.65670365,3
2016,2016-04-10,130,4,1,1,7,N,B,Y,B,H,D,A,07,N,08,E,,,,,I,Y,N,D,2,0,0,0,22107.0,1,37.33745983,-120.58518581,4
2019,2019-10-01,1812,10,3,18,2,-,A,N,A,H,A,L,04,,08,D,,Y,,,G,N,N,D,1,0,1,0,22107.0,2,37.07331085205078,-120.82627105712892,2
2019,2019-11-03,201,11,3,2,7,Y,A,Y,A,H,D,-,- ,,00,C,,,,Y,E,Y,N,D,1,0,0,0,,1,37.053314208984375,-120.56073760986328,2
2019,2019-11-04,1208,11,3,12,1,N,A,Y,A,H,A,A,01,E,03,C,,,,,C,N,N,A,1,0,0,0,22350.0,2,37.05693054199219,-120.83466339111328,4
2019,2019-11-05,825,11,3,8,2,N,A,Y,A,H,A,A,01,W,03,C,,,,,C,Y,N,D,3,0,0,0,22350.0,3,37.05688095092773,-120.86141204833984,2
2016,2016-04-19,115,4,1,1,2,N,A,Y,A,H,D,A,01,W,08,E,,,,,I,Y,N,D,1,0,0,0,22107.0,1,37.0565791,-120.95414825,3
2016,2016-04-12,2152,4,1,21,2,N,A,N,A,H,D,F,26,S,08,B,,,,Y,E,Y,N,D,1,0,0,0,22107.0,2,37.35650754,-120.63728155,4
2016,2016-04-16,1345,4,1,13,6,N,A,Y,A,H,A,D,22,N,03,C,,,,,C,Y,N,D,1,0,0,0,22350.0,2,37.44482723,-120.84922161,4
2016,2016-04-18,1725,4,1,17,1,Y,A,Y,A,H,A,A,08,,12,D,,,,,C,Y,F,A,2,0,0,0,22450.0,2,37.43656,-120.78429,3
2016,2016-04-14,1419,4,1,14,4,N,A,Y,A,H,A,A,01,S,08,F,,,,,A,Y,N,A,1,0,0,0,22107.0,1,36.9667215,-120.83756075,3
2016,2016-03-30,1644,3,1,16,3,Y,A,Y,A,H,A,A,08,,09,D,,,,Y,C,Y,N,D,1,0,0,0,21802.0,2,37.47696,-120.64460988,4
2016,2016-04-18,1906,4,1,19,1,N,A,Y,A,H,A,A,01,N,08,F,,,,,A,Y,N,D,1,0,0,0,22107.0,1,37.25078091,-120.85203768,4
2016,2016-04-15,110,4,1,1,5,N,A,Y,A,H,D,A,01,S,01,E,,,,Y,I,Y,N,D,1,0,0,0,23152.0,2,37.3069273,-120.50886392,2
2016,2016-04-20,1335,4,1,13,3,Y,A,N,A,H,A,L,04,,09,D,,Y,,,G,N,N,D,1,0,1,0,21804.0,2,37.43074992,-120.78604994,3
2016,2016-04-18,1435,4,1,14,1,N,A,N,A,H,A,D,22,E,03,C,,,,,C,N,N,D,1,0,0,0,22350.0,2,37.40427127,-120.80991549,4
2016,2016-04-18,905,4,1,9,1,Y,A,N,A,H,A,A,07,,09,A,,,,,C,Y,N,D,2,0,0,0,21801.0,2,37.36048991,-120.57273989,4
2016,2016-04-19,550,4,1,5,2,Y,A,N,A,H,A,A,01,,09,D,,,,,C,Y,N,D,2,0,0,0,21801.0,2,37.47696,-120.64460988,3
2016,2016-04-20,625,4,1,6,3,N,A,Y,A,H,B,A,01,N,08,F,,,,,A,Y,N,D,1,0,0,0,22107.0,1,37.27878014,-120.44528298,3
2016,2016-04-20,1210,4,1,12,3,N,A,N,A,H,A,A,01,E,03,D,,,,,C,Y,N,A,1,0,0,0,22350.0,2,37.37455291,-120.59548026,3
2016,2016-04-21,1125,4,1,11,4,Y,A,N,A,H,A,D,22,,09,D,,,,,C,Y,N,D,2,0,0,0,21801.0,2,37.34620999,-120.54984993,4
2016,2016-04-15,1005,4,1,10,5,N,A,Y,A,H,A,A,08,N,03,C,,,,,C,Y,N,A,1,0,0,0,22350.0,2,37.10816009,-121.01571682,4
2016,2016-04-16,2350,4,1,23,6,N,A,Y,A,H,D,A,01,N,01,F,,,,,A,Y,N,D,3,0,0,0,23152.0,1,37.29082076,-121.01114293,2
2016,2016-04-19,1533,4,1,15,2,N,B,Y,A,H,A,A,01,N,08,E,,,,,J,Y,N,A,1,0,0,0,22107.0,1,36.93043794,-120.84044992,3
2016,2016-04-08,2055,4,1,20,5,N,B,N,B,H,D,A,07,S,03,C,,,,,C,Y,F,D,1,0,0,0,22350.0,2,37.41569,-120.75924,4
2016,2016-04-26,1524,4,1,15,2,N,A,N,A,H,A,D,22,N,08,E,,,,,I,Y,N,D,1,0,0,0,22107.0,1,36.99131121,-120.59951299,4
2016,2016-04-22,1355,4,1,13,5,N,B,Y,B,H,A,A,01,N,03,C,,,,,C,Y,N,D,1,0,0,0,22350.0,3,37.30375538,-120.50192802,4
2016,2016-04-21,620,4,1,6,4,N,A,N,A,H,B,G,25,N,21,A,,,,Y,C,Y,N,D,1,0,0,0,22106.0,2,,,3
2020,2020-01-13,701,1,4,7,1,N,A,N,A,H,A,A,01,N,08,D,,,,,C,Y,N,D,1,0,0,0,22107.0,4,37.29018020629882,-120.48981475830078,4
2020,2020-01-06,1155,1,4,11,1,N,B,N,A,H,A,G,25,E,08,B,,,,Y,C,Y,N,D,2,0,0,0,22107.0,2,37.30526351928711,-120.49718475341795,4
2016,2016-04-15,608,4,1,6,5,N,A,Y,A,H,A,A,01,S,08,F,,,,,A,Y,N,D,3,0,0,0,22107.0,1,37.37936199,-120.70066549,2
2016,2016-04-24,1218,4,1,12,7,N,A,Y,A,H,A,A,01,S,05,B,,,,,C,Y,N,D,1,0,0,0,21650.0,2,37.09536014,-120.83488248,3
2016,2016-04-09,935,4,1,9,6,N,B,Y,B,H,A,A,01,N,03,D,,,,,C,Y,N,D,1,0,0,0,22350.0,2,37.37729755,-120.69416814,4
2016,2016-04-28,1107,4,1,11,4,N,A,Y,A,H,A,A,01,E,08,F,,,,,A,Y,N,D,1,0,0,0,22107.0,1,37.05588686,-120.77782336,3
2016,2016-04-29,1413,4,1,14,5,N,A,Y,A,H,A,D,22,W,03,C,,,,,C,Y,N,D,1,0,0,0,22350.0,2,37.05678,-121.02988034,4
2016,2016-04-22,1620,4,1,16,5,N,B,Y,A,H,A,A,01,N,04,C,,,,,C,Y,N,D,1,0,0,0,21703.0,2,37.45713058,-120.80684029,4
2016,2016-04-23,1003,4,1,10,6,N,A,Y,A,H,A,E,22,N,08,F,,,,,A,Y,N,D,2,0,0,0,22107.0,1,37.39613856,-120.74086335,3
2016,2016-04-29,2240,4,1,22,5,N,A,N,A,H,D,A,08,N,01,E,,,,,J,Y,N,D,1,0,0,0,23152.0,1,,,3
2016,2016-04-27,1055,4,1,10,3,Y,B,N,A,H,A,F,27,,05,D,,,,Y,C,Y,N,D,1,0,0,0,21752.0,2,37.15863,-120.96846,3
2016,2016-04-25,545,4,1,5,1,N,A,Y,A,H,B,A,01,S,08,F,,,,,A,Y,N,D,1,0,0,0,22107.0,1,37.31986583,-120.53841786,3
2016,2016-04-30,125,4,1,1,6,N,A,Y,A,H,D,A,01,N,08,F,,,,,A,Y,N,D,1,0,0,0,22107.0,1,37.25229479,-120.85196115,4
2016,2016-04-27,1735,4,1,17,3,N,F,Y,C,F,A,D,22,W,03,F,,,,,A,Y,N,A,1,0,0,0,22350.0,1,37.30906141,-120.78506106,4
2016,2016-05-04,540,5,1,5,3,N,B,N,A,H,A,A,01,W,03,C,,,,,C,Y,N,D,1,0,0,0,22350.0,2,37.4486905,-120.79115477,4
2016,2016-05-03,1328,5,1,13,2,N,B,N,A,H,A,F,27,S,08,F,,,,Y,A,Y,N,D,1,0,0,0,22107.0,1,,,3
2016,2016-04-23,1245,4,1,12,6,N,A,Y,A,H,A,A,01,W,01,C,,,,,C,Y,N,D,1,0,0,0,23152.0,3,37.33606,-120.58271,3
2016,2016-04-17,1928,4,1,19,7,N,A,Y,A,H,A,A,07,S,01,E,,,,,I,Y,N,D,2,0,0,0,23152.0,1,37.51567309,-120.45425973,2
2016,2016-05-02,630,5,1,6,1,N,A,N,A,H,A,D,22,E,03,C,,,,,C,Y,N,A,2,0,0,0,22350.0,3,37.38588,-120.74144,4
2020,2020-01-06,1812,1,4,18,1,Y,A,N,A,H,C,A,01,,09,A,,,,,C,Y,N,A,1,0,0,0,21801.0,2,37.30270004272461,-120.47355651855467,4
2020,2020-01-09,1423,1,4,14,4,Y,B,N,A,D,A,A,07,,09,D,,,,,C,N,N,A,2,0,0,0,21802.0,2,37.29637908935546,-120.47718048095705,4
2020,2020-01-10,1232,1,4,12,5,N,A,N,A,H,A,A,01,E,04,C,,,,,C,Y,N,D,2,0,0,0,21703.0,2,37.2879638671875,-120.46924591064452,4
2020,2020-01-14,1300,1,4,13,2,N,B,N,A,H,A,C,02,S,03,C,,,Y,,C,Y,N,A,1,0,0,1,22350.0,3,37.31511306762695,-120.46946716308594,3
2020,2020-01-14,1626,1,4,16,2,N,A,N,A,H,A,A,01,W,08,D,,Y,,,G,N,N,A,1,0,1,0,22107.0,2,37.31854248046875,-120.46949768066406,3
2016,2016-05-05,2038,5,1,20,4,Y,C,Y,B,H,D,I,12,,09,D,,,,,C,Y,N,D,1,0,0,0,21801.0,2,37.08395234,-121.10268579,3
2016,2016-05-05,1635,5,1,16,4,N,B,N,A,H,A,A,01,N,08,E,,,,,I,N,N,D,1,0,0,0,22107.0,1,37.38830932,-120.72255239,4
2016,2016-04-26,1455,4,1,14,2,Y,A,N,A,H,A,A,01,,12,D,,,,,C,Y,N,D,3,0,0,0,22450.0,2,37.38210996,-120.64999987,3
2016,2016-05-05,2130,5,1,21,4,N,A,N,A,H,D,A,01,W,01,E,,,,,I,Y,N,D,1,0,0,0,23152.0,1,37.49401539,-120.65950072,3
2016,2016-05-06,2205,5,1,22,5,N,A,N,A,H,D,A,01,W,08,E,,,,,I,Y,N,D,1,0,0,0,22107.0,1,37.34893217,-120.89642362,4
2016,2016-04-24,1041,4,1,10,7,N,A,Y,A,H,A,E,22,N,17,H,,,Y,,C,Y,N,D,2,0,0,2,23114.0,2,37.49388035,-120.49947493,2
2016,2016-05-03,1715,5,1,17,2,Y,B,N,A,H,A,A,01,,09,D,,,,,C,Y,N,A,2,0,0,0,21802.0,2,37.30987,-120.44454,4
2016,2016-05-10,1530,5,1,15,2,Y,A,Y,A,H,A,A,01,,17,A,,,,,C,Y,N,A,2,0,0,0,21451.0,2,37.41155013,-120.85003875,3
2016,2016-05-11,1705,5,1,17,3,N,A,Y,A,H,A,A,01,N,08,E,,,,,I,Y,N,D,1,0,0,0,22107.0,1,37.35395001,-120.62757,4
2016,2016-05-07,308,5,1,3,6,N,A,Y,A,H,A,A,07,N,08,F,,,,,A,Y,N,D,1,0,0,0,22107.0,1,37.10176507,-121.01232202,3
2016,2016-05-10,8,5,1,0,2,N,A,N,A,H,D,A,01,W,01,E,,,,,I,Y,N,D,1,0,0,0,23152.0,1,37.38548,-120.78681,3
2016,2016-05-09,1518,5,1,15,1,N,A,N,A,H,A,A,01,W,03,C,,,,,C,Y,N,D,1,0,0,0,22350.0,2,37.33282365,-120.52849446,4
2016,2016-05-09,1620,5,1,16,1,N,A,N,A,H,A,D,22,E,03,C,,,,,C,Y,N,D,1,0,0,0,22350.0,2,37.43301172,-120.56462975,4
2016,2016-05-13,1636,5,1,16,5,N,A,Y,A,H,A,D,22,,01,C,,,,,C,Y,M,D,1,0,0,0,23152.0,2,37.05665764,-120.89366966,4
2016,2016-05-14,840,5,1,8,6,N,A,Y,A,H,A,A,01,S,08,E,,,,,I,Y,N,D,1,0,0,0,22107.0,1,37.23639006,-120.85204178,4
2016,2016-05-15,2210,5,1,22,7,N,A,Y,A,H,D,A,01,S,08,E,,,,,I,Y,N,D,1,0,0,0,22107.0,1,37.22639808,-121.0123793,4
2016,2016-05-10,1205,5,1,12,2,N,A,N,A,H,A,A,01,E,08,E,,,,,I,Y,N,D,1,0,0,0,22107.0,1,37.09957253,-120.81494757,3
2016,2016-05-14,1910,5,1,19,6,N,A,N,A,H,A,-,99,S,08,D,,,Y,,C,N,F,D,1,0,0,1,22107.0,2,37.050044,-120.55414929,3
2016,2016-05-18,515,5,1,5,3,N,A,N,A,H,B,D,22,S,08,E,,,,,I,Y,N,D,1,0,0,0,22107.0,1,,,4
2016,2016-05-16,2008,5,1,20,1,N,A,Y,A,H,D,C,02,E,08,F,,,Y,,A,Y,N,D,1,0,0,1,22107.0,1,37.07948908,-121.08942679,3
2016,2016-05-07,406,5,1,4,6,N,B,Y,B,H,D,A,01,N,08,E,,,,,I,Y,N,D,1,0,0,0,22107.0,1,37.35132853,-120.62435274,4
2016,2016-05-08,615,5,1,6,7,N,A,Y,A,H,B,A,01,W,01,F,,,,,A,Y,N,D,1,0,0,0,23152.0,1,37.30272635,-120.52668973,4
2016,2016-05-18,19,5,1,0,3,N,A,N,A,H,D,D,22,S,08,E,,,,,I,Y,N,D,1,0,0,0,22107.0,1,37.31772785,-120.55933174,4
2016,2016-05-19,1720,5,1,17,4,N,B,Y,A,H,A,D,22,N,04,C,,,,,C,N,N,D,1,0,0,0,21703.0,2,37.41593322,-120.75896554,4
2019,2019-11-19,1504,11,3,15,2,N,A,N,A,H,A,A,07,W,03,C,,,,,C,N,N,A,1,0,0,0,22350.0,4,37.36045837402344,-120.59636688232422,4
2019,2019-11-22,747,11,3,7,5,N,A,N,A,H,A,A,01,S,09,A,,,,,C,Y,N,D,1,0,0,0,21804.0,2,37.35973739624024,-120.61386871337892,4
2016,2016-04-27,1330,4,1,13,3,N,B,N,A,H,A,A,01,E,08,E,,,,,I,Y,N,D,3,0,0,0,22107.0,1,37.34882078,-120.55404887,3
2016,2016-05-13,1610,5,1,16,5,N,A,N,A,H,A,D,22,W,08,E,,,,,I,Y,N,D,1,0,0,0,22107.0,1,,,3
2016,2016-05-14,1825,5,1,18,6,N,A,Y,A,H,A,E,22,N,03,C,,,,,C,Y,N,D,1,0,0,0,22350.0,4,37.32980133,-120.85110901,4
2019,2019-12-29,1707,12,4,17,7,Y,A,N,A,H,B,A,07,,09,A,,,,,C,N,N,A,1,0,0,0,21453.0,2,37.36045837402344,-120.59580993652344,4
2019,2019-12-29,1615,12,4,16,7,Y,A,N,A,H,A,A,01,,03,G,Y,,,,B,N,N,D,1,1,0,0,22350.0,2,37.35562133789063,-120.57659149169922,4
2019,2019-12-24,942,12,4,9,2,N,B,N,A,H,A,A,01,E,09,D,,,,,C,Y,N,A,2,0,0,0,21804.0,2,37.36048126220703,-120.59290313720705,4
2019,2019-12-14,1607,12,4,16,6,Y,B,N,A,H,B,A,01,,09,D,,,Y,,C,Y,N,A,1,0,0,1,21800.0,2,37.35823822021485,-120.59770965576172,3
2019,2019-12-22,912,12,4,9,7,N,C,N,B,H,A,A,01,E,12,B,,,,,C,Y,N,A,1,0,0,0,22450.0,2,37.34618377685546,-120.60699462890624,4
2016,2016-05-16,2103,5,1,21,1,N,A,N,A,H,D,A,01,N,08,E,,,,,I,Y,N,D,1,0,0,0,22107.0,1,37.35193858,-120.96170496,4
2016,2016-05-21,122,5,1,1,6,N,A,Y,A,H,D,D,22,S,01,C,,,,,C,Y,F,D,2,0,0,0,23152.0,2,37.32091697,-120.54130914,2
2016,2016-05-20,1000,5,1,10,5,N,A,N,A,H,A,A,01,S,08,G,Y,,,,B,N,F,D,1,1,0,0,22107.0,2,37.32410813,-120.52683,4
2016,2016-05-23,625,5,1,6,1,N,A,Y,A,H,A,A,01,N,08,F,,,,,A,Y,N,D,1,0,0,0,22107.0,1,37.25042018,-120.85203759,3
2016,2016-05-24,940,5,1,9,2,N,A,Y,A,H,A,A,01,S,03,C,,,,,C,Y,N,A,1,0,0,0,22350.0,2,37.09951006,-120.83487551,4
2016,2016-05-12,1010,5,1,10,4,N,A,Y,A,H,A,F,25,S,03,C,,,,Y,C,Y,N,D,1,0,0,0,22350.0,3,37.4179786,-120.76073191,4
2016,2016-05-23,955,5,1,9,1,N,B,Y,A,H,A,D,22,S,03,C,,,,Y,C,Y,N,A,1,0,0,0,22350.0,2,37.41150999,-120.85003914,3
2016,2016-05-22,2055,5,1,20,7,N,A,Y,A,H,D,A,01,N,08,F,,,,,A,Y,N,D,1,0,0,0,22107.0,1,36.96984398,-120.88831583,3
2016,2016-05-24,130,5,1,1,2,Y,A,Y,A,H,D,A,01,,03,E,,,,,I,Y,N,A,1,0,0,0,22350.0,1,36.93094,-120.83984,4
2016,2016-05-12,804,5,1,8,4,N,A,Y,A,H,A,D,22,S,03,C,,,,,C,Y,F,D,2,0,0,0,22350.0,3,37.2784596,-120.48773298,3
2016,2016-05-20,615,5,1,6,5,N,A,N,A,H,A,A,07,N,05,A,,,,,C,Y,F,D,1,0,0,0,21460.0,2,37.35999933,-120.95949975,2