ACCIDENT_YEAR,COLLISION_DATE,COLLISION_TIME,MONTH,SEASON,24HOURS,DAY_OF_WEEK,INTERSECTION,WEATHER_1,STATE_HWY_IND,ROAD_SURFACE,ROAD_COND_1,LIGHTING,STWD_VEHTYPE_AT_FAULT,CHP_VEHTYPE_AT_FAULT,DIRECTION,PCF_VIOL_CATEGORY,TYPE_OF_COLLISION,PEDESTRIAN_ACCIDENT,BICYCLE_ACCIDENT,MOTORCYCLE_ACCIDENT,TRUCK_ACCIDENT,MVIW,TOW_AWAY,HIT_AND_RUN,CONTROL_DEVICE,NUMBER_INJURED,COUNT_PED_INJURED,COUNT_BICYCLIST_INJURED,COUNT_MC_INJURED,PCF_VIOLATION,PARTY_COUNT,POINT_Y,POINT_X,COLLISION_SEVERITY
2019,2019-11-01,1629,11,3,16,5,Y,A,N,A,H,A,A,01,,09,D,,,,,G,Y,N,A,2,0,0,0,21802.0,2,37.06919097900391,-120.83712005615234,4
2016,2016-07-28,905,7,2,9,4,N,A,N,A,H,A,D,22,N,01,F,,,,,A,Y,N,D,3,0,0,0,23152.0,1,37.08738984,-120.60155431,2
2016,2016-07-30,1309,7,2,13,6,N,A,N,A,H,A,A,01,S,08,F,,,,,A,Y,N,D,2,0,0,0,22107.0,1,37.47345074,-120.77609349,3
2016,2016-06-13,902,6,2,9,1,N,A,N,A,H,A,A,01,E,07,D,,,,,C,Y,F,D,1,0,0,0,21658.0,2,37.34079511,-120.59552326,3
2016,2016-04-19,1654,4,1,16,2,Y,A,N,A,H,A,D,22,,12,D,,,,Y,C,Y,N,A,2,0,0,0,22450.0,2,37.33151011,-120.72382993,1
2016,2016-08-01,2125,8,2,21,1,N,A,N,A,H,C,M,47,W,08,F,,,,,I,Y,N,D,1,0,0,0,22107.0,1,37.34992096,-120.55580924,4
2016,2016-08-01,1735,8,2,17,1,N,A,Y,A,H,A,A,01,N,08,E,,,,,I,Y,N,D,1,0,0,0,22107.0,1,37.39558546,-120.7406516,4
2016,2016-07-19,1600,7,2,16,2,N,A,Y,A,H,A,A,01,N,08,F,,,,,A,Y,N,D,1,0,0,0,22107.0,1,,,4
2016,2016-07-24,1920,7,2,19,7,N,A,Y,A,H,A,A,07,S,01,C,,,,,C,N,M,D,1,0,0,0,23152.0,2,37.28446011,-120.45209434,4
2016,2016-07-25,1730,7,2,17,1,N,A,Y,A,H,A,A,01,W,01,F,,,,,A,Y,N,D,1,0,0,0,23152.0,1,37.31349508,-120.91002983,3
2016,2016-08-02,1325,8,2,13,2,N,A,N,A,H,A,A,07,W,08,C,,Y,,,G,N,N,D,1,0,1,0,22107.0,2,37.31962229,-120.5073274,3
2016,2016-08-02,827,8,2,8,2,N,A,Y,A,H,A,F,26,N,03,C,,,,Y,C,Y,N,D,1,0,0,0,22350.0,2,37.3637894,-120.65722665,4
2016,2016-08-08,955,8,2,9,1,N,A,N,A,H,A,D,22,S,08,E,,,,,I,Y,N,D,1,0,0,0,22107.0,1,37.40004013,-120.66787553,3
2016,2016-07-27,1040,7,2,10,3,N,A,N,A,H,A,A,01,N,03,F,,,,,A,Y,N,D,1,0,0,0,22350.0,1,37.1738411,-120.17907427,3
2016,2016-08-03,1250,8,2,12,3,Y,A,N,A,H,A,A,01,,12,D,,,,,C,Y,N,A,2,0,0,0,22450.0,2,37.39666,-120.61333994,4
2016,2016-08-05,1634,8,2,16,5,N,A,N,A,H,A,A,01,E,03,C,,,,,C,N,N,D,1,0,0,0,22350.0,2,37.28791111,-120.46191911,4
2016,2016-08-04,431,8,2,4,4,Y,A,N,A,H,D,A,01,,09,A,,,,,D,Y,N,D,2,0,0,0,21801.0,3,37.39057992,-120.9410799,3
2016,2016-08-05,155,8,2,1,5,N,A,Y,A,H,D,N,60,N,11,G,Y,,,,B,N,N,D,1,1,0,0,21954.0,2,37.23276997,-120.48803063,2
2016,2016-08-04,1544,8,2,15,4,N,A,Y,A,H,A,A,01,S,05,A,,,,,C,Y,N,D,2,0,0,0,21650.0,2,37.41709075,-120.85000128,3
2016,2016-08-07,141,8,2,1,7,N,A,Y,A,H,D,C,02,,01,E,,,Y,,I,Y,N,D,1,0,0,1,23152.0,1,37.25016035,-120.85203617,2
2016,2016-07-19,1650,7,2,16,2,N,A,Y,A,H,A,G,25,S,03,C,,,,Y,C,Y,N,A,2,0,0,0,22350.0,4,37.41531982,-120.85001326,3
2016,2016-07-20,1620,7,2,16,3,Y,A,N,A,H,A,A,01,,12,D,,,,,C,Y,N,A,3,0,0,0,22450.0,2,37.26288009,-120.28866989,3
2016,2016-08-03,1940,8,2,19,3,N,A,Y,A,H,A,A,01,N,08,E,,,,,I,Y,N,D,5,0,0,0,22107.0,1,37.53606227,-120.3284026,2
2016,2016-08-07,2255,8,2,22,7,N,A,Y,A,H,D,G,25,S,03,C,,,,Y,C,Y,N,D,2,0,0,0,22350.0,3,37.2076417,-121.07888172,4
2019,2019-11-01,1608,11,3,16,5,Y,A,N,A,H,A,D,22,,09,B,,,,,C,N,N,D,1,0,0,0,21801.0,2,37.36045837402344,-120.5979461669922,4
2016,2016-08-07,155,8,2,1,7,N,A,Y,A,H,D,A,07,S,08,C,,,,,C,Y,N,D,4,0,0,0,22107.0,2,37.24973048,-120.40988466,2
2016,2016-08-10,1820,8,2,18,3,N,A,N,A,H,A,A,01,N,01,C,,,,,C,N,N,A,1,0,0,0,23152.0,2,37.37505237,-120.61367868,4
2016,2016-08-11,2204,8,2,22,4,N,A,Y,A,H,D,D,22,E,08,E,,,,,I,Y,N,D,1,0,0,0,22107.0,1,37.10002,-120.86987945,4
2019,2019-11-05,1250,11,3,12,2,Y,A,N,A,H,A,D,22,,12,D,,,,,C,Y,N,A,3,0,0,0,22450.0,3,37.3423080444336,-120.59593963623048,4
2019,2019-11-08,2106,11,3,21,5,N,A,N,A,H,C,D,22,W,03,C,,,,,C,Y,N,A,2,0,0,0,22350.0,2,37.36045837402344,-120.59600067138672,4
2019,2019-11-12,1725,11,3,17,2,N,A,N,A,H,B,A,01,W,09,D,,,,,C,Y,N,D,2,0,0,0,21804.0,2,37.371768951416016,-120.59099578857422,4
2016,2016-08-12,330,8,2,3,5,N,A,N,A,H,D,A,07,S,00,F,,,,,A,Y,N,D,5,0,0,0,2207.0,1,37.07776095,-120.70788225,2
2019,2019-12-03,1137,12,4,11,2,N,B,N,B,H,A,A,01,W,21,E,,,,,I,N,N,D,1,0,0,0,22106.0,1,37.366766,-120.576709,4
2019,2019-12-05,1904,12,4,19,4,Y,A,N,A,H,C,A,01,,10,G,Y,,,,B,N,M,A,1,1,0,0,21950.0,2,37.36043167114258,-120.61093139648438,4
2019,2019-11-12,1703,11,3,17,2,Y,A,N,A,H,B,C,02,,03,C,,,Y,,C,N,N,A,1,0,0,1,22350.0,2,37.342302,-120.595937,4
2016,2016-07-21,845,7,2,8,4,Y,A,Y,A,H,A,G,27,,09,C,,,,Y,C,N,N,D,1,0,0,0,21801.0,2,37.06074614,-121.05737634,4
2019,2019-11-11,1742,11,3,17,1,N,A,N,A,H,A,L,04,E,05,-,,Y,,,G,N,N,D,1,0,1,0,21650.0,2,37.349807739257805,-120.5905990600586,4
2019,2019-07-01,529,7,2,5,1,N,A,N,A,H,B,A,01,E,08,F,,,,,A,N,N,A,1,0,0,0,22107.0,1,37.07369995117188,-120.86045837402344,4
2016,2016-08-03,1915,8,2,19,3,N,A,Y,A,H,A,C,02,S,08,E,,,Y,,I,N,N,D,1,0,0,1,22107.0,1,37.51390258,-120.45982408,2
2016,2016-08-10,853,8,2,8,3,N,A,Y,A,H,A,A,07,W,03,C,,,,,C,Y,N,D,3,0,0,0,22350.0,2,37.30264699,-120.54138925,4
2016,2016-07-30,1205,7,2,12,6,N,A,Y,A,H,A,A,07,N,03,C,,,,,C,N,N,D,2,0,0,0,22350.0,2,37.19686986,-120.48818199,4
2016,2016-03-03,2000,3,1,20,4,N,C,Y,B,H,D,N,60,S,11,G,Y,,,,B,Y,N,D,0,0,0,0,21956.0,2,37.32700025,-120.85112577,1
2016,2016-08-12,1122,8,2,11,5,N,A,Y,A,H,A,A,07,S,08,E,,,,,I,Y,N,D,2,0,0,0,22107.0,1,37.09825772,-120.49235359,3
2016,2016-08-13,1151,8,2,11,6,N,A,N,A,H,A,A,01,E,08,E,,,,,I,Y,N,D,3,0,0,0,22107.0,1,37.40490457,-120.76488507,4
2016,2016-08-09,640,8,2,6,2,N,A,N,A,H,A,A,01,E,01,C,,,,,C,Y,N,A,2,0,0,0,23152.0,2,37.47488772,-120.73958214,3
2016,2016-08-13,530,8,2,5,6,N,A,N,A,H,B,D,22,S,08,G,Y,,,,B,N,N,D,1,1,0,0,22107.0,2,37.30236952,-120.52307562,3
2016,2016-08-18,50,8,2,0,4,N,A,N,A,H,D,A,01,W,03,C,,,,,C,N,N,D,2,0,0,0,22350.0,2,37.28807818,-120.33246771,4
2016,2016-07-28,1805,7,2,18,4,N,A,Y,A,H,A,A,07,S,03,C,,,,Y,C,Y,N,D,1,0,0,0,22350.0,2,37.20903015,-120.48806898,2
2019,2019-11-10,1522,11,3,15,7,Y,A,N,A,H,A,A,08,,09,D,,,,,C,Y,N,A,1,0,0,0,21802.0,2,37.35287857055664,-120.62860870361328,4
2019,2019-11-09,2340,11,3,23,6,N,A,N,A,H,C,A,01,S,07,F,,,,,E,Y,N,D,1,0,0,0,21658.0,4,37.34902191162109,-120.60530853271484,3
2019,2019-11-09,2237,11,3,22,6,Y,A,N,A,H,C,A,01,,09,A,,,,,C,Y,N,A,1,0,0,0,21801.0,2,37.349830627441406,-120.59590911865234,4
2016,2016-08-11,30,8,2,0,4,N,A,N,D,B,D,-,- ,W,18,F,,,Y,,A,Y,N,D,1,0,0,1,,1,37.38562803,-120.76326989,3
2016,2016-08-14,430,8,2,4,7,N,A,N,A,H,D,A,01,W,01,E,,,,,I,Y,N,D,1,0,0,0,23152.0,1,37.41171011,-120.87733867,3
2016,2016-08-17,1015,8,2,10,3,N,A,Y,A,H,A,A,01,W,08,F,,,,,I,Y,N,D,2,0,0,0,22107.0,1,37.32056132,-120.26651408,3
2016,2016-08-15,1530,8,2,15,1,N,A,N,A,H,A,A,07,E,08,F,,,,,A,Y,N,D,1,0,0,0,22107.0,1,37.09937219,-120.80209653,4
2016,2016-08-21,325,8,2,3,7,N,A,N,A,H,D,A,01,S,01,F,,,,,A,Y,N,D,2,0,0,0,23152.0,1,37.18175555,-120.9695466,2
2016,2016-08-14,1658,8,2,16,7,N,A,Y,A,H,A,A,01,S,03,C,,,,,C,Y,N,D,1,0,0,0,22350.0,2,37.29690012,-120.48382262,3
2016,2016-08-16,1315,8,2,13,2,N,A,Y,A,H,A,G,27,N,08,F,,,,Y,A,Y,N,D,1,0,0,0,22107.0,1,37.05686,-120.96846,2
2016,2016-08-17,1645,8,2,16,3,N,A,Y,A,H,A,D,22,W,08,E,,,,,I,N,N,D,1,0,0,0,22107.0,1,37.05672944,-120.88644928,4
2016,2016-08-20,1745,8,2,17,6,Y,A,Y,A,H,A,A,01,,09,D,,,,,C,Y,N,A,1,0,0,0,21802.0,2,37.41834996,-120.62197996,4
2016,2016-08-22,904,8,2,9,1,N,A,N,A,H,A,A,01,E,03,C,,,,,C,Y,N,D,1,0,0,0,22350.0,2,37.10039234,-120.97180902,4
2016,2016-08-14,130,8,2,1,7,N,A,Y,A,H,C,A,07,W,08,F,,,,,A,Y,N,D,1,0,0,0,22107.0,1,37.05402279,-120.55584183,3
2016,2016-08-14,1320,8,2,13,7,N,A,Y,A,H,A,A,01,S,03,C,,,,,C,Y,N,D,1,0,0,0,22350.0,2,37.1470101,-121.04314945,4
2016,2016-08-12,2330,8,2,23,5,N,A,N,A,H,D,A,01,S,08,E,,,,,I,N,M,D,1,0,0,0,22107.0,1,37.01289,-120.81872,3
2016,2016-08-21,550,8,2,5,7,N,A,N,A,G,D,A,01,S,03,E,,,,,C,Y,N,D,1,0,0,0,22350.0,2,,,4
2016,2016-08-24,945,8,2,9,3,Y,A,N,A,H,A,A,01,,09,D,,,,,C,Y,N,A,1,0,0,0,21802.0,2,37.33213993,-120.41454986,3
2016,2016-08-13,1436,8,2,14,6,N,A,N,A,H,A,A,01,N,08,E,,,,,I,Y,N,D,1,0,0,0,22107.0,1,37.21218631,-120.9940988,3
2016,2016-08-24,1135,8,2,11,3,N,A,N,A,H,A,D,22,W,03,C,,,,,C,Y,N,D,2,0,0,0,22350.0,2,37.31771111,-120.53123883,3
2016,2016-08-09,1755,8,2,17,2,N,A,N,A,H,A,D,22,N,01,E,,,,,I,Y,N,A,1,0,0,0,23152.0,1,37.42683267,-120.57597525,4
2016,2016-08-20,1330,8,2,13,6,Y,A,Y,A,H,A,A,08,,09,D,,,,,C,Y,N,A,1,0,0,0,21802.0,2,37.38969309,-120.8503101,4
2016,2016-08-24,1920,8,2,19,3,N,A,N,A,H,B,A,01,W,03,C,,,,,C,Y,N,D,1,0,0,0,22350.0,3,37.34081646,-120.54118367,4
2016,2016-08-24,1720,8,2,17,3,N,A,Y,A,H,A,A,07,N,03,E,,,,,I,Y,N,D,1,0,0,0,22350.0,2,37.34545819,-120.61585869,4
2016,2016-08-22,645,8,2,6,1,Y,A,N,A,H,A,A,01,,12,D,,,,,C,Y,N,A,1,0,0,0,22450.0,2,37.3385699,-120.67795986,4
2016,2016-08-18,2040,8,2,20,4,N,A,N,A,H,A,C,02,S,03,F,,,Y,,A,Y,N,D,1,0,0,1,22350.0,2,37.11642254,-120.94380592,3
2016,2016-08-25,1750,8,2,17,4,N,A,N,A,H,A,A,08,E,21,H,,,,,C,N,N,D,2,0,0,0,22106.0,2,37.42882726,-120.76712711,4
2016,2016-08-22,615,8,2,6,1,Y,A,Y,A,H,A,G,25,,09,D,,,,Y,C,Y,N,D,1,0,0,0,21802.0,2,37.43325506,-120.84973008,3
2016,2016-08-22,1705,8,2,17,1,N,A,N,A,H,A,A,01,S,01,F,,,,,A,N,N,D,1,0,0,0,23152.0,1,37.38576194,-120.74144264,3
2016,2016-08-27,1645,8,2,16,6,N,A,Y,A,H,A,A,01,N,08,F,,,,,A,Y,N,D,1,0,0,0,22107.0,1,37.18944559,-120.83830487,4
2016,2016-07-09,1245,7,2,12,6,N,A,N,A,H,A,A,01,S,08,E,,,,,I,Y,N,D,0,0,0,0,22107.0,1,37.28722,-120.25196,1
2016,2016-08-25,950,8,2,9,4,N,A,N,A,H,A,G,25,W,03,F,,,,Y,A,Y,N,D,1,0,0,0,22350.0,1,,,4
2016,2016-08-30,655,8,2,6,2,N,A,Y,A,H,A,G,25,N,03,F,,,,Y,A,Y,N,D,1,0,0,0,22350.0,1,,,3
2016,2016-08-22,1950,8,2,19,1,N,A,N,A,H,B,D,22,E,01,E,,,,,J,N,N,D,1,0,0,0,23152.0,1,37.11287218,-120.45353975,3
2016,2016-08-25,2045,8,2,20,4,N,A,Y,A,H,D,A,01,S,01,F,,,,,A,Y,N,D,2,0,0,0,23152.0,1,37.3847628,-120.71240677,2
2016,2016-08-26,2015,8,2,20,5,Y,A,N,A,H,C,D,22,,09,D,,,,,C,Y,N,A,1,0,0,0,21802.0,2,37.38160993,-120.70515995,4
2016,2016-08-25,1355,8,2,13,4,N,A,N,A,H,A,A,01,E,01,E,,,,,I,Y,N,A,1,0,0,0,23152.0,1,37.04236,-120.85376944,2
2016,2016-08-31,2030,8,2,20,3,N,A,Y,A,H,D,D,22,S,03,C,,,,,D,N,N,D,1,0,0,0,22350.0,2,37.31966539,-120.53728966,4
2016,2016-06-08,455,6,2,4,3,N,A,Y,A,H,D,A,01,S,01,E,,,,,I,Y,N,D,1,0,0,0,23152.0,2,37.31608382,-120.52804655,1
2016,2016-08-17,1534,8,2,15,3,N,A,N,A,H,A,G,26,W,03,D,,,,Y,C,Y,N,D,2,0,0,0,22350.0,3,37.43377383,-120.70181432,2
2016,2016-08-25,2000,8,2,20,4,N,A,N,A,H,D,L,04,N,08,H,,Y,,,G,N,N,D,1,0,1,0,22107.0,2,37.320927,-120.87843705,2
2016,2016-08-31,1427,8,2,14,3,N,A,N,A,H,A,A,07,N,01,E,,,,,I,Y,N,D,1,0,0,0,23152.0,1,37.41210809,-120.75925166,2
2016,2016-08-31,1815,8,2,18,3,N,A,N,A,H,A,D,22,E,21,D,,,,,C,Y,N,D,1,0,0,0,22106.0,2,37.43949261,-120.57408173,2
2016,2016-08-18,1846,8,2,18,4,Y,A,Y,A,H,A,A,01,,12,D,,,,Y,C,Y,N,A,1,0,0,0,22450.0,2,37.24582338,-121.03089957,1
2016,2016-08-30,2110,8,2,21,2,N,A,Y,A,H,D,A,01,N,08,F,,,,,A,Y,N,D,1,0,0,0,22107.0,1,37.11718147,-121.01549328,3
2016,2016-09-01,1825,9,3,18,4,N,A,Y,A,H,A,D,22,W,08,E,,,,,I,Y,N,D,1,0,0,0,22107.0,1,37.0788199,-121.08828344,4
2016,2016-08-27,1300,8,2,13,6,Y,A,N,A,H,A,D,22,,09,A,,,Y,,C,Y,N,D,2,0,0,1,21801.0,2,37.30938004,-120.60096999,2
2016,2016-08-28,520,8,2,5,7,N,A,N,A,H,B,A,07,W,08,F,,,,,A,Y,N,D,1,0,0,0,22107.0,1,37.49175632,-120.52980616,3
2016,2016-08-28,1715,8,2,17,7,N,A,Y,A,H,A,A,07,S,01,F,,,,,A,Y,M,D,1,0,0,0,23152.0,1,37.32780167,-120.55952976,3
2016,2016-09-03,1750,9,3,17,6,N,A,Y,A,H,A,A,01,E,08,E,,,,,I,Y,N,D,1,0,0,0,22107.0,1,37.08522371,-121.18033553,4
2016,2016-08-25,1725,8,2,17,4,N,A,Y,A,H,A,A,01,W,03,C,,,,,C,Y,N,A,2,0,0,0,22350.0,2,37.41963775,-120.66782189,4
2016,2016-08-24,1930,8,2,19,3,N,A,N,B,H,B,C,02,W,03,F,,,Y,,A,N,N,D,1,0,0,1,22350.0,1,,,3
2016,2016-09-02,1850,9,3,18,5,Y,A,N,A,H,A,G,25,,05,B,,,,Y,C,Y,N,D,1,0,0,0,21460.0,2,37.37254988,-120.95959992,4
2016,2016-09-04,1723,9,3,17,7,Y,A,N,A,H,A,A,07,,09,D,,,,,C,Y,N,A,3,0,0,0,21802.0,2,37.41176997,-120.88649995,3
2016,2016-08-19,2252,8,2,22,5,N,A,N,A,H,D,A,07,E,01,E,,,,,I,Y,N,D,1,0,0,0,23152.0,1,37.39448738,-120.79103857,3
2016,2016-09-04,100,9,3,1,7,N,A,N,A,H,C,A,01,N,03,E,,,,,I,Y,M,D,1,0,0,0,22350.0,1,37.38396922,-120.62264961,3
2016,2016-09-08,743,9,3,7,4,N,A,Y,A,H,A,A,01,S,21,D,,,,,C,Y,N,D,1,0,0,0,22106.0,2,37.39967,-120.85020469,4
2016,2016-08-30,830,8,2,8,2,Y,A,N,A,H,A,A,01,,08,E,,,,,I,Y,N,D,1,0,0,0,22107.0,1,37.1709801,-120.27451986,3
2016,2016-09-03,1620,9,3,16,6,N,A,N,A,H,A,A,01,S,05,A,,,,,C,Y,N,D,3,0,0,0,21460.0,2,37.331663,-120.577261,2
2016,2016-08-29,1940,8,2,19,1,N,A,N,A,H,B,A,01,S,08,E,,,,,I,Y,N,D,2,0,0,0,22107.0,1,,,4
2016,2016-09-01,1550,9,3,15,4,N,A,Y,A,H,A,A,01,N,03,E,,,,,I,Y,N,D,1,0,0,0,22350.0,1,37.06159634,-120.97428207,4
2016,2016-09-01,2311,9,3,23,4,N,A,Y,A,H,D,N,60,S,11,G,Y,,,,B,Y,N,D,1,1,0,0,21954.0,2,37.24327821,-121.08798734,2
2016,2016-09-02,2140,9,3,21,5,N,A,Y,A,H,C,A,01,S,01,B,,,,,C,Y,M,D,1,0,0,0,23152.0,2,37.08726983,-121.01600782,4
2016,2016-09-02,1250,9,3,12,5,Y,A,N,A,H,A,D,22,,09,D,,,,,A,Y,N,D,1,0,0,0,21800.0,2,,,4
2016,2016-03-25,2500,3,1,25,5,N,A,N,A,H,D,-,99,N,08,H,,Y,,,G,N,F,D,1,0,1,0,22107.0,2,37.37674518,-120.59549198,2
2016,2016-09-02,1350,9,3,13,5,Y,A,N,A,H,A,A,01,,12,D,,,,,C,Y,F,A,2,0,0,0,22450.0,2,37.39298991,-120.63156999,4
2016,2016-09-08,940,9,3,9,4,N,A,Y,A,H,A,A,01,S,07,C,,,,,C,Y,N,D,2,0,0,0,21658.0,3,37.32888781,-120.56248809,4
2016,2016-09-09,1145,9,3,11,5,N,A,Y,A,H,A,A,07,S,08,E,,,,,I,Y,N,D,2,0,0,0,22107.0,1,36.95599198,-120.87154286,3
2016,2016-08-31,1235,8,2,12,3,N,A,Y,A,H,A,A,01,S,08,E,,,,,I,Y,N,D,1,0,0,0,22107.0,1,37.45501311,-120.80326083,3
2016,2016-09-04,155,9,3,1,7,N,A,N,A,H,C,D,22,W,01,E,,,,,I,Y,N,D,1,0,0,0,23152.0,1,37.41371,-120.85287493,2
2016,2016-09-05,35,9,3,0,1,N,A,N,A,H,D,A,01,S,01,E,,,,,I,Y,N,D,1,0,0,0,23152.0,1,37.28722,-120.25196,3
2016,2016-09-02,2230,9,3,22,5,N,A,N,A,H,E,A,01,E,01,F,,,,,A,Y,N,D,1,0,0,0,23152.0,1,37.09937506,-120.8022782,3
2016,2016-09-08,1146,9,3,11,4,Y,A,Y,A,H,A,G,25,,09,D,,,,Y,C,Y,N,A,3,0,0,0,21802.0,2,37.05462988,-120.70564965,2
2016,2016-09-12,1140,9,3,11,1,N,A,Y,A,H,A,A,01,E,08,F,,,,,A,Y,N,D,1,0,0,0,22107.0,1,37.10036839,-120.96818835,4
2016,2016-09-05,2000,9,3,20,1,N,A,N,A,H,D,A,08,E,03,E,,,,,I,N,N,D,2,0,0,0,22350.0,1,37.03498788,-120.82690723,3
2016,2016-09-11,339,9,3,3,7,N,A,N,A,H,C,A,01,N,01,E,,,,,I,Y,N,D,1,0,0,0,23152.0,1,37.33576272,-120.4328894,2
2016,2016-09-11,1710,9,3,17,7,N,A,Y,A,H,A,A,07,S,03,C,,,,,C,N,N,D,4,0,0,0,22350.0,2,37.41048946,-120.85005538,4
2016,2016-09-07,1710,9,3,17,3,Y,A,Y,A,H,A,D,22,,05,B,,,,,C,Y,N,D,1,0,0,0,21752.0,2,37.22199982,-120.48801905,2
2016,2016-09-16,1610,9,3,16,5,N,A,N,A,H,A,A,08,N,03,C,,,,,C,N,N,D,1,0,0,0,22350.0,2,37.38939,-120.62256,4
2016,2016-09-17,1605,9,3,16,6,N,A,N,A,H,A,D,22,E,01,B,,,,,C,Y,N,D,1,0,0,0,23152.0,2,37.39304,-120.60856468,3
2016,2016-09-18,2000,9,3,20,7,N,A,Y,A,H,C,A,07,N,03,C,,,,,C,Y,N,D,1,0,0,0,22350.0,3,37.34592336,-120.61714656,4
2016,2016-09-06,920,9,3,9,2,N,A,Y,A,H,A,E,22,N,08,F,,,,,A,Y,N,D,1,0,0,0,22107.0,1,37.34954388,-120.85055505,3
2016,2016-09-18,1730,9,3,17,7,N,A,N,A,G,A,A,01,S,08,F,,,,,A,Y,N,D,2,0,0,0,22107.0,1,,,4
2016,2016-09-20,1220,9,3,12,2,N,A,Y,A,H,A,A,07,S,08,E,,,,,I,Y,N,D,1,0,0,0,22107.0,1,37.04211258,-120.95539685,3
2016,2016-09-15,1205,9,3,12,4,N,A,Y,A,H,A,A,01,W,08,D,,,,Y,C,Y,N,D,1,0,0,0,22107.0,2,37.3130979,-120.91694539,4
2016,2016-09-15,1220,9,3,12,4,N,A,Y,A,H,A,D,22,N,08,E,,,,,I,Y,N,D,1,0,0,0,22107.0,1,37.29547506,-120.47002656,3
2016,2016-09-16,2220,9,3,22,5,N,A,N,A,H,D,A,01,E,08,E,,,,,I,N,N,D,2,0,0,0,22107.0,1,37.34579489,-120.64868138,4
2016,2016-09-16,1020,9,3,10,5,Y,A,N,A,H,A,F,27,,09,E,,,,Y,I,Y,N,A,1,0,0,0,21802.0,2,37.3827599,-120.88685986,3
2016,2016-09-18,1945,9,3,19,7,N,A,Y,A,H,C,D,22,S,03,C,,,,,C,N,N,D,1,0,0,0,22350.0,5,37.34041977,-120.59323998,4
2016,2016-08-25,735,8,2,7,4,N,A,N,A,H,A,D,22,W,09,D,,,,,C,Y,N,D,1,0,0,0,21804.0,2,37.41135333,-120.8315973,4
2016,2016-09-19,2019,9,3,20,1,N,A,Y,A,H,D,A,01,E,04,C,,,,,C,Y,N,D,1,0,0,0,21703.0,2,37.07615882,-121.20814725,3
2016,2016-09-15,1948,9,3,19,4,N,A,Y,A,H,C,A,01,W,08,F,,,,,A,Y,N,D,2,0,0,0,22107.0,1,37.05119,-120.63895,2
2016,2016-09-18,508,9,3,5,7,N,A,Y,A,H,D,A,01,N,01,E,,,,,I,Y,N,D,1,0,0,0,23152.0,1,36.94836791,-120.86276422,1
2016,2016-09-18,1710,9,3,17,7,N,A,N,A,A,A,-,- ,S,18,E,,,,,I,Y,N,D,1,0,0,0,,1,,,3
2016,2016-09-18,2335,9,3,23,7,N,A,N,A,H,D,G,27,E,08,F,,,,Y,A,Y,N,D,1,0,0,0,22107.0,1,37.10036509,-120.9676912,4
2016,2016-09-18,1710,9,3,17,7,N,A,Y,A,H,A,D,22,N,08,F,,,,,A,Y,N,D,2,0,0,0,22107.0,1,36.97074641,-120.88922817,4
2016,2016-09-15,1435,9,3,14,4,N,A,N,A,H,A,D,22,S,10,G,Y,,,,B,N,F,D,1,1,0,0,21950.0,2,36.96310325,-120.65386592,4
2016,2016-09-13,1600,9,3,16,2,N,A,N,A,H,A,A,01,E,05,A,,,,,C,Y,N,D,3,0,0,0,21460.0,2,,,3
2016,2016-09-19,1524,9,3,15,1,Y,A,N,A,H,A,D,22,,09,D,,,,,C,N,N,A,1,0,0,0,21802.0,2,37.40500994,-120.77763997,4
2016,2016-09-23,925,9,3,9,5,N,A,N,A,H,A,D,22,N,08,C,,,,,E,N,N,D,1,0,0,0,22107.0,2,37.39352152,-120.61705,3
2016,2016-09-25,1615,9,3,16,7,Y,A,N,A,H,A,A,07,,09,D,,,,,C,Y,N,A,1,0,0,0,21802.0,2,37.436594,-120.784241,4
2016,2016-06-25,2500,6,2,25,6,Y,A,N,A,H,D,A,01,,03,E,,,,,J,Y,M,D,1,0,0,0,22350.0,1,37.41944997,-120.71332992,3
2016,2016-09-24,745,9,3,7,6,Y,A,Y,A,H,A,D,22,,09,D,,,,,C,Y,N,A,2,0,0,0,21802.0,2,37.05463115,-120.70572034,2
2016,2016-09-27,542,9,3,5,2,Y,A,N,A,H,D,D,22,,09,A,,,,,C,Y,N,D,2,0,0,0,21801.0,2,37.09874009,-120.76216994,3
2016,2016-09-11,120,9,3,1,7,N,A,Y,A,H,D,A,01,N,08,E,,,,,I,Y,N,D,2,0,0,0,22107.0,1,37.36405214,-120.65798347,3
2016,2016-09-12,1200,9,3,12,1,N,A,Y,A,H,A,F,27,E,03,C,,,,Y,C,Y,N,D,1,0,0,0,22350.0,2,37.06954735,-120.52723925,3
2016,2016-09-23,1030,9,3,10,5,N,A,N,A,H,A,A,07,S,08,F,,,,,A,Y,N,D,2,0,0,0,22107.0,1,37.35165011,-120.81431003,4
2016,2016-09-23,2250,9,3,22,5,N,A,Y,A,H,C,G,27,N,08,E,,,,Y,I,Y,N,D,1,0,0,0,22107.0,1,37.29037323,-120.46006324,4
2016,2016-09-16,935,9,3,9,5,N,A,Y,A,H,A,G,25,N,08,E,,,,Y,I,Y,N,D,1,0,0,0,22107.0,1,37.37759654,-120.6958268,3
2016,2016-09-30,2330,9,3,23,5,N,A,Y,A,H,D,A,01,N,08,E,,,,,I,Y,N,D,1,0,0,0,22107.0,1,37.04096009,-120.63556131,3
2016,2016-10-03,35,10,3,0,1,N,A,Y,A,H,D,D,22,N,01,E,,,,,I,Y,N,D,5,0,0,0,23152.0,3,37.10684,-121.01688,2
2016,2016-09-22,700,9,3,7,4,N,A,N,A,H,A,N,60,W,11,G,Y,,,,B,N,N,D,1,1,0,0,21956.0,2,37.38943786,-120.6166308,3
2016,2016-09-18,1100,9,3,11,7,N,A,Y,A,H,A,D,22,W,01,F,,,,,A,Y,N,D,0,0,0,0,23152.0,1,37.10478772,-121.13136498,1