ACCIDENT_YEAR,COLLISION_DATE,COLLISION_TIME,MONTH,SEASON,24HOURS,DAY_OF_WEEK,INTERSECTION,WEATHER_1,STATE_HWY_IND,ROAD_SURFACE,ROAD_COND_1,LIGHTING,STWD_VEHTYPE_AT_FAULT,CHP_VEHTYPE_AT_FAULT,DIRECTION,PCF_VIOL_CATEGORY,TYPE_OF_COLLISION,PEDESTRIAN_ACCIDENT,BICYCLE_ACCIDENT,MOTORCYCLE_ACCIDENT,TRUCK_ACCIDENT,MVIW,TOW_AWAY,HIT_AND_RUN,CONTROL_DEVICE,NUMBER_INJURED,COUNT_PED_INJURED,COUNT_BICYCLIST_INJURED,COUNT_MC_INJURED,PCF_VIOLATION,PARTY_COUNT,POINT_Y,POINT_X,COLLISION_SEVERITY
2019,2019-11-10,2207,11,3,22,7,Y,A,N,A,H,C,-,- ,,12,D,,Y,,,G,N,N,A,1,0,1,0,21453.0,2,37.29967880249024,-120.47525787353516,4
2016,2016-09-25,2155,9,3,21,7,N,A,Y,A,H,D,D,22,N,08,F,,,,,I,Y,N,D,1,0,0,0,22107.0,1,37.42746803,-120.7725722,4
2016,2016-09-22,1630,9,3,16,4,Y,A,Y,A,H,A,A,08,,09,D,,,,,C,Y,N,D,1,0,0,0,21801.0,3,37.3495799,-120.55526991,4
2016,2016-09-18,1836,9,3,18,7,Y,A,N,A,H,B,A,08,,09,A,,,,,C,Y,N,D,5,0,0,0,21801.0,2,37.4339699,-120.7677499,3
2016,2016-09-19,340,9,3,3,1,N,A,Y,A,H,C,A,07,N,08,F,,,,,A,Y,N,D,1,0,0,0,22107.0,1,37.39032926,-120.73671711,4
2016,2016-09-23,1902,9,3,19,5,N,A,N,A,H,D,A,07,W,08,F,,,,,A,Y,N,D,1,0,0,0,22107.0,1,37.34792928,-120.55261502,4
2016,2016-09-23,1450,9,3,14,5,Y,A,N,A,H,A,A,01,,05,B,,,,,C,Y,N,D,1,0,0,0,21752.0,2,37.40513993,-120.79579986,3
2016,2016-08-03,26,8,2,0,3,Y,A,N,A,H,D,A,01,,01,E,,,,,I,Y,N,D,0,0,0,0,23152.0,1,37.40406996,-120.71322997,1
2016,2016-09-29,1715,9,3,17,4,N,A,N,A,H,A,C,02,S,08,E,,,Y,,J,N,N,D,1,0,0,1,22107.0,1,37.4389008,-120.83120923,3
2016,2016-03-30,1930,3,1,19,3,N,A,Y,A,H,B,A,07,W,01,A,,,,,C,Y,N,D,1,0,0,0,23152.0,2,37.30226498,-120.65226403,1
2016,2016-09-29,1805,9,3,18,4,Y,A,N,A,H,B,A,01,,09,D,,,,,C,Y,N,D,1,0,0,0,21802.0,2,37.36163,-120.646411,4
2016,2016-10-03,2320,10,3,23,1,N,A,Y,A,H,D,-,- ,N,18,H,,,,,H,Y,N,D,1,0,0,0,,1,37.2893244,-120.45810368,4
2016,2016-09-09,2352,9,3,23,5,N,A,N,A,H,D,A,01,E,05,A,,,,,C,Y,N,D,4,0,0,0,21650.0,2,37.10064,-121.01096,1
2016,2016-09-24,1150,9,3,11,6,N,A,N,A,G,A,C,06,E,22,E,,,Y,,I,N,N,D,1,0,0,1,,1,,,4
2016,2016-10-04,950,10,3,9,2,Y,A,Y,A,H,A,A,07,,09,D,,,,,C,Y,N,A,2,0,0,0,21802.0,2,37.08368878,-121.10170966,4
2016,2016-09-28,1645,9,3,16,3,N,A,Y,A,H,A,A,07,S,05,A,,,,,C,Y,N,D,2,0,0,0,21460.0,2,37.33603833,-120.50444923,4
2016,2016-09-30,610,9,3,6,5,Y,A,N,A,H,D,A,01,,09,A,,,,,C,Y,N,A,3,0,0,0,21801.0,2,37.43370998,-120.72196986,4
2016,2016-06-04,337,6,2,3,6,Y,A,N,A,H,D,A,01,,01,E,,,,,I,Y,N,A,0,0,0,0,23152.0,1,37.28785005,-120.31982989,1
2016,2016-10-02,300,10,3,3,7,N,A,N,A,H,D,A,01,E,01,F,,,,,A,Y,N,D,2,0,0,0,23152.0,1,37.31042,-120.37879,3
2016,2016-10-04,640,10,3,6,2,N,A,Y,A,H,A,A,01,N,03,C,,,,Y,C,N,N,D,1,0,0,0,22350.0,2,37.33484959,-120.57929279,4
2016,2016-10-10,1015,10,3,10,1,N,A,Y,A,H,D,A,01,E,03,E,,,,,J,Y,N,D,1,0,0,0,22350.0,1,37.05677885,-120.99810996,4
2016,2016-09-16,2035,9,3,20,5,Y,A,N,A,H,A,A,01,,12,C,,,,,C,Y,M,A,1,0,0,0,22450.0,2,37.33115995,-120.61447992,3
2016,2016-09-23,1555,9,3,15,5,N,A,N,A,H,A,A,07,N,08,E,,,,,I,Y,N,D,1,0,0,0,22107.0,1,37.24998929,-120.56056031,2
2016,2016-09-30,35,9,3,0,5,N,A,N,A,H,D,D,22,W,01,E,,,,,I,Y,N,D,1,0,0,0,23152.0,1,37.36046013,-120.74372646,3
2016,2016-09-30,440,9,3,4,5,N,A,Y,A,H,D,A,07,N,07,C,,,,Y,C,Y,N,D,1,0,0,0,21658.0,2,37.33583117,-120.58195957,4
2016,2016-10-06,1457,10,3,14,4,Y,A,N,A,H,A,A,01,,09,D,,,,,C,Y,N,D,1,0,0,0,21802.0,2,37.36331989,-120.43219988,3
2016,2016-10-07,430,10,3,4,5,N,A,N,A,H,A,A,07,S,08,F,,,,,A,Y,N,D,1,0,0,0,22107.0,1,37.35889015,-120.68671406,4
2016,2016-10-10,2210,10,3,22,1,N,A,Y,A,H,D,G,25,W,07,C,,,,Y,C,Y,N,D,1,0,0,0,21658.0,2,37.05678087,-120.99852049,3
2016,2016-10-12,1400,10,3,14,3,N,A,Y,A,H,A,A,01,N,03,C,,,,,C,Y,N,D,5,0,0,0,22350.0,2,37.04753326,-120.96118955,4
2016,2016-10-06,1233,10,3,12,4,Y,A,N,A,H,A,A,01,,09,A,,,,,A,Y,N,D,2,0,0,0,21801.0,2,37.32309007,-120.54207998,3
2016,2016-10-12,1420,10,3,14,3,N,A,N,A,H,A,A,01,W,01,A,,,,,C,Y,N,D,2,0,0,0,23152.0,2,37.22654525,-120.37395907,3
2016,2016-10-06,1125,10,3,11,4,N,A,Y,A,H,A,G,25,N,08,B,,,,Y,E,Y,N,D,1,0,0,0,22107.0,3,36.93675027,-120.84852156,4
2016,2016-10-08,2055,10,3,20,6,N,A,Y,A,H,D,C,02,W,01,F,,,Y,,A,Y,N,D,1,0,0,1,23152.0,1,37.27324865,-120.45889875,3
2016,2016-10-12,1445,10,3,14,3,N,A,Y,A,H,A,A,01,S,06,B,,,,Y,C,Y,N,A,1,0,0,0,21750.0,2,37.37434938,-120.5031705,4
2016,2016-10-07,620,10,3,6,5,N,A,Y,A,H,B,F,26,N,03,C,,,,Y,C,N,N,D,1,0,0,0,22350.0,2,37.3364092,-120.58335339,4
2016,2016-10-12,1747,10,3,17,3,Y,A,N,A,H,A,F,26,,09,D,,,,Y,C,Y,N,D,2,0,0,0,21800.0,2,37.09615,-120.92640994,4
2016,2016-10-14,1033,10,3,10,5,N,A,Y,A,H,A,C,02,E,08,F,,,Y,,A,Y,N,D,1,0,0,1,22107.0,1,37.08213798,-121.09400094,3
2019,2019-12-08,1459,12,4,14,7,Y,A,N,D,H,A,A,07,,12,D,,,,,C,Y,N,A,2,0,0,0,22450.0,2,37.29920196533203,-120.5046615600586,3
2019,2019-12-04,1521,12,4,15,3,Y,A,N,A,H,A,A,01,,03,C,,,,,C,Y,N,A,2,0,0,0,22350.0,3,37.30694961547852,-120.49839019775392,4
2019,2019-12-02,1543,12,4,15,1,N,C,N,B,H,A,D,22,S,03,C,,,,,C,N,N,D,1,0,0,0,22350.0,2,37.29812240600586,-120.46458435058594,3
2016,2016-10-11,755,10,3,7,2,N,A,N,A,H,A,A,01,W,05,A,,,,,C,Y,N,A,2,0,0,0,21460.0,2,37.18588964,-120.5617416,4
2016,2016-10-15,1320,10,3,13,6,Y,A,N,A,H,A,F,26,,09,D,,,,Y,D,Y,N,A,1,0,0,0,21802.0,2,37.36045999,-120.76003997,3
2016,2016-10-19,1524,10,3,15,3,N,A,Y,A,H,A,D,22,N,21,C,,,,,C,N,N,A,1,0,0,0,22106.0,2,37.41331964,-120.85002679,4
2016,2016-10-19,1130,10,3,11,3,N,A,Y,A,H,A,A,01,E,03,C,,,,,C,Y,N,D,1,0,0,0,22350.0,2,37.30082117,-120.67391828,4
2016,2016-10-15,1305,10,3,13,6,N,B,Y,A,H,A,C,02,S,03,C,,,Y,,C,N,N,D,1,0,0,1,22350.0,2,37.34276197,-120.50390232,3
2016,2016-10-20,550,10,3,5,4,N,A,Y,A,H,D,A,01,E,08,E,,,,,I,Y,N,D,1,0,0,0,22107.0,1,37.05683439,-120.90267986,3
2016,2016-10-15,340,10,3,3,6,N,C,Y,B,H,D,A,07,E,08,E,,,,,I,Y,N,D,1,0,0,0,22107.0,1,37.0829001,-121.09613326,2
2016,2016-10-15,800,10,3,8,6,Y,A,Y,A,H,A,A,01,,09,D,,,,,C,Y,N,D,3,0,0,0,21802.0,2,37.05462916,-120.70560948,3
2016,2016-10-20,917,10,3,9,4,N,A,N,A,H,A,A,01,W,03,C,,,,,C,Y,N,D,2,0,0,0,22350.0,2,37.38505973,-120.61235794,4
2016,2016-10-21,800,10,3,8,5,N,A,Y,A,H,A,A,01,N,03,C,,,,,C,Y,N,D,1,0,0,0,22350.0,2,37.29724,-120.48492,4
2016,2016-10-17,525,10,3,5,1,Y,B,Y,B,H,D,A,07,,03,E,,,,,I,Y,N,A,1,0,0,0,22350.0,1,37.32755097,-120.25153605,3
2016,2016-10-21,1900,10,3,19,5,N,A,Y,A,H,D,A,01,W,03,C,,,,,C,Y,N,D,1,0,0,0,22350.0,2,37.08114456,-121.19512338,4
2019,2019-12-02,741,12,4,7,1,Y,C,N,B,H,A,L,04,,05,D,,Y,,,G,N,N,A,1,0,1,0,21650.0,2,37.332130432128906,-120.49108123779295,4
2019,2019-11-26,1700,11,3,17,2,N,B,N,B,H,C,D,22,S,10,G,Y,,,,B,N,N,A,2,2,0,0,21950.0,3,37.30760192871094,-120.47064971923828,3
2019,2019-11-26,758,11,3,7,2,N,A,N,A,H,A,D,22,N,12,D,,,,,C,Y,N,A,1,0,0,0,21453.0,3,37.30542755126953,-120.48105621337892,4
2019,2019-12-01,1510,12,4,15,7,N,C,Y,B,H,C,D,22,S,03,C,,,,,C,N,F,A,1,0,0,0,22350.0,2,37.316082000732415,-120.50502777099608,4
2016,2016-10-14,2200,10,3,22,5,N,A,N,A,H,C,A,01,N,08,E,,,,,I,Y,N,A,3,0,0,0,22107.0,1,37.33222718,-120.37838353,4
2016,2016-10-24,1715,10,3,17,1,N,A,Y,A,H,A,D,22,S,01,E,,,,,I,Y,N,D,1,0,0,0,23152.0,1,37.51436568,-120.45754784,3
2016,2016-10-19,1250,10,3,12,3,N,A,N,A,H,A,A,01,E,08,E,,,,,I,Y,N,D,2,0,0,0,22107.0,1,37.3610598,-120.49149533,3
2016,2016-10-11,643,10,3,6,2,Y,A,Y,A,H,A,A,01,,09,D,,,,,C,N,N,D,1,0,0,0,21802.0,2,37.44879,-120.79881,4
2019,2019-11-26,1456,11,3,14,2,N,B,N,A,H,A,-,- ,N,00,C,,,,,C,N,F,A,1,0,0,0,,3,37.30093765258789,-120.48178863525392,4
2019,2019-11-28,1629,11,3,16,4,Y,B,N,B,H,A,A,07,,12,D,,,,,C,N,N,A,1,0,0,0,21453.0,2,37.31930160522461,-120.48686981201172,4
2019,2019-12-06,1819,12,4,18,5,-,B,N,B,H,C,A,01,N,03,C,,,,,C,N,N,A,1,0,0,0,22350.0,2,37.36410903930664,-120.61386871337892,3
2016,2016-09-20,108,9,3,1,2,N,A,Y,A,H,D,G,25,N,08,D,,,,Y,C,Y,N,D,2,0,0,0,22107.0,3,37.13203228,-121.03338897,1
2016,2016-10-05,1551,10,3,15,3,N,A,Y,A,H,A,A,01,S,03,C,,,,,C,Y,N,D,1,0,0,0,22350.0,3,37.38767168,-120.72186259,3
2016,2016-10-07,1607,10,3,16,5,N,A,Y,A,H,A,D,22,S,03,C,,,,,C,Y,N,D,1,0,0,0,22350.0,2,37.41708055,-120.85000135,4
2016,2016-03-27,2100,3,1,21,7,N,A,N,A,H,D,L,04,E,05,H,,Y,,,G,N,F,D,0,0,0,0,21202.0,2,37.38956712,-120.69941503,1
2016,2016-09-22,610,9,3,6,4,N,A,Y,A,H,D,-,- ,S,00,C,,,,,C,Y,N,D,3,0,0,0,,3,37.48672016,-120.50310229,3
2016,2016-10-13,1924,10,3,19,4,N,A,N,A,H,D,-,- ,E,18,H,,,,,H,Y,N,D,1,0,0,0,,1,37.36102995,-120.49512766,4
2016,2016-10-23,1609,10,3,16,7,Y,A,N,A,H,B,C,02,,22,F,,,Y,,A,Y,N,D,1,0,0,1,,1,37.18714003,-120.97192997,4
2016,2016-10-27,1,10,3,0,4,N,A,Y,A,H,D,A,01,W,08,E,,,,,I,Y,N,D,1,0,0,0,22107.0,1,37.30646224,-120.93369732,4
2016,2016-10-27,1847,10,3,18,4,N,B,Y,A,H,D,A,01,W,01,F,,,,,I,Y,N,D,2,0,0,0,23152.0,1,,,3
2016,2016-10-28,650,10,3,6,5,N,B,Y,B,H,D,A,01,W,03,E,,,,,I,Y,N,D,1,0,0,0,22350.0,1,37.06916162,-121.07140155,3
2016,2016-10-30,1550,10,3,15,7,N,B,Y,A,H,A,A,01,W,08,E,,,,,I,Y,N,D,2,0,0,0,22107.0,1,37.08458328,-121.19018111,3
2016,2016-10-30,2040,10,3,20,7,N,A,N,A,H,D,A,01,S,08,E,,,,,I,Y,N,D,1,0,0,0,22107.0,1,,,4
2016,2016-10-18,800,10,3,8,2,N,A,Y,A,H,A,A,07,S,07,B,,,,Y,C,Y,N,D,1,0,0,0,21658.0,2,37.32596509,-120.5550518,3
2016,2016-07-25,1821,7,2,18,1,N,A,N,A,H,A,C,02,E,01,C,,,Y,,C,Y,N,D,0,0,0,0,23152.0,2,37.43370969,-120.7218908,1
2016,2016-10-30,1635,10,3,16,7,N,B,Y,B,H,A,A,01,W,03,C,,,,,C,Y,N,D,5,0,0,0,22350.0,2,37.08156384,-121.19444721,3
2016,2016-10-29,2213,10,3,22,6,N,A,Y,A,H,D,A,01,S,08,F,,,,,A,Y,N,D,1,0,0,0,22107.0,1,37.34331633,-120.61001814,3
2016,2016-10-31,733,10,3,7,1,N,A,Y,A,H,A,A,01,N,03,E,,,,,I,Y,N,D,1,0,0,0,22350.0,2,37.34483363,-120.6141251,4
2016,2016-10-31,755,10,3,7,1,N,A,Y,A,H,A,A,01,N,03,C,,,,,C,Y,N,D,2,0,0,0,22350.0,3,37.31621206,-120.52840435,4
2016,2016-10-23,610,10,3,6,7,N,A,Y,A,H,B,A,01,E,01,C,,,,Y,C,Y,N,D,1,0,0,0,23152.0,2,,,3
2016,2016-10-25,2000,10,3,20,2,N,A,Y,A,H,D,A,01,N,03,C,,,,,C,Y,F,D,1,0,0,0,22350.0,2,37.33235395,-120.57153772,4
2016,2016-10-08,5,10,3,0,6,Y,A,Y,A,H,D,A,01,,12,E,,,,,I,N,N,A,1,0,0,0,22450.0,1,37.51592508,-120.4529396,4
2016,2016-10-28,1540,10,3,15,5,N,B,N,B,F,A,A,01,E,08,F,,,,,I,Y,N,A,1,0,0,0,22107.0,1,37.49203925,-120.72117707,4
2016,2016-10-24,1935,10,3,19,1,Y,B,Y,A,H,C,A,01,,09,D,,,,,C,Y,N,A,2,0,0,0,21802.0,2,37.41038204,-120.85005669,4
2016,2016-10-30,1825,10,3,18,7,N,A,Y,A,H,D,A,07,N,01,E,,,,,I,Y,N,D,1,0,0,0,23152.0,1,37.43732,-120.78293,4
2016,2016-10-28,1010,10,3,10,5,N,B,Y,B,H,A,A,01,S,03,E,,,,Y,I,Y,N,D,1,0,0,0,22350.0,2,37.36130301,-120.6472861,4
2016,2016-11-02,1640,11,3,16,3,N,A,Y,A,H,A,A,01,W,03,C,,,,,C,Y,N,D,1,0,0,0,22350.0,2,37.40406024,-120.82081004,4
2016,2016-11-03,1740,11,3,17,4,Y,A,N,A,H,A,-,99,,09,D,,,,,C,N,F,D,1,0,0,0,21802.0,2,37.22772002,-120.37250986,4
2016,2016-11-04,1849,11,3,18,5,N,A,N,A,H,D,A,07,E,08,E,,,,,I,Y,N,D,1,0,0,0,22107.0,1,37.395102,-120.6284888,4
2016,2016-10-29,1755,10,3,17,6,N,A,N,B,F,B,A,01,E,03,E,,,,,I,Y,N,D,1,0,0,0,22350.0,1,37.27324532,-120.4607194,3
2016,2016-11-01,1740,11,3,17,2,N,A,Y,A,H,A,A,01,S,08,F,,,,,A,Y,N,D,2,0,0,0,22107.0,1,37.214622,-121.08063203,3
2016,2016-11-05,40,11,3,0,6,N,A,Y,A,H,D,D,22,N,08,F,,,,,A,Y,N,D,1,0,0,0,22107.0,1,37.10662,-121.01701,3
2016,2016-10-25,1145,10,3,11,2,N,B,Y,A,H,A,G,25,S,08,B,,,,Y,C,Y,F,D,1,0,0,0,22107.0,3,37.3801472,-120.7028175,4
2016,2016-10-18,825,10,3,8,2,N,A,Y,A,H,A,A,07,N,03,B,,,,,C,Y,N,D,1,0,0,0,22350.0,2,37.34574565,-120.61661208,4
2016,2016-10-28,1108,10,3,11,5,N,B,Y,B,H,A,A,07,S,03,C,,,,,E,Y,N,D,1,0,0,0,22350.0,2,37.36884694,-120.67110877,4
2016,2016-11-10,900,11,3,9,4,N,B,Y,A,H,A,A,01,S,03,C,,,,,C,Y,N,A,1,0,0,0,22350.0,2,37.44700032,-120.84916664,4
2016,2016-11-01,2015,11,3,20,2,N,A,Y,A,H,D,-,- ,E,00,G,Y,,,,B,N,N,D,1,1,0,0,,2,37.05651541,-120.91965932,3
2016,2016-11-01,840,11,3,8,2,N,A,Y,A,H,A,A,01,S,17,C,,,,,C,N,N,D,1,0,0,0,22109.0,2,37.33048871,-120.56494388,4
2016,2016-11-07,2025,11,3,20,1,N,A,Y,A,H,D,D,22,N,08,E,,,,,I,N,N,D,1,0,0,0,22107.0,1,37.29520823,-120.46910918,3
2016,2016-11-03,700,11,3,7,4,N,A,Y,A,H,A,A,01,E,08,F,,,,,A,Y,N,D,1,0,0,0,22107.0,1,37.08277509,-121.09653544,3
2016,2016-11-08,1310,11,3,13,2,N,A,N,A,H,A,A,01,S,08,B,,,,,C,Y,N,D,1,0,0,0,22107.0,2,,,4
2016,2016-11-08,1728,11,3,17,2,N,A,N,A,H,D,A,01,S,03,B,Y,,,,G,N,N,D,1,1,0,0,22350.0,2,37.38167129,-120.60452291,4
2016,2016-11-12,3,11,3,0,6,N,A,Y,A,H,A,A,07,N,08,F,,,,,A,Y,N,D,1,0,0,0,22107.0,1,37.41264736,-120.75540815,4
2016,2016-11-15,2200,11,3,22,2,N,B,Y,A,H,D,A,07,N,01,F,,,,,A,Y,N,D,1,0,0,0,23152.0,1,37.42004686,-120.7636264,2
2016,2016-11-11,2155,11,3,21,5,N,A,Y,A,H,D,A,01,N,08,E,,,,,I,Y,N,D,2,0,0,0,22107.0,1,37.37722684,-120.69397303,4
2016,2016-11-07,1358,11,3,13,1,N,A,Y,A,H,A,A,01,S,07,F,,,,,A,Y,N,D,1,0,0,0,21658.0,2,37.36968144,-120.67338406,3
2016,2016-11-08,1010,11,3,10,2,N,A,N,A,H,A,K,45,E,09,D,,,,,C,N,N,D,1,0,0,0,21801.0,2,37.18561553,-120.37955611,4
2016,2016-11-11,1750,11,3,17,5,N,A,Y,A,H,D,D,22,E,01,C,,,,,C,Y,N,D,2,0,0,0,23152.0,2,37.29559971,-120.39401817,4
2016,2016-11-15,505,11,3,5,2,N,A,Y,A,H,D,G,27,N,08,F,,,,Y,A,Y,N,D,1,0,0,0,22107.0,1,36.86409012,-120.78324525,4
2020,2020-01-12,140,1,4,1,7,N,B,N,A,H,D,A,01,S,01,F,,,,,A,Y,N,D,1,0,0,0,23152.0,1,37.280658721923835,-120.52381134033205,2
2019,2019-12-01,933,12,4,9,7,Y,C,N,B,H,A,A,01,,09,D,,,,,C,Y,N,A,8,0,0,0,21804.0,2,37.31848907470703,-120.45523071289062,3
2019,2019-12-01,1635,12,4,16,7,N,C,N,B,H,B,A,01,E,03,C,,,,,C,N,F,A,1,0,0,0,22350.0,2,37.29523086547852,-120.46538543701172,4
2019,2019-12-15,1703,12,4,17,7,Y,A,N,A,H,B,A,01,,09,A,,,,,C,Y,N,A,1,0,0,0,21801.0,2,37.30796813964844,-120.48143005371094,4
2016,2016-11-03,1454,11,3,14,4,N,A,N,A,H,A,A,01,E,06,B,,,,Y,C,Y,N,D,2,0,0,0,21750.0,2,37.33214277,-120.41273451,4
2016,2016-11-19,1640,11,3,16,6,Y,B,N,A,H,B,A,07,,09,D,,,,,C,Y,N,A,1,0,0,0,21802.0,2,37.41176997,-120.88649995,4
2016,2016-10-21,1651,10,3,16,5,Y,A,N,A,H,A,A,01,,12,D,,,,,C,Y,N,A,2,0,0,0,22450.0,2,37.01076007,-120.61755992,4
2016,2016-11-13,625,11,3,6,7,N,A,Y,A,H,D,A,07,N,08,B,,,,,C,Y,N,D,3,0,0,0,22107.0,2,37.36196198,-120.65001393,2
2016,2016-11-14,920,11,3,9,1,N,A,N,A,H,A,A,01,N,08,F,,,,,A,Y,N,D,1,0,0,0,22107.0,1,,,4
2016,2016-11-10,900,11,3,9,4,N,A,N,A,H,A,A,07,S,01,E,,,,,I,Y,M,D,1,0,0,0,23152.0,1,37.34477004,-120.92380981,3
2016,2016-11-20,2005,11,3,20,7,N,B,N,B,H,D,-,99,W,07,B,,,,,C,Y,F,D,2,0,0,0,21658.0,2,37.06258096,-121.06050798,3
2016,2016-11-18,1319,11,3,13,5,Y,A,N,A,H,A,A,07,,09,D,,,,,C,N,N,D,2,0,0,0,21802.0,2,37.3093,-120.44453,4
2016,2016-11-23,105,11,3,1,3,N,A,N,A,H,C,A,01,W,03,E,,,,,I,Y,N,A,1,0,0,0,22350.0,1,37.05997147,-121.06495007,3
2016,2016-08-31,216,8,2,2,3,N,A,N,A,H,D,A,01,W,01,E,,,,,I,Y,N,D,0,0,0,0,23152.0,1,37.30937,-120.45338,1
2016,2016-06-24,1650,6,2,16,5,N,A,N,A,H,A,D,22,S,12,H,,,,,F,Y,N,A,0,0,0,0,22451.0,2,37.38557113,-120.61350345,1
2016,2016-08-06,1648,8,2,16,6,N,A,N,A,H,A,C,02,E,01,F,,,Y,,A,Y,N,D,0,0,0,0,23152.0,1,37.47487104,-120.60584812,1
2016,2016-11-13,824,11,3,8,7,N,E,N,B,H,A,A,01,E,03,C,,,,,C,N,N,D,2,0,0,0,22350.0,2,37.40490457,-120.76488507,4
2016,2016-11-19,740,11,3,7,6,N,A,Y,A,H,A,A,01,S,01,F,,,,,A,Y,N,D,1,0,0,0,23152.0,1,37.44529497,-120.79269926,3
2016,2016-11-21,1645,11,3,16,1,N,A,N,A,H,A,A,01,S,08,E,,,,,I,Y,N,D,1,0,0,0,22107.0,1,37.21635075,-120.99407796,3
2016,2016-11-23,130,11,3,1,3,N,A,Y,A,H,D,-,99,S,08,E,,,,,I,Y,F,D,2,0,0,0,22107.0,2,36.88596066,-120.79871149,4
2016,2016-11-23,1420,11,3,14,3,N,A,N,A,H,A,D,22,E,09,D,,,Y,,C,Y,N,D,1,0,0,1,21801.0,2,37.38937416,-120.62458732,3
2016,2016-11-26,2040,11,3,20,6,N,C,N,B,H,D,A,01,W,08,E,,,,,I,Y,N,D,1,0,0,0,22107.0,1,37.46325451,-120.78717818,3
2016,2016-11-27,1205,11,3,12,7,N,B,Y,A,H,A,A,01,E,03,C,,,,,C,Y,N,D,3,0,0,0,22350.0,2,,,3
2016,2016-11-27,920,11,3,9,7,N,A,Y,A,H,A,A,08,S,09,D,,,,,C,Y,N,D,1,0,0,0,21804.0,2,37.0337568,-120.83598106,4
2016,2016-11-27,22,11,3,0,7,N,B,N,B,H,D,A,01,W,03,E,,,,,I,Y,N,D,1,0,0,0,22350.0,1,,,4
2016,2016-11-27,335,11,3,3,7,N,B,Y,B,H,D,D,22,N,03,E,,,,,I,Y,N,D,2,0,0,0,22350.0,1,37.45390284,-120.80192627,4
2016,2016-10-26,1839,10,3,18,3,N,A,N,A,H,D,-,- ,N,00,G,Y,,,,B,N,F,D,1,1,0,0,,2,37.46028966,-120.77627009,3
2016,2016-11-23,1310,11,3,13,3,N,A,N,A,H,A,A,01,N,06,D,,,,Y,C,Y,N,D,1,0,0,0,21750.0,2,37.37541492,-120.95964486,3
2016,2016-08-15,2129,8,2,21,1,N,A,N,A,H,C,C,02,E,01,A,,,Y,,C,Y,N,D,0,0,0,0,23152.0,2,37.32041177,-120.58368802,1
2016,2016-11-10,1302,11,3,13,4,Y,B,Y,A,H,A,E,22,,09,D,,,Y,,C,Y,N,D,2,0,0,2,21801.0,2,37.32756298,-120.25151023,2
2016,2016-11-26,548,11,3,5,6,N,B,N,A,H,D,A,07,N,08,E,,,,,I,Y,N,D,1,0,0,0,22107.0,1,37.22973455,-120.56068909,4
2016,2016-11-28,1753,11,3,17,1,N,A,N,A,H,C,A,07,W,10,G,Y,,,,B,N,N,D,1,1,0,0,21950.0,2,37.38213921,-120.62275602,4
2016,2016-11-27,2150,11,3,21,7,N,B,N,B,H,D,-,- ,W,18,H,,,Y,,H,N,N,D,1,0,0,1,,1,37.33855606,-120.65261585,2
2016,2016-11-28,115,11,3,1,1,N,B,N,A,H,D,A,07,W,01,F,,,,,A,Y,N,D,1,0,0,0,23152.0,1,37.40507787,-120.79682977,2
2016,2016-12-02,1600,12,4,16,5,N,A,N,A,H,A,N,60,N,11,G,Y,,,,B,N,N,D,1,1,0,0,21956.0,2,37.28356379,-120.32254623,4
2016,2016-12-05,1030,12,4,10,1,N,A,N,A,H,A,A,01,W,08,E,,,,,I,N,N,D,1,0,0,0,22107.0,1,37.32784119,-120.88250674,3
2016,2016-11-28,2345,11,3,23,1,N,A,N,A,H,D,A,08,W,08,E,,,,,I,Y,F,D,1,0,0,0,22107.0,1,37.31762536,-120.39118547,3
2016,2016-11-29,1155,11,3,11,2,Y,A,N,A,H,A,D,22,,09,D,,,,,C,Y,N,A,2,0,0,0,21802.0,2,37.30032005,-120.44505991,4
2016,2016-11-27,1106,11,3,11,7,N,A,N,A,H,A,A,01,N,03,E,,,,,I,Y,N,D,2,0,0,0,22350.0,1,37.17206762,-120.17814489,3
2016,2016-12-07,825,12,4,8,3,N,E,N,A,H,A,A,01,E,03,C,,,,,C,N,N,D,1,0,0,0,22350.0,2,37.34578799,-120.54917184,4
2019,2019-11-25,1700,11,3,17,1,Y,A,Y,A,H,C,A,01,,12,D,,,,,C,Y,N,A,1,0,0,0,21453.0,2,37.296016693115234,-120.48282623291016,4
2016,2016-12-01,1739,12,4,17,4,N,A,N,A,H,D,A,01,S,05,B,,,,,C,Y,N,D,2,0,0,0,21650.0,3,,,4
2016,2016-12-06,500,12,4,5,2,N,A,Y,A,H,D,A,01,N,08,F,,,,,A,Y,N,D,2,0,0,0,22107.0,1,36.97286414,-120.89113673,3
2016,2016-12-05,1405,12,4,14,1,Y,B,Y,A,H,A,A,01,,12,D,,,,,C,N,N,A,1,0,0,0,21453.0,2,37.05686856,-120.89403996,4
2016,2016-12-09,1555,12,4,15,5,N,A,N,A,H,A,A,08,E,03,C,,,,,C,N,N,D,2,0,0,0,22350.0,2,,,4
2016,2016-12-11,2025,12,4,20,7,N,A,N,A,H,D,A,01,W,01,E,,,,,I,N,N,D,2,0,0,0,23152.0,1,37.05409168,-120.67252995,2
2016,2016-12-01,1830,12,4,18,4,N,A,N,A,H,C,A,07,N,03,C,,,,,C,N,N,D,1,0,0,0,22350.0,2,37.43079117,-120.78604835,4
2016,2016-12-06,1030,12,4,10,2,Y,A,N,A,H,A,A,01,,05,D,,,,,C,N,N,D,1,0,0,0,21752.0,2,37.3968999,-120.63134,4
2016,2016-12-07,2253,12,4,22,3,N,C,Y,B,H,D,A,01,S,01,F,,,,,I,Y,N,D,1,0,0,0,23152.0,1,37.44794718,-120.79619001,2