ACCIDENT_YEAR,COLLISION_DATE,COLLISION_TIME,MONTH,SEASON,24HOURS,DAY_OF_WEEK,INTERSECTION,WEATHER_1,STATE_HWY_IND,ROAD_SURFACE,ROAD_COND_1,LIGHTING,STWD_VEHTYPE_AT_FAULT,CHP_VEHTYPE_AT_FAULT,DIRECTION,PCF_VIOL_CATEGORY,TYPE_OF_COLLISION,PEDESTRIAN_ACCIDENT,BICYCLE_ACCIDENT,MOTORCYCLE_ACCIDENT,TRUCK_ACCIDENT,MVIW,TOW_AWAY,HIT_AND_RUN,CONTROL_DEVICE,NUMBER_INJURED,COUNT_PED_INJURED,COUNT_BICYCLIST_INJURED,COUNT_MC_INJURED,PCF_VIOLATION,PARTY_COUNT,POINT_Y,POINT_X,COLLISION_SEVERITY
2018,2018-06-18,1545,6,2,15,1,N,A,N,A,H,A,A,01,S,12,H,,,,,F,Y,N,A,1,0,0,0,22451.0,2,37.340145111083984,-120.54046630859376,2
2018,2018-06-23,2220,6,2,22,6,N,A,Y,A,D,D,A,07,N,03,C,,,,,C,N,N,D,2,0,0,0,22350.0,2,37.45742416381836,-120.80748748779295,4
2018,2018-06-18,1314,6,2,13,1,N,A,Y,A,H,A,G,25,N,03,F,,,,Y,A,Y,N,D,1,0,0,0,22350.0,1,37.31278991699219,-120.51811981201172,3
2020,2020-02-13,1749,2,4,17,4,N,A,N,A,H,C,N,60,S,11,G,Y,,,,-,N,N,D,1,1,0,0,21954.0,2,37.31732177734375,-120.44444274902344,3
2020,2020-02-28,1526,2,4,15,5,N,A,N,A,H,A,A,01,N,08,A,,,,,C,Y,N,A,1,0,0,0,22107.0,2,37.304492950439446,-120.49257659912108,3
2020,2020-02-29,1256,2,4,12,6,Y,A,N,A,H,A,A,01,,09,A,,,,,C,Y,N,A,2,0,0,0,21801.0,3,37.326370239257805,-120.4868392944336,2
2020,2020-02-29,1443,2,4,14,6,N,A,N,A,H,A,A,01,N,03,C,,,,,C,Y,N,A,2,0,0,0,22350.0,4,37.30987930297852,-120.4894790649414,4
2018,2018-06-26,2110,6,2,21,2,Y,A,Y,A,H,A,A,01,,03,E,,,,,I,Y,N,D,1,0,0,0,22350.0,1,37.515918731689446,-120.45302581787108,4
2018,2018-06-22,1551,6,2,15,5,N,A,Y,A,H,A,D,22,N,01,E,,,,,J,Y,N,A,1,0,0,0,23152.0,1,36.94503784179688,-120.85865783691406,2
2018,2018-06-24,412,6,2,4,7,N,A,Y,A,H,D,A,01,N,08,F,,,,,A,Y,N,D,1,0,0,0,22107.0,1,36.97045516967773,-120.88894653320312,3
2018,2018-06-23,644,6,2,6,6,Y,A,Y,A,H,A,D,22,,09,D,,,,,C,Y,N,A,4,0,0,0,21802.0,3,37.056686401367195,-120.92662811279295,3
2018,2018-06-22,125,6,2,1,5,N,A,Y,A,H,C,N,60,N,11,G,Y,,,,B,N,N,D,1,1,0,0,21956.0,2,37.30476379394531,-120.5046615600586,3
2018,2018-06-27,1535,6,2,15,3,N,A,Y,A,H,A,A,01,W,08,C,,,,,I,Y,N,D,1,0,0,0,22107.0,1,37.05684280395508,-120.97718048095705,3
2018,2018-06-27,1820,6,2,18,3,N,A,Y,A,H,D,A,01,W,03,C,,,,,C,Y,N,D,1,0,0,0,22350.0,2,37.07251739501953,-121.07750701904295,4
2018,2018-06-28,1305,6,2,13,4,N,A,N,A,H,A,A,01,N,08,E,,,,,I,Y,N,D,1,0,0,0,22107.0,1,37.193138122558594,-120.56131744384766,4
2018,2018-06-27,1652,6,2,16,3,N,A,N,A,H,A,A,01,S,03,C,,,,,C,N,N,D,2,0,0,0,22350.0,2,37.31450653076172,-120.4444580078125,4
2018,2018-06-28,1452,6,2,14,4,N,A,Y,A,H,A,A,08,S,08,E,,,,,I,Y,N,D,3,0,0,0,22107.0,1,37.44824981689453,-120.79655456542967,3
2018,2018-06-22,820,6,2,8,5,N,A,Y,A,H,A,D,22,N,08,B,,,,Y,C,Y,N,D,2,0,0,0,22107.0,2,37.29516220092773,-120.47864532470705,3
2018,2018-07-01,124,7,2,1,7,N,A,N,A,H,D,A,07,W,01,C,Y,,,,E,Y,N,A,1,1,0,0,23152.0,3,37.09997177124024,-120.88196563720705,3
2018,2018-06-09,2250,6,2,22,6,N,A,Y,A,C,D,A,01,N,03,C,,,,,C,Y,M,D,2,0,0,0,22350.0,2,37.298133850097656,-120.48719024658205,4
2018,2018-06-26,1643,6,2,16,2,N,A,Y,A,H,A,A,01,W,03,C,,,,,C,Y,N,D,2,0,0,0,22350.0,3,37.30244827270508,-120.5598373413086,4
2018,2018-06-27,300,6,2,3,3,N,A,Y,A,H,D,A,07,S,01,E,,,,,I,Y,N,D,1,0,0,0,23152.0,1,37.20902633666992,-120.8473663330078,3
2018,2018-06-29,25,6,2,0,5,N,A,Y,A,H,D,A,01,E,08,E,,,,,I,Y,N,D,1,0,0,0,22107.0,1,37.076358795166016,-121.20786285400392,3
2018,2018-07-05,630,7,2,6,4,N,A,Y,A,H,A,D,22,S,08,E,,,,,J,Y,N,D,1,0,0,0,22107.0,1,37.42267227172852,-120.76636505126952,3
2018,2018-06-30,2105,6,2,21,6,N,A,N,A,H,D,-,- ,W,18,H,,,,,H,Y,N,D,2,0,0,0,,1,37.44888305664063,-120.8231964111328,4
2018,2018-06-30,729,6,2,7,6,N,A,Y,A,H,A,D,22,S,08,F,,,,,A,Y,N,D,2,0,0,0,22107.0,2,37.30065155029297,-120.49396514892578,4
2018,2018-07-03,1143,7,2,11,2,N,A,Y,A,H,A,A,07,S,03,C,,,,,C,Y,N,A,1,0,0,0,22350.0,2,37.286903381347656,-120.487548828125,4
2018,2018-07-02,2325,7,2,23,1,N,A,Y,A,H,D,G,25,N,08,F,,,,Y,A,Y,N,D,1,0,0,0,22107.0,1,37.13946914672852,-121.03824615478516,3
2018,2018-07-03,520,7,2,5,2,N,A,Y,A,H,B,A,01,E,08,F,,,,,A,Y,N,D,1,0,0,0,22107.0,1,37.055397033691406,-120.74939727783205,3
2018,2018-07-06,510,7,2,5,5,Y,A,Y,A,H,D,A,01,,09,D,,,,,C,Y,N,A,1,0,0,0,21802.0,2,37.056686401367195,-120.92632293701172,2
2018,2018-06-28,1032,6,2,10,4,N,A,Y,A,H,A,A,01,E,01,F,,,,,A,Y,N,D,1,0,0,0,23152.0,1,37.09114456176758,-121.15708923339844,4
2018,2018-07-05,1150,7,2,11,4,Y,A,N,A,H,A,C,02,,03,D,,,Y,,C,Y,N,D,1,0,0,1,22350.0,2,37.40415954589844,-120.6430206298828,4
2018,2018-07-01,832,7,2,8,7,N,A,Y,A,H,A,A,01,S,01,E,,,,,I,Y,N,D,2,0,0,0,23152.0,1,37.38949966430664,-120.73505401611328,4
2018,2018-07-05,1425,7,2,14,4,N,A,Y,A,H,A,A,08,W,08,E,,,,,I,Y,N,D,1,0,0,0,22107.0,1,37.0972900390625,-121.15109252929688,3
2018,2018-07-06,528,7,2,5,5,N,A,Y,A,H,B,A,01,S,08,F,,,,,A,Y,N,D,1,0,0,0,22107.0,1,37.17361831665039,-120.31277465820312,4
2018,2018-07-03,1220,7,2,12,2,N,E,Y,A,D,A,A,07,N,03,E,,,,Y,I,N,N,D,1,0,0,0,22350.0,3,37.45989227294922,-120.8137435913086,4
2018,2018-06-29,1535,6,2,15,5,N,A,Y,A,H,A,A,01,S,03,C,,,,,C,Y,N,D,1,0,0,0,22350.0,3,37.34027099609375,-120.59269714355467,4
2018,2018-07-02,1456,7,2,14,1,N,A,N,A,H,A,D,22,W,08,E,,,,,I,Y,N,D,1,0,0,0,22107.0,1,37.53620147705078,-120.47154998779295,4
2018,2018-06-30,735,6,2,7,6,N,A,Y,A,H,A,G,25,N,03,C,,,,Y,C,Y,N,D,1,0,0,0,22350.0,5,,,3
2018,2018-07-11,537,7,2,5,3,N,A,N,A,H,B,D,22,N,08,E,,,,,I,Y,N,D,1,0,0,0,22107.0,1,37.578102111816406,-120.42574310302734,4
2018,2018-06-30,1800,6,2,18,6,N,A,Y,A,H,A,A,01,S,01,E,,,,,I,Y,N,D,1,0,0,0,23152.0,1,37.367534637451165,-120.66828918457033,4
2018,2018-07-01,248,7,2,2,7,Y,A,Y,A,H,D,A,01,,08,E,,,,,I,Y,N,D,2,0,0,0,22107.0,1,37.076614379882805,-120.5102996826172,4
2018,2018-07-07,1456,7,2,14,6,N,A,Y,A,H,A,A,01,S,08,F,,,,,A,Y,N,D,1,0,0,0,22107.0,1,36.916213989257805,-120.82505798339844,3
2018,2018-07-05,839,7,2,8,4,N,A,Y,A,H,A,A,01,N,03,C,,,,Y,C,Y,N,D,1,0,0,0,22350.0,2,37.29701614379882,-120.48405456542967,3
2018,2018-07-07,1450,7,2,14,6,N,A,Y,A,H,A,C,02,E,08,E,,,Y,,I,Y,N,D,1,0,0,1,22107.0,1,37.08186340332031,-121.093505859375,3
2018,2018-06-04,231,6,2,2,1,N,A,Y,A,C,D,A,01,W,03,A,,,,,C,Y,N,D,2,0,0,0,22350.0,2,37.088287353515625,-121.1142120361328,1
2018,2018-07-01,1300,7,2,13,7,N,A,Y,A,H,A,D,22,E,08,E,,,,,J,N,F,A,1,0,0,0,22107.0,2,37.081993103027344,-121.09333038330078,3
2018,2018-07-09,1420,7,2,14,1,N,A,Y,A,H,A,A,01,S,07,B,,,,,C,N,N,D,3,0,0,0,21658.0,2,37.29411315917969,-120.466796875,4
2018,2018-07-11,1425,7,2,14,3,N,A,N,A,H,A,A,07,W,03,C,,,,,C,N,N,D,1,0,0,0,22350.0,2,37.308372,-120.461628,4
2018,2018-07-15,2014,7,2,20,7,N,A,N,A,H,B,A,01,N,08,E,,,,,I,Y,N,D,2,0,0,0,22107.0,1,37.10519790649414,-120.70748138427734,3
2018,2018-07-15,1525,7,2,15,7,N,A,Y,A,H,A,D,22,N,03,C,,,,,C,Y,N,D,1,0,0,0,22350.0,2,36.94804382324219,-120.86234283447266,4
2018,2018-07-08,1840,7,2,18,7,N,A,N,A,H,A,A,01,W,21,B,,,,,C,Y,N,D,1,0,0,0,22106.0,2,37.42080307006836,-120.78812408447266,4
2018,2018-07-08,820,7,2,8,7,N,A,Y,A,H,A,A,01,S,01,E,,,,,I,Y,N,D,0,0,0,0,23152.0,1,37.21518707275391,-120.85125732421876,1
2018,2018-07-09,829,7,2,8,1,Y,A,Y,A,H,A,A,07,,09,A,,,,,C,Y,N,D,5,0,0,0,21801.0,2,37.36204147338867,-120.8500747680664,2
2018,2018-07-17,1711,7,2,17,2,Y,A,N,A,H,A,A,01,,12,D,,,,,C,Y,N,A,2,0,0,0,21453.0,2,37.358967,-120.570276,4
2018,2018-07-16,205,7,2,2,1,N,A,Y,A,H,C,A,01,S,08,E,,,,,I,Y,N,D,1,0,0,0,22107.0,1,37.38896179199219,-120.7256317138672,4
2018,2018-07-16,1832,7,2,18,1,N,A,N,A,H,A,A,01,W,08,C,,,,,E,Y,N,D,2,0,0,0,22107.0,2,37.401198,-120.748058,3
2018,2018-07-12,2120,7,2,21,4,N,A,N,A,H,D,A,01,W,05,B,,,,,C,Y,N,D,3,0,0,0,21460.0,3,37.31766128540039,-120.4230499267578,4
2018,2018-07-15,1950,7,2,19,7,N,A,N,A,H,A,A,01,N,01,B,,,,,C,Y,N,D,1,0,0,0,23152.0,3,37.30116271972656,-121.00830078125,3
2018,2018-07-10,730,7,2,7,2,N,A,N,A,H,A,A,07,N,06,D,,,,,C,Y,N,D,3,0,0,0,21750.0,2,37.46548843383789,-120.72452545166016,3
2018,2018-07-15,1707,7,2,17,7,N,A,Y,A,H,A,A,01,E,08,F,,,,,A,Y,N,D,1,0,0,0,22107.0,1,37.05680084228516,-121.01438903808594,4
2018,2018-07-15,1600,7,2,16,7,N,A,N,A,H,A,-,99,N,03,C,,,,,C,N,M,D,1,0,0,0,22350.0,2,37.3746452331543,-120.59553527832033,4
2018,2018-07-16,2200,7,2,22,1,N,A,N,A,H,D,A,07,W,08,E,,,,,I,Y,N,D,1,0,0,0,22107.0,1,37.458984375,-120.71411895751952,3
2018,2018-07-15,2130,7,2,21,7,N,A,N,A,H,D,N,60,S,11,G,Y,,,,B,N,F,D,1,1,0,0,21954.0,2,37.10028839111328,-120.93006896972656,3
2018,2018-07-16,2355,7,2,23,1,N,A,Y,A,H,C,A,08,S,01,C,,,,Y,C,Y,N,D,1,0,0,0,23152.0,2,37.101428985595696,-121.01583862304688,4
2018,2018-07-14,1950,7,2,19,6,N,A,Y,A,H,A,D,22,E,08,B,,,,,C,Y,N,D,6,0,0,0,22107.0,2,37.058067321777344,-120.54730987548828,3
2018,2018-07-17,635,7,2,6,2,N,A,Y,A,H,A,G,25,S,03,C,,,,Y,C,N,N,D,1,0,0,0,22350.0,2,37.08469772338867,-121.01603698730467,3
2018,2018-07-18,335,7,2,3,3,N,A,Y,A,H,D,A,07,W,08,F,,,,,A,Y,N,D,1,0,0,0,22107.0,1,37.09686279296875,-121.1208953857422,3
2018,2018-07-14,700,7,2,7,6,N,A,Y,A,H,A,-,- ,W,18,E,,,,,I,Y,N,D,1,0,0,0,,1,37.29586791992188,-120.38426208496094,3
2018,2018-07-19,1617,7,2,16,4,Y,A,N,A,H,A,A,01,,03,C,,,,,C,Y,N,D,1,0,0,0,22350.0,2,37.38209915161133,-120.63269805908205,4
2020,2020-02-27,1441,2,4,14,4,Y,A,Y,A,H,A,A,01,,12,D,,,,,C,Y,N,A,1,0,0,0,21453.0,2,37.29515075683594,-120.44841003417967,4
2018,2018-07-25,450,7,2,4,3,N,A,N,A,H,A,A,07,N,03,C,,,,,C,Y,N,D,2,0,0,0,22350.0,2,37.28341293334961,-120.37906646728516,4
2018,2018-07-25,711,7,2,7,3,N,A,N,A,H,A,A,01,W,03,C,,,,,C,Y,N,A,4,0,0,0,22350.0,2,37.38309860229492,-120.60918426513672,4
2020,2020-04-02,1718,4,1,17,4,Y,A,Y,A,H,A,A,07,,08,B,,,,,C,N,N,A,1,0,0,0,22107.0,2,37.300235748291016,-120.49232482910156,4
2018,2018-07-24,1646,7,2,16,2,N,A,N,A,H,A,D,22,W,03,C,,,,,C,N,N,A,1,0,0,0,22350.0,2,,,4
2018,2018-07-23,1230,7,2,12,1,Y,A,Y,A,H,A,A,01,,09,D,,,,,C,Y,N,D,1,0,0,0,21801.0,2,37.515926361083984,-120.45294189453124,4
2018,2018-07-26,1600,7,2,16,4,N,A,Y,A,H,A,D,22,S,03,C,,,,,C,N,N,D,1,0,0,0,22350.0,2,37.408573150634766,-120.75150299072266,4
2018,2018-07-19,1710,7,2,17,4,N,A,Y,A,H,A,A,01,S,08,F,,,,,A,Y,N,D,2,0,0,0,22107.0,1,37.20922088623047,-120.48806762695312,2
2020,2020-03-09,1453,3,1,14,1,N,A,Y,A,H,A,A,01,S,21,C,,,,,C,N,N,A,1,0,0,0,22106.0,2,37.28887176513672,-120.487060546875,4
2018,2018-07-21,1355,7,2,13,6,N,A,N,A,H,A,A,08,E,08,E,,,,,I,Y,N,D,5,0,0,0,22107.0,1,37.536178588867195,-120.45153045654295,3
2018,2018-07-24,1953,7,2,19,2,Y,A,N,A,H,A,A,01,,12,D,,,,,C,Y,N,A,2,0,0,0,22450.0,2,37.32048034667969,-120.57756805419922,4
2018,2018-07-30,540,7,2,5,1,N,A,Y,A,H,B,A,08,W,03,C,,,,,C,Y,N,D,1,0,0,0,22350.0,3,37.08520126342773,-121.10658264160156,4
2018,2018-07-30,1424,7,2,14,1,N,B,Y,A,H,A,A,07,N,03,C,,,,,C,Y,N,A,3,0,0,0,22350.0,2,37.413047790527344,-120.85002899169922,4
2018,2018-06-24,1719,6,2,17,7,N,A,Y,A,H,A,D,22,N,06,C,,,,Y,C,Y,N,D,6,0,0,0,21750.0,3,37.20256042480469,-120.48813629150392,1
2018,2018-07-24,525,7,2,5,2,N,A,N,A,H,D,A,01,S,08,E,,,,,I,Y,N,D,1,0,0,0,22107.0,1,37.314651489257805,-120.37859344482422,3
2018,2018-07-14,2500,7,2,25,6,N,A,N,A,H,A,D,22,W,01,F,,,,,A,Y,N,D,0,0,0,0,23152.0,1,,,1
2018,2018-07-27,1843,7,2,18,5,N,A,N,A,H,A,D,22,E,03,F,,,,,A,Y,N,D,1,0,0,0,22350.0,1,37.52219772338867,-120.40827941894533,4
2018,2018-07-28,1546,7,2,15,6,N,A,Y,A,H,A,A,01,N,03,C,,,,,C,Y,N,D,2,0,0,0,22350.0,2,37.237651824951165,-120.3952407836914,4
2018,2018-07-31,1104,7,2,11,2,N,A,Y,A,H,A,F,26,N,03,C,,,,Y,C,Y,N,D,1,0,0,0,22350.0,2,37.20215225219727,-120.35055541992188,4
2018,2018-07-29,35,7,2,0,7,N,A,Y,A,H,D,A,01,N,01,A,,,,,C,Y,N,D,4,0,0,0,23152.0,3,37.44267272949219,-120.78878784179688,2
2018,2018-08-02,600,8,2,6,4,N,A,Y,A,H,A,D,22,W,03,C,,,,,C,Y,N,D,1,0,0,0,22350.0,3,37.0850944519043,-121.1061782836914,4
2018,2018-08-01,1315,8,2,13,3,N,A,Y,A,H,A,A,01,S,03,C,,,,,C,Y,N,D,1,0,0,0,22350.0,2,37.02696990966797,-120.63558197021484,3
2020,2020-03-09,1701,3,1,17,1,Y,A,N,A,H,A,A,01,,09,D,,,,,C,Y,N,A,8,0,0,0,21802.0,3,37.32699966430664,-120.47853088378906,3
2020,2020-03-20,1812,3,1,18,5,Y,A,N,A,H,A,A,01,,04,C,,,,,C,Y,N,D,1,0,0,0,21703.0,3,37.354351043701165,-120.59587860107422,4
2020,2020-03-30,1451,3,1,14,1,N,A,N,A,H,A,A,01,S,21,C,,,,,C,N,N,A,2,0,0,0,22106.0,2,37.30412292480469,-120.4909439086914,4
2020,2020-03-16,905,3,1,9,1,N,C,N,B,H,A,A,01,E,07,B,,,,,C,Y,N,D,1,0,0,0,21658.0,2,37.34284973144531,-120.61341857910156,4
2018,2018-08-05,1716,8,2,17,7,N,A,Y,A,H,A,D,22,S,03,C,,,,,C,Y,N,D,3,0,0,0,22350.0,5,36.90468597412109,-120.81403350830078,3
2018,2018-08-05,1625,8,2,16,7,Y,A,Y,A,H,A,A,01,,09,D,,,,,C,Y,N,D,1,0,0,0,21801.0,2,37.10065078735352,-121.0158462524414,4
2018,2018-07-29,550,7,2,5,7,N,A,N,A,H,B,A,01,E,01,E,,,,,I,Y,N,D,3,0,0,0,23152.0,1,37.52166748046875,-120.4118423461914,2
2018,2018-07-23,502,7,2,5,1,N,A,N,A,H,B,A,01,N,01,E,,,,Y,I,Y,N,D,2,0,0,0,23152.0,2,37.3899803161621,-120.62010955810548,2
2020,2020-03-24,1731,3,1,17,2,N,A,N,A,H,A,A,01,N,01,D,,,,,C,Y,F,A,1,0,0,0,23152.0,2,37.31378173828125,-120.48739624023438,4
2018,2018-08-01,1813,8,2,18,3,N,A,Y,A,H,A,A,01,N,03,E,,,,,I,Y,N,D,1,0,0,0,22350.0,1,37.40417098999024,-120.7466278076172,4
2018,2018-08-02,1620,8,2,16,4,N,A,Y,A,H,A,A,07,N,03,C,,,,,C,Y,F,D,1,0,0,0,22350.0,2,37.45138931274414,-120.84909057617188,3
2018,2018-08-02,1950,8,2,19,4,N,A,Y,A,H,A,-,- ,N,18,H,,,,,A,Y,N,D,1,0,0,0,,1,37.4371337890625,-120.783203125,4
2018,2018-08-03,850,8,2,8,5,N,A,N,A,H,A,A,07,S,08,B,,,,,C,Y,N,D,2,0,0,0,22107.0,2,37.34744644165039,-120.87828826904295,4
2020,2020-03-06,1745,3,1,17,5,Y,A,Y,A,H,A,A,01,,12,D,,,,,C,Y,N,A,2,0,0,0,21453.0,3,37.2969970703125,-120.4840850830078,4
2018,2018-08-02,1455,8,2,14,4,Y,A,N,A,H,A,A,07,,12,D,,,,,C,Y,N,A,1,0,0,0,22450.0,2,37.09718,-120.9254,4
2018,2018-08-01,1815,8,2,18,3,N,A,N,A,H,A,A,07,W,08,E,,,,,I,Y,N,D,2,0,0,0,22107.0,1,37.4511947631836,-120.60428619384766,4
2020,2020-03-06,127,3,1,1,5,N,A,N,A,H,C,A,07,S,03,C,,,,,E,Y,N,D,1,0,0,0,22350.0,3,37.282909393310554,-120.44425201416016,3
2020,2020-03-04,1245,3,1,12,3,N,A,Y,A,H,A,F,26,N,03,C,,,,Y,C,Y,N,D,2,0,0,0,22350.0,3,37.3114128112793,-120.50516510009766,3
2018,2018-08-09,415,8,2,4,4,N,A,Y,A,H,D,A,01,S,01,E,,,,,I,Y,N,D,3,0,0,0,23152.0,1,37.077613830566406,-120.98982238769533,3
2018,2018-08-03,2125,8,2,21,5,Y,A,Y,A,H,D,-,99,,09,D,,,,,C,Y,F,D,3,0,0,0,21802.0,2,37.056686401367195,-120.9267578125,3
2018,2018-08-05,2215,8,2,22,7,N,A,Y,A,H,D,A,07,E,03,C,,,,,C,Y,N,D,1,0,0,0,22350.0,2,37.0570068359375,-121.01627349853516,4
2018,2018-08-06,1200,8,2,12,1,N,A,Y,A,H,A,D,22,W,08,F,,,,,A,Y,N,D,2,0,0,0,22107.0,1,37.05099487304688,-120.5737762451172,3
2018,2018-08-03,1525,8,2,15,5,N,A,Y,A,H,A,D,22,S,03,C,,,,,C,N,N,D,1,0,0,0,22350.0,3,37.31997299194336,-120.53812408447266,4
2018,2018-08-07,755,8,2,7,2,N,A,Y,A,H,A,C,02,E,08,F,,,Y,,I,Y,N,D,1,0,0,1,22107.0,1,37.0824089050293,-121.09464263916016,3
2018,2018-08-08,917,8,2,9,3,N,A,N,A,H,A,D,22,W,03,C,,,,,C,N,N,D,2,0,0,0,22350.0,2,37.36049270629882,-120.57279205322266,4
2018,2018-08-03,1845,8,2,18,5,N,A,N,A,H,A,A,01,N,05,D,,,,,C,N,N,A,1,0,0,0,21650.0,2,37.32038879394531,-120.52678680419922,4
2018,2018-08-03,1744,8,2,17,5,N,A,Y,A,H,A,G,25,S,08,F,,,,Y,A,Y,N,D,1,0,0,0,22107.0,1,37.408401489257805,-120.75301361083984,4
2018,2018-08-05,1520,8,2,15,7,Y,A,N,A,H,A,A,01,,09,D,,,,,C,Y,N,D,2,0,0,0,21802.0,2,37.374881744384766,-120.67736053466795,2
2018,2018-08-09,2105,8,2,21,4,Y,A,Y,A,H,D,G,25,,09,D,,,,Y,C,Y,N,A,1,0,0,0,21802.0,2,37.07073974609375,-121.07408142089844,3
2018,2018-08-04,300,8,2,3,6,N,A,N,A,H,C,C,02,S,01,F,,,Y,,A,Y,N,D,1,0,0,1,23152.0,1,37.38434219360352,-120.60900115966795,3
2018,2018-08-06,242,8,2,2,1,N,A,Y,A,H,D,A,01,S,08,F,,,,,A,Y,N,D,4,0,0,0,22107.0,1,37.44799041748047,-120.79624176025392,3
2018,2018-08-06,330,8,2,3,1,N,A,Y,A,H,D,D,22,N,08,F,,,,,A,Y,N,D,1,0,0,0,22107.0,1,37.30553436279297,-120.50724029541016,2
2020,2020-03-03,1453,3,1,14,2,Y,A,N,A,H,A,A,07,,12,A,,,,,C,Y,N,A,3,0,0,0,21453.0,2,37.31526184082031,-120.4694595336914,4
2020,2020-02-05,802,2,4,8,3,Y,A,N,A,H,A,A,07,,09,D,,Y,,,G,N,N,A,1,0,1,0,21802.0,2,37.3337287902832,-120.45760345458984,4
2018,2018-08-09,1605,8,2,16,4,N,A,Y,A,H,A,A,01,S,03,C,,,,,C,Y,N,D,1,0,0,0,22350.0,2,37.43638610839844,-120.78280639648438,4
2020,2020-03-05,816,3,1,8,4,Y,A,N,A,H,A,A,08,,09,D,,,Y,,C,Y,N,A,1,0,0,1,21802.0,2,37.29816055297852,-120.46456146240234,4
2020,2020-03-05,1634,3,1,16,4,Y,A,N,A,H,A,A,01,,10,G,Y,,,,B,N,N,A,1,1,0,0,21950.0,2,37.29808044433594,-120.4817123413086,3
2020,2020-03-05,2206,3,1,22,4,Y,A,N,A,H,C,A,01,,09,D,,,,,C,N,N,A,1,0,0,0,21804.0,2,37.32699966430664,-120.47853088378906,3
2020,2020-03-06,1619,3,1,16,5,N,A,N,A,H,A,A,01,N,08,C,,,,,C,N,F,A,3,0,0,0,22107.0,2,37.30776596069336,-120.49068450927734,4
2020,2020-03-09,2132,3,1,21,1,N,A,N,A,H,D,A,01,E,07,B,,,,,E,Y,N,D,1,0,0,0,21658.0,4,37.30239486694336,-120.47275543212892,4
2020,2020-03-10,1332,3,1,13,2,N,B,N,-,H,A,A,01,N,08,C,,,,,E,Y,N,D,1,0,0,0,22107.0,2,37.288761138916016,-120.49061584472656,4
2018,2018-08-07,1212,8,2,12,2,N,A,Y,A,H,A,A,01,S,08,E,,,,,I,Y,N,D,1,0,0,0,22107.0,1,37.36084747314453,-120.6462860107422,4
2018,2018-08-09,2300,8,2,23,4,N,A,Y,A,H,D,A,01,N,03,B,,,,,C,Y,F,D,1,0,0,0,22350.0,3,37.140670776367195,-121.03945159912108,3
2018,2018-08-10,848,8,2,8,5,N,A,Y,A,H,A,A,07,S,08,E,,,,,I,Y,N,D,2,0,0,0,22107.0,2,37.326370239257805,-120.55560302734376,4
2018,2018-08-09,1248,8,2,12,4,N,A,N,A,H,A,A,01,N,04,C,,,,,C,N,N,D,2,0,0,0,21703.0,2,37.34647750854492,-120.54058837890624,3
2018,2018-08-11,2326,8,2,23,6,N,A,Y,A,H,C,A,07,S,01,E,,,,,I,Y,N,D,1,0,0,0,23152.0,1,37.03057098388672,-120.61751556396484,2
2018,2018-08-09,1545,8,2,15,4,N,A,Y,A,H,A,J,41,S,03,C,,,,,C,Y,N,D,2,0,0,0,22350.0,2,37.41698455810546,-120.76015472412108,4
2018,2018-08-10,1342,8,2,13,5,N,A,N,A,H,A,A,01,S,08,E,,,,,I,Y,N,D,3,0,0,0,22107.0,1,37.3865623474121,-120.59531402587892,2
2018,2018-08-11,1202,8,2,12,6,N,A,Y,A,H,A,A,07,W,08,E,,,,,I,Y,N,D,1,0,0,0,22107.0,1,37.0545768737793,-120.68372344970705,3
2018,2018-08-15,1537,8,2,15,3,N,A,Y,A,H,A,-,- ,N,00,B,,,,,C,N,N,D,1,0,0,0,,2,37.37589645385742,-120.6903076171875,4
2018,2018-08-12,2100,8,2,21,7,N,A,Y,A,H,D,A,07,S,08,E,,,,,I,Y,N,D,1,0,0,0,22107.0,1,37.3154182434082,-120.5256118774414,4
2018,2018-08-14,1415,8,2,14,2,N,A,Y,A,H,A,A,01,N,03,C,,,,,C,Y,N,D,2,0,0,0,22350.0,2,37.42903137207031,-120.84980010986328,2
2018,2018-08-16,1813,8,2,18,4,Y,A,N,A,H,A,D,22,,09,D,,,,,C,Y,N,A,1,0,0,0,21802.0,2,36.98176193237305,-120.61759948730467,4
2018,2018-08-20,2015,8,2,20,1,N,A,N,A,H,D,A,01,W,08,E,,,,,I,Y,N,D,1,0,0,0,22107.0,1,37.449310302734375,-120.60152435302734,3