ACCIDENT_YEAR,COLLISION_DATE,COLLISION_TIME,MONTH,SEASON,24HOURS,DAY_OF_WEEK,INTERSECTION,WEATHER_1,STATE_HWY_IND,ROAD_SURFACE,ROAD_COND_1,LIGHTING,STWD_VEHTYPE_AT_FAULT,CHP_VEHTYPE_AT_FAULT,DIRECTION,PCF_VIOL_CATEGORY,TYPE_OF_COLLISION,PEDESTRIAN_ACCIDENT,BICYCLE_ACCIDENT,MOTORCYCLE_ACCIDENT,TRUCK_ACCIDENT,MVIW,TOW_AWAY,HIT_AND_RUN,CONTROL_DEVICE,NUMBER_INJURED,COUNT_PED_INJURED,COUNT_BICYCLIST_INJURED,COUNT_MC_INJURED,PCF_VIOLATION,PARTY_COUNT,POINT_Y,POINT_X,COLLISION_SEVERITY
2020,2020-02-24,2046,2,4,20,1,Y,A,Y,A,H,C,N,60,,11,G,Y,,,,B,N,N,A,1,1,0,0,21453.0,2,37.05689239501953,-120.85089111328124,2
2020,2020-02-21,950,2,4,9,5,Y,A,N,A,H,A,A,01,,09,D,,,,,C,Y,N,A,1,0,0,0,21802.0,2,37.0589714050293,-120.84359741210938,4
2019,2019-01-26,530,1,4,5,6,N,E,N,A,H,B,A,01,E,08,E,,,,,I,Y,N,D,1,0,0,0,22107.0,1,37.10025024414063,-120.94827270507812,3
2019,2019-02-01,1040,2,4,10,5,N,A,Y,A,H,A,G,25,W,03,F,,,,Y,I,Y,N,D,2,0,0,0,22350.0,1,37.05659103393555,-120.97046661376952,2
2019,2019-01-23,1955,1,4,19,3,N,A,Y,A,H,D,N,60,S,11,G,Y,,,,B,Y,N,D,0,0,0,0,21954.0,2,36.97969818115234,-120.63559722900392,1
2019,2019-01-29,853,1,4,8,2,N,B,Y,B,H,A,A,01,N,03,C,,,,,C,Y,N,D,2,0,0,0,22350.0,2,37.10149002075195,-120.83486938476562,4
2019,2019-01-26,1756,1,4,17,6,Y,A,Y,A,H,D,A,01,,12,D,,,,,D,Y,N,A,7,0,0,0,22450.0,2,37.010841369628906,-120.63565063476562,2
2019,2019-02-03,2330,2,4,23,7,N,B,Y,B,H,D,D,22,E,08,F,,,,,A,Y,N,D,1,0,0,0,22107.0,1,37.0884017944336,-121.15989685058594,2
2019,2019-01-25,755,1,4,7,5,N,E,Y,A,H,A,A,01,W,03,C,,,,,C,Y,N,D,1,0,0,0,22350.0,2,37.30633544921875,-120.7786865234375,4
2019,2019-01-26,845,1,4,8,6,Y,E,Y,B,H,A,A,01,,03,C,,,,,C,Y,N,D,1,0,0,0,22350.0,2,37.362060546875,-120.85010528564452,4
2019,2019-01-24,942,1,4,9,4,N,A,N,A,H,A,A,01,W,05,A,,,,Y,C,Y,N,D,1,0,0,0,21460.0,2,37.439849853515625,-120.5764617919922,2
2020,2020-04-03,1555,4,1,15,5,N,A,N,A,H,A,A,07,N,01,C,,,,,C,Y,N,A,1,0,0,0,23152.0,3,37.327274322509766,-120.46912384033205,4
2019,2019-01-27,730,1,4,7,7,Y,E,Y,A,H,A,G,25,,03,D,,,,Y,C,Y,N,A,2,0,0,0,22350.0,2,37.41876220703125,-120.84999084472656,4
2020,2020-02-08,2335,2,4,23,6,N,A,N,A,H,C,-,,W,09,D,,,,,C,N,F,A,1,0,0,0,21804.0,2,37.0569725036621,-120.83195495605467,4
2020,2020-02-10,729,2,4,7,1,N,A,N,A,H,A,A,01,W,08,E,,,,,I,Y,N,A,1,0,0,0,22107.0,1,37.07858657836913,-120.83162689208984,4
2020,2020-02-10,1115,2,4,11,1,N,A,N,A,H,A,A,07,E,08,B,Y,,,,E,N,F,D,1,1,0,0,22107.0,2,37.07901763916016,-120.84910583496094,3
2020,2020-02-11,1724,2,4,17,2,N,A,N,A,H,A,A,01,S,10,G,Y,,,,B,N,N,A,1,1,0,0,21950.0,2,,,3
2020,2020-02-15,1336,2,4,13,6,N,A,N,A,H,A,-,,E,03,C,,,,,C,N,N,A,2,0,0,0,22350.0,2,37.049331665039055,-120.83551025390624,3
2020,2020-02-25,1724,2,4,17,2,N,A,N,A,H,A,-,,,09,A,,Y,,,G,N,N,A,1,0,1,0,21802.0,2,37.076519012451165,-120.84308624267578,3
2019,2019-01-30,1318,1,4,13,3,N,A,Y,A,H,A,G,27,W,03,F,,,,Y,I,Y,N,D,1,0,0,0,22350.0,1,37.05657958984375,-120.97039794921876,3
2019,2019-01-30,1225,1,4,12,3,N,A,Y,A,D,A,A,07,S,03,C,,,,,C,N,N,A,1,0,0,0,22350.0,2,37.15835952758789,-121.0505828857422,4
2019,2019-01-31,925,1,4,9,4,N,A,N,A,H,A,D,22,E,08,F,,,,,I,Y,N,D,1,0,0,0,22107.0,1,37.09994888305664,-120.87576293945312,4
2019,2019-02-01,636,2,4,6,5,N,B,Y,A,H,D,A,01,S,03,C,,,,,C,Y,N,D,3,0,0,0,22350.0,3,37.32686614990234,-120.55696105957033,4
2018,2018-12-30,1042,12,4,10,7,N,A,N,A,H,A,A,01,W,08,E,,,,,I,Y,N,D,0,0,0,0,22107.0,1,37.30933380126953,-120.50917816162108,1
2019,2019-01-28,1825,1,4,18,1,N,A,Y,A,H,D,-,99,S,08,B,,,,,C,N,F,D,2,0,0,0,22107.0,2,37.29513931274414,-120.47673034667967,4
2019,2019-02-07,1315,2,4,13,4,N,A,Y,A,H,A,A,01,S,03,C,,,,,C,Y,N,D,2,0,0,0,22350.0,2,37.18773651123047,-121.01265716552734,3
2019,2019-01-31,1646,1,4,16,4,N,A,Y,A,H,A,A,01,N,21,C,,,,,C,N,N,A,1,0,0,0,22106.0,2,37.28845977783203,-120.45735931396484,4
2019,2019-01-31,610,1,4,6,4,N,C,Y,B,H,D,F,25,S,03,F,,,,Y,A,Y,N,D,1,0,0,0,22350.0,2,37.16446304321289,-120.30540466308594,4
2019,2019-02-03,1410,2,4,14,7,N,C,Y,B,H,A,D,22,N,03,E,,,,,I,Y,N,D,3,0,0,0,22350.0,1,37.15436553955078,-120.29270935058594,4
2019,2019-02-05,1820,2,4,18,2,N,A,N,A,H,D,A,01,E,00,F,,,,,A,Y,N,D,4,0,0,0,22017.0,1,37.39663314819336,-120.66265869140624,3
2019,2019-02-05,2123,2,4,21,2,Y,B,N,A,H,D,A,01,,09,D,,,,,C,Y,N,A,2,0,0,0,21802.0,2,37.2811393737793,-120.57826232910156,4
2019,2019-01-21,815,1,4,8,1,Y,A,N,A,H,A,A,01,,09,D,,,,,C,Y,N,A,1,0,0,0,21800.0,2,37.38214111328125,-120.62267303466795,4
2019,2019-02-11,1945,2,4,19,1,N,A,Y,A,H,D,A,07,N,03,C,,,,,C,Y,N,D,2,0,0,0,22350.0,2,37.355377197265625,-120.63506317138672,4
2019,2019-02-08,145,2,4,1,5,N,A,N,A,H,D,D,22,E,08,E,,,,,J,Y,M,D,1,0,0,0,22107.0,1,37.18583297729492,-120.58192443847656,3
2019,2019-02-08,759,2,4,7,5,Y,A,N,A,H,A,A,01,,05,B,,,,,C,Y,N,D,1,0,0,0,21752.0,2,36.99637985229492,-120.6447296142578,3
2019,2019-02-13,326,2,4,3,3,N,B,Y,B,H,D,A,01,W,01,B,,,,,C,Y,N,D,2,0,0,0,23152.0,2,37.0570182800293,-121.03881072998048,2
2019,2019-02-08,1702,2,4,17,5,N,B,N,B,H,A,A,07,N,03,C,,,,,C,Y,M,D,1,0,0,0,22350.0,3,37.377490997314446,-120.59547424316406,4
2019,2019-02-14,1628,2,4,16,4,N,A,N,A,D,A,A,01,W,01,E,,,,,J,Y,M,A,1,0,0,0,23152.0,1,37.27310180664063,-120.60026550292967,3
2019,2019-02-10,955,2,4,9,7,N,B,Y,B,H,A,D,22,N,03,E,,,,,I,Y,N,D,1,0,0,0,22350.0,1,37.37171173095703,-120.85071563720705,4
2019,2019-02-05,1055,2,4,10,2,N,A,Y,A,H,A,A,07,N,01,E,,,,,I,Y,N,D,1,0,0,0,23152.0,1,37.377437591552734,-120.69538879394533,3
2019,2019-02-07,1225,2,4,12,4,N,A,N,A,H,A,A,01,W,03,C,,,,,C,N,N,D,2,0,0,0,22350.0,2,37.38935089111328,-120.63347625732422,3
2019,2019-02-08,1700,2,4,17,5,N,A,Y,B,H,D,A,01,S,03,C,,,,,C,Y,N,D,1,0,0,0,22350.0,3,37.382118225097656,-120.70723724365234,3
2019,2019-02-14,1225,2,4,12,4,N,B,N,B,H,A,N,60,N,11,G,Y,,,,B,N,N,D,1,1,0,0,21954.0,2,37.04229736328125,-120.92694854736328,2
2019,2019-02-15,1638,2,4,16,5,N,B,Y,B,H,A,D,22,E,08,E,,,,,I,Y,N,D,1,0,0,0,22107.0,1,37.08282470703125,-121.09561157226562,3
2019,2019-02-15,2025,2,4,20,5,N,A,Y,B,H,D,A,01,S,01,B,,,,,C,N,F,A,3,0,0,0,23152.0,2,37.2723503112793,-120.48786163330078,4
2019,2019-02-13,1257,2,4,12,3,N,B,Y,A,H,A,D,22,W,08,E,,,,,I,Y,N,D,0,0,0,0,22107.0,1,37.0557861328125,-120.77145385742188,1
2019,2019-02-11,2115,2,4,21,1,N,A,N,A,H,D,A,01,W,03,D,,,,Y,C,Y,N,D,1,0,0,0,22350.0,2,37.185894012451165,-120.59331512451172,3
2019,2019-02-15,810,2,4,8,5,N,C,N,B,H,A,A,01,W,21,C,,,,,C,N,N,A,1,0,0,0,22106.0,2,37.34956741333008,-120.5552978515625,4
2019,2019-02-02,644,2,4,6,6,N,C,Y,B,H,D,A,01,W,08,E,,,,,I,Y,N,D,0,0,0,0,22107.0,1,37.05679321289063,-121.01679229736328,1
2019,2019-01-27,31,1,4,0,7,N,A,Y,A,H,C,A,01,N,03,D,Y,,,,C,Y,N,D,1,0,0,0,22350.0,3,37.0577392578125,-120.97103118896484,1
2019,2019-02-13,520,2,4,5,3,N,B,N,B,H,D,G,25,E,05,D,,,,Y,A,Y,N,D,1,0,0,0,21460.0,2,37.37253952026367,-120.95957183837892,4
2019,2019-02-14,1625,2,4,16,4,N,B,N,A,H,A,A,01,S,03,C,,,,,C,N,N,A,1,0,0,0,22350.0,2,37.36091613769531,-120.43227386474608,4
2019,2019-02-14,1200,2,4,12,4,N,B,Y,B,H,A,A,07,N,08,D,,,,,C,Y,N,D,1,0,0,0,22107.0,2,37.41345977783203,-120.85002899169922,4
2019,2019-02-16,1850,2,4,18,6,N,B,Y,B,H,D,A,01,S,03,C,,,,,C,Y,N,D,1,0,0,0,22350.0,2,37.34013366699219,-120.5946044921875,4
2019,2019-02-13,653,2,4,6,3,Y,B,N,B,H,A,A,01,,09,D,,,,,C,Y,N,D,1,0,0,0,21802.0,2,37.30031967163086,-120.44506072998048,4
2019,2019-02-18,1900,2,4,19,1,N,A,N,A,H,D,-,- ,S,18,E,,,,,I,Y,N,D,1,0,0,0,,1,37.43303680419922,-120.67540740966795,4
2019,2019-02-20,1438,2,4,14,3,Y,B,Y,B,H,A,A,07,,12,D,,,,,C,Y,N,A,2,0,0,0,21453.0,2,37.05686950683594,-120.89414978027344,2
2019,2019-02-19,1432,2,4,14,2,Y,A,N,A,H,A,A,01,,08,E,,,,,I,Y,N,A,1,0,0,0,22107.0,1,37.37459182739258,-120.59554290771484,3
2020,2020-04-19,210,4,1,2,7,Y,A,Y,A,H,C,A,07,,01,E,,,,,I,Y,N,A,1,0,0,0,23152.0,1,37.3033332824707,-120.50048828125,2
2019,2019-02-21,1200,2,4,12,4,Y,B,Y,A,H,A,D,22,,08,A,,,,,C,Y,N,D,2,0,0,0,22107.0,2,37.2954216003418,-120.32118225097656,3
2019,2019-02-24,1855,2,4,18,7,N,A,Y,A,H,D,A,01,N,06,A,,,,,C,Y,N,D,2,0,0,0,21751.0,2,37.25104522705078,-120.85203552246094,2
2019,2019-02-21,650,2,4,6,4,Y,A,Y,A,H,A,D,22,,12,D,,,,Y,C,Y,N,A,1,0,0,0,22450.0,2,37.30206298828125,-120.5968017578125,4
2019,2019-02-20,1910,2,4,19,3,N,B,N,B,H,D,D,22,E,05,A,,,,,C,Y,N,D,3,0,0,0,21650.0,2,37.41661071777344,-120.66278839111328,2
2019,2019-02-23,1215,2,4,12,6,Y,A,N,A,H,A,A,07,,08,F,,,,,A,Y,N,D,2,0,0,0,22107.0,1,37.35078811645508,-120.96304321289062,4
2019,2019-02-23,1350,2,4,13,6,N,A,N,A,H,A,A,01,W,01,A,,,,,C,Y,N,D,2,0,0,0,23153.0,2,,,2
2019,2019-02-21,140,2,4,1,4,Y,B,Y,B,H,D,A,01,,08,E,,,,,I,Y,N,A,1,0,0,0,22107.0,1,37.295509338378906,-120.3969955444336,4
2019,2019-02-27,1005,2,4,10,3,Y,B,Y,A,H,A,D,22,,09,D,,,,,C,Y,N,A,2,0,0,0,21802.0,2,37.05455780029297,-120.6808624267578,3
2019,2019-02-28,1632,2,4,16,4,N,A,Y,A,H,A,D,22,S,08,E,,,,,I,Y,N,D,1,0,0,0,22107.0,1,36.90039825439453,-120.81031036376952,4
2019,2019-02-23,1650,2,4,16,6,N,B,N,A,H,A,C,02,E,03,F,,,Y,,A,N,N,D,1,0,0,1,22350.0,1,37.44781875610352,-120.6955108642578,2
2019,2019-02-26,1805,2,4,18,2,Y,A,Y,A,H,D,-,- ,,00,D,,,,,C,Y,N,D,1,0,0,0,,2,37.1085090637207,-121.0157470703125,3
2019,2019-02-24,415,2,4,4,7,N,A,Y,A,H,C,A,01,S,01,E,,,,,I,Y,N,D,1,0,0,0,23152.0,1,37.400585174560554,-120.74365997314452,4
2019,2019-02-27,1820,2,4,18,3,N,B,Y,A,H,D,D,22,S,01,F,,,,,A,Y,N,B,1,0,0,0,23152.0,1,36.98561477661133,-120.90228271484376,2
2019,2019-02-25,1447,2,4,14,1,Y,A,N,A,H,A,A,01,,09,D,,,,,C,Y,N,A,2,0,0,0,21802.0,2,37.346290588378906,-120.52227783203124,3
2019,2019-02-26,1915,2,4,19,2,Y,B,N,A,H,C,D,22,,09,D,,,,,C,Y,N,D,1,0,0,0,21801.0,2,37.34957885742188,-120.55526733398438,4
2019,2019-01-24,2003,1,4,20,4,N,A,N,A,H,D,D,22,W,05,A,,,,,C,Y,F,D,1,0,0,0,21650.0,2,37.23923110961913,-120.25921630859376,4
2019,2019-02-08,1805,2,4,18,5,N,C,Y,B,D,D,A,01,N,03,C,,,,,C,N,N,D,2,0,0,0,22350.0,3,37.459522247314446,-120.81283569335938,4
2019,2019-03-01,2100,3,1,21,5,N,A,Y,A,H,C,A,01,S,03,C,,,,,C,N,N,A,1,0,0,0,22350.0,2,37.41143035888672,-120.85003662109376,4
2019,2019-03-10,952,3,1,9,7,Y,E,Y,A,H,A,A,07,,01,D,,,,,C,Y,F,A,2,0,0,0,23152.0,2,36.9963493347168,-120.63565063476562,3
2019,2019-03-01,825,3,1,8,5,Y,A,Y,A,H,A,A,01,,09,D,,,,,C,Y,N,A,2,0,0,0,21802.0,2,37.29594039916992,-120.31951141357422,4
2019,2019-03-04,1413,3,1,14,1,N,B,Y,A,H,A,A,08,S,09,D,,,,,C,N,N,D,2,0,0,0,21801.0,2,37.48688888549805,-120.50309753417967,4
2019,2019-03-05,1930,3,1,19,2,N,A,Y,A,H,D,A,07,W,08,F,,,,,I,Y,N,D,1,0,0,0,22107.0,1,37.0955810546875,-121.15359497070312,3
2019,2019-03-04,700,3,1,7,1,Y,A,N,A,H,A,D,22,,09,D,,,,,C,Y,N,A,1,0,0,0,21802.0,2,37.34590911865234,-120.63258361816406,4
2019,2019-03-08,1445,3,1,14,5,N,A,Y,A,H,A,A,01,W,08,E,,,,,I,N,N,D,2,0,0,0,22107.0,1,37.072147369384766,-121.07687377929688,4
2019,2019-03-10,400,3,1,4,7,Y,B,Y,B,H,D,A,07,,08,F,,,,,A,Y,N,A,2,0,0,0,22107.0,1,36.93087005615234,-120.83992004394533,2
2019,2019-03-11,800,3,1,8,1,N,A,N,A,H,A,A,01,W,03,C,,,,,C,Y,N,D,3,0,0,0,22350.0,3,,,4
2020,2020-02-29,1206,2,4,12,6,Y,A,N,A,H,A,A,01,,09,H,,Y,,,G,N,N,A,1,0,1,0,21802.0,2,37.073768615722656,-120.83289337158205,3
2019,2019-01-10,612,1,4,6,4,N,E,N,B,H,D,A,07,S,06,A,,,,,C,Y,N,D,7,0,0,0,21751.0,3,37.42140579223633,-120.59464263916016,1
2019,2019-03-02,1830,3,1,18,6,N,B,Y,A,H,D,-,99,S,03,C,,,,Y,C,Y,F,D,1,0,0,0,22350.0,3,37.41933822631836,-120.7622528076172,4
2019,2019-02-04,1345,2,4,13,1,Y,B,N,B,H,A,A,01,,08,D,,,,,C,Y,N,D,2,0,0,0,22107.0,2,37.36048889160156,-120.57273864746094,4
2019,2019-03-08,210,3,1,2,5,N,B,Y,A,H,D,A,01,N,01,E,,,,,I,Y,M,D,1,0,0,0,23152.0,1,37.26474380493164,-121.00115203857422,3
2020,2020-04-15,1525,4,1,15,3,Y,A,N,A,H,A,A,01,,12,D,,,,,C,Y,N,D,1,0,0,0,21453.0,2,37.33208847045898,-120.49520874023438,4
2020,2020-04-17,2249,4,1,22,5,Y,A,N,A,H,C,A,01,,12,D,,,,,C,N,N,A,1,0,0,0,21453.0,2,37.303741455078125,-120.49299621582033,4
2020,2020-04-20,1611,4,1,16,1,N,A,N,A,H,A,A,08,E,09,A,,,,,C,Y,N,D,2,0,0,0,21801.0,2,37.296817779541016,-120.48170471191406,4
2019,2019-03-11,725,3,1,7,1,N,A,Y,A,H,B,D,22,E,07,B,,,,,C,Y,N,D,1,0,0,0,21658.0,2,37.047462463378906,-120.61688995361328,3
2019,2019-03-10,2110,3,1,21,7,N,A,Y,A,H,D,A,01,S,03,C,,,,,C,Y,N,D,2,0,0,0,22350.0,2,37.435245513916016,-120.78079986572266,4
2019,2019-03-10,2046,3,1,20,7,N,B,Y,A,H,D,A,01,N,03,C,,,,,C,N,N,D,2,0,0,0,22350.0,2,37.10029983520508,-120.83486938476562,4
2019,2019-03-12,1110,3,1,11,2,N,A,N,A,H,A,A,01,E,09,D,,,,,C,Y,N,D,1,0,0,0,21804.0,2,37.10063934326172,-121.0109634399414,4
2019,2019-03-08,2314,3,1,23,5,N,A,N,A,H,D,A,01,E,01,E,,,,,I,Y,N,D,1,0,0,0,23152.0,1,37.40407180786133,-120.71141052246094,3
2019,2019-03-17,1620,3,1,16,7,N,A,Y,A,H,A,D,22,N,01,B,,,,Y,C,Y,N,D,2,0,0,0,23152.0,3,36.90085220336913,-120.81069946289062,3
2019,2019-03-11,528,3,1,5,1,N,A,Y,A,H,D,A,01,S,01,E,,,,,I,Y,N,D,3,0,0,0,23152.0,3,37.52079391479492,-120.43740844726562,3
2019,2019-03-14,410,3,1,4,4,N,B,Y,A,H,D,G,25,S,08,F,,,,Y,A,Y,N,D,1,0,0,0,22107.0,1,36.95075225830078,-120.86514282226562,4
2019,2019-03-18,1435,3,1,14,1,N,A,Y,A,H,A,A,07,N,03,C,,,,,C,N,N,A,1,0,0,0,22350.0,2,37.412017822265625,-120.85003662109376,4
2019,2019-03-12,1204,3,1,12,2,N,A,Y,A,H,A,D,22,S,03,C,,,,,C,Y,N,D,1,0,0,0,22350.0,3,37.4073600769043,-120.74999237060548,4
2019,2019-03-09,535,3,1,5,6,N,A,N,A,H,D,A,01,E,08,F,,,,,A,Y,N,D,1,0,0,0,22107.0,1,37.37542343139648,-120.67933654785156,4
2019,2019-03-20,1703,3,1,17,3,N,B,Y,A,H,A,A,01,N,03,C,,,,,C,N,N,D,1,0,0,0,22350.0,2,37.40277099609375,-120.85015106201172,4
2019,2019-03-14,1830,3,1,18,4,N,A,N,A,H,A,A,01,S,03,C,,,,,C,N,N,D,2,0,0,0,22350.0,2,37.34956741333008,-120.5552978515625,4
2019,2019-03-18,35,3,1,0,1,N,A,Y,A,H,D,A,01,N,08,E,,,,,I,Y,N,D,1,0,0,0,22107.0,1,36.85739517211913,-120.77861785888672,2
2019,2019-03-18,645,3,1,6,1,N,A,Y,A,H,B,D,22,N,03,C,,,,,C,Y,N,D,2,0,0,0,22350.0,2,37.13829803466797,-121.03790283203124,4
2019,2019-03-22,1845,3,1,18,5,N,A,N,A,H,B,A,08,N,09,B,,,,,C,N,N,D,2,0,0,0,21804.0,2,36.96891784667969,-120.65380096435548,4
2019,2019-03-15,1708,3,1,17,5,N,A,Y,A,H,A,A,01,N,06,B,,,,,C,Y,N,D,1,0,0,0,21755.0,2,37.13499450683594,-120.49215698242188,4
2019,2019-03-25,805,3,1,8,1,N,A,Y,A,H,A,D,22,N,01,E,,,,,I,Y,F,D,1,0,0,0,23152.0,2,37.37685394287109,-120.69375610351562,4
2019,2019-03-16,1614,3,1,16,6,N,A,N,A,H,A,A,01,W,08,E,,,,,I,Y,N,D,1,0,0,0,22107.0,1,37.51858901977539,-120.68158721923828,3
2019,2019-03-16,724,3,1,7,6,N,A,N,A,H,A,A,01,E,01,A,,,,,C,Y,N,D,2,0,0,0,23152.0,2,37.382118225097656,-120.63037872314452,2
2019,2019-03-20,1727,3,1,17,3,N,B,Y,A,H,A,A,01,S,03,C,,,,,C,Y,N,D,3,0,0,0,22350.0,3,37.309837341308594,-120.51155853271484,3
2019,2019-03-21,1612,3,1,16,4,Y,A,N,A,H,A,A,01,,09,D,,,,,C,Y,N,D,1,0,0,0,21802.0,2,37.33856964111328,-120.67796325683594,4
2019,2019-03-18,107,3,1,1,1,N,A,Y,A,H,D,A,01,N,03,C,,,,,C,Y,N,D,1,0,0,0,22350.0,2,37.37569046020508,-120.6895751953125,3
2019,2019-03-21,1516,3,1,15,4,N,A,N,A,H,A,N,60,W,11,G,Y,,,,B,N,N,D,1,1,0,0,21954.0,2,37.389408111572266,-120.61373138427734,3
2019,2019-03-18,2050,3,1,20,1,N,A,N,A,H,D,A,07,E,05,A,,,,,C,Y,N,D,1,0,0,0,21460.0,2,37.32307434082031,-120.541259765625,4
2019,2019-03-22,1457,3,1,14,5,N,B,Y,A,H,A,A,01,N,07,B,,,,,C,Y,N,D,2,0,0,0,21658.0,3,37.3640251159668,-120.6579132080078,3
2019,2019-03-23,950,3,1,9,6,N,B,Y,B,H,A,A,07,S,08,C,,,,,C,N,N,D,2,0,0,0,22107.0,2,37.37038040161133,-120.67512512207033,4
2019,2019-03-25,1732,3,1,17,1,N,A,N,A,H,A,C,02,W,08,F,,,Y,,A,N,N,D,1,0,0,1,22107.0,1,37.31901931762695,-120.50495910644533,4
2019,2019-03-26,1443,3,1,14,2,N,B,Y,A,H,A,A,01,N,08,B,,,,,C,N,N,D,1,0,0,0,22107.0,2,37.31166458129882,-120.5133056640625,4
2019,2019-03-23,628,3,1,6,6,N,C,Y,B,D,D,A,01,S,08,E,,,,Y,I,Y,N,D,1,0,0,0,22107.0,2,37.457195281982415,-120.80640411376952,3
2019,2019-03-26,1448,3,1,14,2,Y,C,N,B,H,A,A,01,,12,D,,,,,C,Y,N,D,1,0,0,0,22450.0,2,37.34606170654297,-120.72373199462892,3
2019,2019-03-24,2155,3,1,21,7,Y,A,Y,A,H,C,A,01,,09,D,,,,Y,C,Y,N,A,2,0,0,0,21802.0,2,,,4
2019,2019-03-23,2242,3,1,22,6,Y,A,Y,A,H,D,A,01,,08,F,,,,,A,Y,N,A,1,0,0,0,22107.0,1,37.10470581054688,-121.13047027587892,3
2019,2019-03-25,2125,3,1,21,1,Y,A,Y,A,H,C,A,01,,09,D,,,,,C,Y,N,D,2,0,0,0,21801.0,2,37.09791946411133,-121.01590728759766,4
2019,2019-03-28,950,3,1,9,4,N,A,Y,A,H,A,A,07,E,03,C,,,,,C,Y,N,D,1,0,0,0,22350.0,2,37.05699157714844,-121.01006317138672,4
2019,2019-04-01,2032,4,1,20,1,Y,B,N,B,H,C,A,01,,01,C,,,,,C,Y,N,D,1,0,0,0,23152.0,2,37.44857025146485,-120.77630615234376,4
2019,2019-03-27,2115,3,1,21,3,N,B,Y,A,H,D,A,01,W,01,H,,,,,J,Y,N,D,1,0,0,0,23152.0,1,37.05110931396485,-120.57603454589844,4
2019,2019-03-24,1905,3,1,19,7,N,A,Y,A,H,A,C,02,W,01,F,,,Y,,A,Y,M,D,1,0,0,1,23152.0,1,37.36106491088867,-120.64927673339844,2
2020,2020-04-28,1453,4,1,14,2,Y,A,N,A,H,A,D,22,,12,D,,,,,C,Y,N,A,1,0,0,0,21453.0,2,37.303741455078125,-120.49299621582033,4
2020,2020-05-01,1511,5,1,15,5,Y,A,N,A,H,A,A,01,,03,D,,,,,C,Y,N,D,4,0,0,0,22350.0,2,37.305931091308594,-120.49900817871094,4
2019,2019-03-24,1350,3,1,13,7,N,A,Y,A,H,A,A,01,S,03,C,,,,,C,Y,N,D,4,0,0,0,22350.0,3,37.342578887939446,-120.60800933837892,3
2019,2019-03-24,1609,3,1,16,7,N,A,N,A,H,A,C,02,E,01,F,,,Y,,A,Y,N,D,1,0,0,1,23152.0,1,37.44063186645508,-120.80738067626952,2
2019,2019-03-31,1215,3,1,12,7,Y,A,Y,A,H,A,A,01,,09,D,,,,,C,Y,N,A,2,0,0,0,21802.0,2,37.05646133422852,-120.92665863037108,4
2019,2019-03-26,805,3,1,8,2,N,B,Y,A,H,A,A,07,S,08,E,,,,,I,Y,N,D,1,0,0,0,22107.0,1,37.37049865722656,-120.67598724365234,2
2019,2019-03-26,2100,3,1,21,2,N,B,N,A,H,D,A,07,W,01,C,,,,,C,Y,N,D,3,0,0,0,23152.0,2,37.384986877441406,-120.61223602294922,3
2019,2019-03-31,2200,3,1,22,7,Y,A,N,A,H,D,D,22,,12,D,,,,,C,Y,N,D,2,0,0,0,22450.0,2,37.433788299560554,-120.74027252197266,4
2019,2019-03-31,1100,3,1,11,7,Y,A,N,A,H,A,A,01,,12,D,,,,,C,N,N,D,1,0,0,0,22450.0,2,37.28794097900391,-120.32486724853516,4
2019,2019-03-31,1714,3,1,17,7,Y,A,N,A,H,A,A,07,,09,D,,,,,C,Y,N,D,1,0,0,0,21802.0,2,37.3530387878418,-120.65963745117188,4
2019,2019-03-30,1530,3,1,15,6,N,A,Y,A,H,A,-,- ,E,00,B,,,,Y,C,Y,N,D,1,0,0,0,,2,37.060829162597656,-121.05713653564452,3
2019,2019-03-31,1815,3,1,18,7,N,A,Y,A,H,A,C,02,S,01,F,,,Y,,A,Y,N,D,2,0,0,2,23152.0,1,37.214962005615234,-120.8511199951172,2
2019,2019-04-01,1548,4,1,15,1,N,B,N,A,H,A,A,01,N,08,E,,,,,I,Y,N,D,1,0,0,0,22107.0,1,37.411815643310554,-120.61300659179688,4
2019,2019-04-01,530,4,1,5,1,N,A,N,A,H,D,-,- ,E,18,E,,,,,H,N,N,D,1,0,0,0,,1,37.26008605957031,-121.02545928955078,3
2019,2019-04-04,1928,4,1,19,4,N,B,N,A,H,D,A,01,N,08,F,,,,,A,Y,N,D,2,0,0,0,22107.0,1,37.07773208618164,-120.7078857421875,3