ACCIDENT_YEAR,COLLISION_DATE,COLLISION_TIME,MONTH,SEASON,24HOURS,DAY_OF_WEEK,INTERSECTION,WEATHER_1,STATE_HWY_IND,ROAD_SURFACE,ROAD_COND_1,LIGHTING,STWD_VEHTYPE_AT_FAULT,CHP_VEHTYPE_AT_FAULT,DIRECTION,PCF_VIOL_CATEGORY,TYPE_OF_COLLISION,PEDESTRIAN_ACCIDENT,BICYCLE_ACCIDENT,MOTORCYCLE_ACCIDENT,TRUCK_ACCIDENT,MVIW,TOW_AWAY,HIT_AND_RUN,CONTROL_DEVICE,NUMBER_INJURED,COUNT_PED_INJURED,COUNT_BICYCLIST_INJURED,COUNT_MC_INJURED,PCF_VIOLATION,PARTY_COUNT,POINT_Y,POINT_X,COLLISION_SEVERITY
2020,2020-01-17,2225,1,4,22,5,N,A,N,A,H,D,A,01,E,01,D,,,,,C,Y,N,D,2,0,0,0,23152.0,3,37.33906936645508,-120.51889801025392,2
2020,2020-01-21,1750,1,4,17,2,N,B,N,A,H,C,A,01,N,08,D,,,,,C,N,N,D,1,0,0,0,22107.0,2,37.37386322021485,-120.59555053710938,4
2020,2020-01-27,755,1,4,7,1,N,A,Y,A,H,A,A,01,S,03,C,,,,,C,N,N,D,1,0,0,0,22350.0,2,37.40174865722656,-120.85017395019533,4
2020,2020-01-26,148,1,4,1,7,N,A,Y,A,H,D,A,01,S,01,E,,,,,I,Y,N,D,1,0,0,0,23152.0,1,37.083057403564446,-121.0160675048828,2
2020,2020-01-29,215,1,4,2,3,N,A,Y,A,H,D,A,01,N,01,F,,,,,A,Y,N,D,1,0,0,0,23152.0,1,37.25064086914063,-120.85203552246094,4
2020,2020-01-16,1045,1,4,10,4,Y,B,N,A,H,A,-,- ,,18,D,,,,,C,Y,N,B,2,0,0,0,,2,37.419281005859375,-120.9223403930664,2
2020,2020-01-24,640,1,4,6,5,N,B,N,A,H,B,D,22,W,03,C,,,,,C,Y,N,D,1,0,0,0,22350.0,2,37.449310302734375,-120.60152435302734,3
2020,2020-01-19,153,1,4,1,7,N,A,Y,A,H,D,A,01,S,01,E,,,,,I,N,N,D,1,0,0,0,23152.0,1,37.35006713867188,-120.62322235107422,3
2020,2020-01-24,2208,1,4,22,5,N,A,Y,A,H,D,A,01,N,01,E,,,,,I,Y,N,D,2,0,0,0,23152.0,1,37.4373779296875,-120.78406524658205,2
2020,2020-01-25,1520,1,4,15,6,N,A,Y,A,H,A,A,01,S,08,E,,,,,I,Y,N,D,1,0,0,0,22107.0,1,37.179107666015625,-120.49185180664062,4
2020,2020-01-24,1650,1,4,16,5,N,A,Y,A,H,A,A,01,N,08,B,,,,,C,Y,N,D,3,0,0,0,22107.0,2,37.195682525634766,-121.07538604736328,3
2020,2020-01-27,2033,1,4,20,1,N,A,N,A,H,D,C,02,E,03,F,,,Y,,A,Y,N,D,1,0,0,1,22350.0,1,37.338733673095696,-120.53778839111328,4
2020,2020-01-24,1756,1,4,17,5,N,A,Y,A,H,C,A,01,N,03,C,,,,,C,Y,N,D,1,0,0,0,22350.0,2,37.38899230957031,-120.72747039794922,4
2020,2020-01-31,542,1,4,5,5,N,A,Y,A,H,D,A,08,S,08,F,,,,,A,Y,N,D,1,0,0,0,22107.0,1,36.963417053222656,-120.88059997558594,3
2020,2020-01-24,802,1,4,8,5,Y,E,Y,A,H,A,F,27,,09,D,,,,Y,C,Y,N,A,2,0,0,0,21802.0,2,37.06916427612305,-120.52860260009766,2
2020,2020-02-03,540,2,4,5,1,N,A,N,A,H,D,A,01,E,01,E,,,,,I,Y,N,D,1,0,0,0,23152.0,1,37.36045837402344,-120.73827362060548,3
2020,2020-01-28,1810,1,4,18,2,N,A,N,A,H,C,A,01,W,08,C,,,,,E,Y,N,D,1,0,0,0,22107.0,2,37.32606506347656,-120.52483367919922,4
2020,2020-01-24,1640,1,4,16,5,Y,A,N,A,H,A,N,60,,11,G,Y,,,,B,N,N,D,1,1,0,0,21954.0,2,37.3171501159668,-120.52967071533205,2
2020,2020-01-25,1839,1,4,18,6,N,A,N,A,H,D,A,01,S,01,B,,,,,C,Y,N,D,1,0,0,0,23152.0,2,37.372745513916016,-120.67812347412108,4
2020,2020-01-14,1605,1,4,16,2,N,A,Y,A,H,A,A,01,W,08,D,,,,Y,C,Y,N,D,2,0,0,0,22107.0,4,37.05679702758789,-121.02983856201172,1
2020,2020-01-29,2035,1,4,20,3,N,A,N,A,H,D,A,01,W,08,E,,,,,I,Y,N,D,1,0,0,0,22107.0,1,37.404075622558594,-120.82626342773438,3
2020,2020-02-06,1400,2,4,14,4,Y,A,N,A,H,A,A,07,,09,D,,,,,C,N,N,A,1,0,0,0,21800.0,2,37.426788330078125,-120.78617095947266,4
2020,2020-01-29,955,1,4,9,3,Y,A,N,A,H,A,D,22,,09,D,,,,,C,Y,N,D,3,0,0,0,21801.0,2,37.34957885742188,-120.55526733398438,2
2020,2020-02-03,1440,2,4,14,1,N,A,N,A,H,A,A,01,S,03,C,,,,,C,Y,N,D,1,0,0,0,22350.0,2,37.19015121459961,-120.33032989501952,2
2020,2020-01-30,1225,1,4,12,4,N,A,N,A,H,A,A,07,S,08,E,,,,,I,Y,N,D,1,0,0,0,22107.0,1,37.41553115844727,-120.5947494506836,2
2020,2020-02-01,1445,2,4,14,6,N,A,N,A,H,A,A,01,S,01,E,,,,,I,Y,N,D,1,0,0,0,23152.0,1,37.37934112548828,-120.63182067871094,3
2020,2020-02-05,1512,2,4,15,3,N,A,N,A,H,A,A,01,N,03,C,,,,,C,Y,N,D,1,0,0,0,22350.0,4,37.3017692565918,-120.44503784179688,3
2020,2020-02-08,1444,2,4,14,6,N,A,Y,A,H,A,A,01,N,03,C,,,,,C,Y,N,A,1,0,0,0,22350.0,2,37.41946029663086,-120.8499755859375,4
2020,2020-02-11,1840,2,4,18,2,Y,A,N,A,H,C,A,07,,09,A,,,,,C,Y,N,D,2,0,0,0,21801.0,2,37.43881988525391,-120.77667999267578,4
2020,2020-02-07,2330,2,4,23,5,N,A,N,A,H,D,D,22,E,01,E,,,,,I,Y,N,D,1,0,0,0,23152.0,1,37.372161865234375,-120.92296600341795,2
2020,2020-02-11,715,2,4,7,2,N,A,Y,A,H,A,A,01,E,21,C,,,,,C,N,N,A,1,0,0,0,22106.0,2,37.047645568847656,-120.59457397460938,4
2020,2020-02-12,905,2,4,9,3,N,A,N,A,H,A,A,01,N,08,E,,,,,I,Y,N,D,1,0,0,0,22107.0,1,37.08864974975586,-120.85321044921876,3
2020,2020-02-10,935,2,4,9,1,Y,A,N,A,H,A,A,07,,09,D,,,,,C,Y,N,A,1,0,0,0,21802.0,2,37.042179107666016,-120.87223052978516,4
2020,2020-02-14,2009,2,4,20,5,N,A,N,A,H,A,A,01,W,08,E,,,,,I,Y,N,D,1,0,0,0,22107.0,1,37.418651580810554,-120.81877899169922,3
2020,2020-01-26,5,1,4,0,7,N,C,N,B,H,C,-,99,E,03,C,,,,,C,Y,F,D,1,0,0,0,22350.0,2,37.375038146972656,-120.7142333984375,4
2020,2020-01-26,1441,1,4,14,7,N,A,N,A,H,A,A,01,S,08,D,,,Y,,C,Y,N,D,1,0,0,0,22107.0,2,37.38446807861328,-120.70509338378906,2
2020,2020-02-09,1852,2,4,18,7,Y,A,Y,A,H,D,N,60,,11,G,Y,,,,B,N,N,D,1,1,0,0,21954.0,2,,,3
2020,2020-02-11,810,2,4,8,2,N,A,N,A,H,A,A,01,N,08,E,,,,,I,Y,N,D,1,0,0,0,22107.0,1,37.44522857666016,-120.53952026367188,4
2020,2020-02-13,1800,2,4,18,4,N,A,N,A,H,B,A,08,N,03,C,,,,,C,Y,N,D,1,0,0,0,22350.0,2,37.34975814819336,-120.43253326416016,4
2020,2020-02-08,1700,2,4,17,6,Y,A,Y,A,H,A,A,01,,12,D,,,,,C,Y,N,A,3,0,0,0,22450.0,2,37.323089599609375,-120.54208374023438,3
2020,2020-02-14,1125,2,4,11,5,Y,A,N,A,H,A,A,07,,03,C,Y,,,,C,Y,N,D,1,1,0,0,22350.0,4,37.39690017700195,-120.63134002685548,4
2020,2020-02-19,210,2,4,2,3,N,A,N,A,H,D,A,01,E,08,F,,,,,A,Y,N,D,1,0,0,0,22107.0,1,37.10001373291016,-120.86939239501952,3
2020,2020-02-17,717,2,4,7,1,N,A,Y,A,H,A,G,25,N,03,C,,,,Y,C,Y,N,D,1,0,0,0,22350.0,2,36.87257766723633,-120.78907012939452,4
2020,2020-02-13,2238,2,4,22,4,N,A,N,A,H,D,D,22,E,08,E,,,,,I,Y,N,D,1,0,0,0,22107.0,1,37.09999847412109,-120.87085723876952,2
2020,2020-02-12,930,2,4,9,3,N,A,N,A,H,A,A,01,N,03,C,,,,,C,Y,N,D,1,0,0,0,22350.0,2,37.36256408691406,-120.43222808837892,4
2020,2020-02-20,1905,2,4,19,4,N,A,N,A,H,D,D,22,W,01,B,,,,,C,Y,N,D,1,0,0,0,23152.0,2,37.11328125,-120.58317565917967,2
2020,2020-02-19,1135,2,4,11,3,Y,A,Y,A,H,A,A,07,,09,D,,,,Y,C,Y,N,A,1,0,0,0,21802.0,2,37.24582290649414,-121.03086090087892,2
2020,2020-02-15,1915,2,4,19,6,Y,A,N,A,H,D,A,01,,01,E,,,,,J,Y,N,D,1,0,0,0,23152.0,1,37.41849899291992,-120.66766357421876,2
2020,2020-02-15,220,2,4,2,6,N,A,N,A,H,D,A,01,W,01,F,,,,,A,Y,N,D,1,0,0,0,23152.0,1,37.28130722045898,-120.31163787841795,3
2020,2020-02-16,1520,2,4,15,7,N,A,Y,A,H,A,A,01,E,03,B,,,,,C,N,N,D,3,0,0,0,22350.0,3,37.34429931640625,-120.6147003173828,4
2020,2020-02-18,1615,2,4,16,2,N,A,N,A,H,A,M,46,W,08,E,,,,,I,Y,N,D,1,0,0,0,22107.0,1,37.39003753662109,-120.88974761962892,4
2020,2020-02-17,1941,2,4,19,1,Y,A,N,A,H,D,A,01,,12,E,,,,,I,Y,N,D,1,0,0,0,22450.0,1,37.28784942626953,-120.31983184814452,2
2020,2020-02-08,110,2,4,1,6,N,A,N,A,H,D,A,01,S,01,E,,,,,J,Y,N,D,2,0,0,0,23152.0,1,37.288761138916016,-120.37906646728516,2
2020,2020-02-19,2030,2,4,20,3,N,A,Y,A,H,D,A,01,N,03,C,,,,,C,Y,N,D,3,0,0,0,22350.0,4,37.36392593383789,-120.65841674804688,4
2020,2020-02-26,1845,2,4,18,3,N,A,N,A,H,C,A,01,S,03,C,,,,,C,Y,N,D,2,0,0,0,22350.0,3,37.383670806884766,-120.61355590820312,4
2020,2020-02-23,1812,2,4,18,7,N,A,N,A,H,D,A,07,E,08,E,,,,,I,Y,N,D,1,0,0,0,22107.0,1,37.185443878173835,-120.42767333984376,4
2020,2020-02-23,1835,2,4,18,7,N,A,Y,A,H,C,D,22,S,01,F,,,,,A,Y,N,D,1,0,0,0,23152.0,1,37.12609100341797,-121.02951049804688,2
2019,2019-12-16,2128,12,4,21,1,N,A,N,A,H,D,N,60,W,11,G,Y,,,,B,N,N,D,1,1,0,0,21956.0,3,37.37160110473633,-120.59072875976562,1
2020,2020-02-24,2323,2,4,23,1,N,A,Y,A,H,D,A,07,W,01,E,,,,,I,Y,N,D,1,0,0,0,23152.0,1,37.29552459716797,-120.33823394775392,3
2020,2020-02-25,830,2,4,8,2,N,A,Y,A,H,A,A,01,N,03,E,,,,,J,Y,N,D,1,0,0,0,22350.0,2,37.409854888916016,-120.75278472900392,4
2020,2020-02-20,1905,2,4,19,4,N,A,N,A,H,D,L,04,W,09,H,,Y,,,G,N,N,D,1,0,1,0,21804.0,2,37.353042602539055,-120.67547607421876,2
2020,2020-02-29,200,2,4,2,6,Y,A,Y,A,H,C,A,01,,01,E,,,,,I,Y,N,D,1,0,0,0,23152.0,1,37.0835189819336,-121.10101318359376,3
2020,2020-02-25,1625,2,4,16,2,N,A,Y,A,H,A,A,01,N,08,E,,,,Y,I,Y,N,D,1,0,0,0,22107.0,2,37.2964096069336,-120.48248291015624,4
2020,2020-02-25,1540,2,4,15,2,N,A,N,A,H,A,D,22,E,08,F,,,,,A,Y,N,D,1,0,0,0,22107.0,1,37.42605209350586,-120.53221893310548,4
2020,2020-02-28,1616,2,4,16,5,N,A,N,A,H,A,G,25,N,09,D,,,,Y,C,Y,N,D,1,0,0,0,21804.0,2,37.30093765258789,-120.41522979736328,4
2020,2020-02-28,1810,2,4,18,5,N,B,N,A,H,A,L,04,W,09,D,,Y,,,G,N,N,D,1,0,1,0,21804.0,2,37.389427185058594,-120.60926055908205,4
2020,2020-02-27,2221,2,4,22,4,N,A,Y,A,H,D,D,22,N,03,C,,,,,C,Y,N,D,4,0,0,0,22350.0,5,37.432422637939446,-120.77770233154295,3
2020,2020-03-01,1455,3,1,14,7,N,B,Y,A,H,A,A,01,E,08,E,,,,,I,Y,N,D,0,0,0,0,22107.0,1,37.05455780029297,-120.7016830444336,1
2020,2020-03-05,1855,3,1,18,4,N,A,N,A,H,D,A,01,W,03,C,,,,,C,Y,N,D,1,0,0,0,22350.0,2,37.36043930053711,-120.80370330810548,4
2020,2020-02-28,1019,2,4,10,5,N,A,Y,A,H,A,A,01,N,06,B,,,,,C,Y,N,D,1,0,0,0,21751.0,2,37.20746994018555,-120.48807525634766,2
2019,2019-09-20,1423,9,3,14,5,N,A,N,A,H,A,A,01,W,09,F,,,Y,,A,Y,N,A,0,0,0,0,21802.0,2,37.34984970092773,-120.55569458007812,1
2020,2020-03-09,300,3,1,3,1,N,A,N,A,H,A,D,22,W,05,A,,,,,C,Y,N,D,2,0,0,0,21650.0,2,37.41859436035156,-120.82598876953124,4
2020,2020-03-06,1437,3,1,14,5,N,A,Y,A,H,A,A,01,S,12,D,,,,,C,Y,N,D,2,0,0,0,22450.0,2,37.39223861694336,-120.73891448974608,3
2020,2020-02-01,1818,2,4,18,6,N,A,N,A,H,C,A,01,E,09,H,,,,,C,Y,N,D,1,0,0,0,21802.0,2,37.385940551757805,-120.73146057128906,4
2020,2020-03-05,820,3,1,8,4,N,A,N,A,H,A,A,01,S,08,A,,,,,C,Y,N,D,1,0,0,0,22107.0,2,37.43592071533203,-120.77659606933594,4
2020,2020-03-11,1005,3,1,10,3,Y,B,N,B,H,A,A,01,,09,D,,,,,C,Y,N,A,1,0,0,0,21802.0,2,37.33856964111328,-120.67796325683594,4
2020,2020-03-10,1905,3,1,19,2,N,A,N,A,H,B,L,04,W,08,H,,Y,,,G,N,N,D,1,0,1,0,22107.0,2,37.33913040161133,-120.51336669921876,4
2020,2020-03-05,1355,3,1,13,4,N,A,N,A,H,A,A,01,S,08,E,,,,,I,Y,N,D,1,0,0,0,22107.0,1,37.18175506591797,-120.96954345703124,3
2020,2020-03-06,2103,3,1,21,5,N,A,N,A,H,D,A,01,N,08,E,,,,,I,Y,N,D,3,0,0,0,22107.0,1,37.36174392700195,-120.95661926269533,2
2020,2020-03-11,1447,3,1,14,3,N,A,N,A,H,A,A,01,W,03,C,,,,,C,Y,N,D,2,0,0,0,22350.0,4,37.34120178222656,-120.54180145263672,4
2020,2020-03-06,1830,3,1,18,5,N,A,Y,A,H,D,G,25,S,07,E,,,,Y,I,Y,N,D,1,0,0,0,21658.0,2,37.10387420654297,-121.01358795166016,3
2020,2020-03-09,1202,3,1,12,1,N,A,Y,A,H,A,G,25,W,16,F,,,,Y,A,Y,M,D,1,0,0,0,24002.0,1,37.05648040771485,-120.97052001953124,3
2020,2020-03-10,1721,3,1,17,2,Y,B,N,A,H,A,A,07,,08,E,,,,,I,Y,N,A,1,0,0,0,22107.0,1,37.18606185913086,-120.68271636962892,4
2020,2020-03-05,1422,3,1,14,4,N,A,N,A,H,A,A,01,E,08,E,,,,,I,Y,N,D,1,0,0,0,22107.0,1,37.42844772338867,-120.5376434326172,3
2020,2020-03-05,119,3,1,1,4,Y,A,N,A,H,D,A,01,,01,E,,,,,I,Y,N,A,1,0,0,0,23152.0,1,37.331321716308594,-120.67806243896484,3
2020,2020-03-07,1842,3,1,18,6,N,B,N,B,H,D,D,22,E,09,D,,,,,C,Y,N,D,5,0,0,0,21801.0,2,37.10004425048828,-120.90901947021484,3
2020,2020-03-06,1315,3,1,13,5,Y,A,Y,A,H,A,A,08,,09,A,,,,,C,Y,N,A,2,0,0,0,21802.0,2,37.36100006103516,-120.64949798583984,3
2020,2020-03-12,2045,3,1,20,4,N,A,Y,A,H,D,D,22,E,01,C,,,,,C,Y,F,D,2,0,0,0,23153.0,2,37.05726623535156,-121.04415130615234,2
2020,2020-03-07,320,3,1,3,6,N,B,Y,A,H,D,A,07,N,01,E,,,,,I,Y,N,D,2,0,0,0,23152.0,1,37.306278228759766,-120.50809478759766,2
2020,2020-03-05,1510,3,1,15,4,N,A,N,A,H,A,A,07,E,08,E,,,,,I,Y,N,D,6,0,0,0,22107.0,1,37.28068542480469,-120.47422027587892,4
2020,2020-03-08,1930,3,1,19,7,N,A,Y,A,H,A,A,01,N,03,C,,,,,C,Y,N,D,2,0,0,0,22350.0,2,37.33730697631836,-120.5849609375,4
2020,2020-02-18,1417,2,4,14,2,N,A,Y,A,H,A,A,01,S,01,D,,,,,C,Y,N,D,1,0,0,0,23152.0,2,36.981800079345696,-120.63558959960938,1
2020,2020-03-08,2042,3,1,20,7,Y,A,Y,A,H,C,A,08,,12,D,,,,,C,Y,N,A,2,0,0,0,22450.0,2,37.44871139526367,-120.7958984375,2
2020,2020-03-15,130,3,1,1,7,N,A,Y,A,H,D,A,08,S,01,C,,,,,C,Y,N,D,8,0,0,0,23153.0,2,36.99065780639648,-120.90715789794922,3
2020,2020-03-06,2225,3,1,22,5,N,A,Y,A,H,D,D,22,S,08,E,,,,,I,Y,N,D,2,0,0,0,22107.0,1,37.38764572143555,-120.72091674804688,4
2020,2020-03-08,325,3,1,3,7,N,A,N,A,H,A,D,22,W,01,E,,,,,I,Y,N,D,1,0,0,0,23152.0,1,37.39005279541016,-120.89221954345705,3
2020,2020-03-11,600,3,1,6,3,Y,A,Y,A,H,D,A,01,,05,C,,,,,C,Y,N,A,1,0,0,0,21752.0,2,37.30244827270508,-120.5594482421875,4
2020,2020-03-12,140,3,1,1,4,N,A,Y,A,H,D,A,01,N,03,C,,,,Y,C,Y,N,D,1,0,0,0,22350.0,2,37.17169189453125,-121.05928802490234,4
2020,2020-03-18,1327,3,1,13,3,N,A,N,A,H,A,D,22,N,08,F,,,,,A,Y,N,D,1,0,0,0,22107.0,1,37.275638580322266,-121.0053253173828,3
2020,2020-03-12,1845,3,1,18,4,N,A,Y,A,H,A,-,99,N,07,C,,,,,C,Y,M,D,1,0,0,0,21658.0,2,37.221294403076165,-121.08235931396484,4
2020,2020-03-15,2053,3,1,20,7,N,B,Y,B,H,D,A,01,E,07,D,,,,,C,Y,N,D,1,0,0,0,21658.0,2,37.07964324951172,-121.19627380371094,3
2020,2020-03-16,4,3,1,0,1,N,C,N,B,H,D,A,07,E,01,E,,,,,I,Y,N,D,1,0,0,0,23152.0,1,37.30769348144531,-120.45877838134766,3
2020,2020-03-19,540,3,1,5,4,Y,A,Y,A,H,C,A,01,,09,D,,,,,C,N,N,A,1,0,0,0,21802.0,2,37.10063934326172,-121.0158462524414,4
2020,2020-03-15,1554,3,1,15,7,N,B,Y,A,H,A,A,01,E,08,E,,,,,I,Y,N,D,1,0,0,0,22107.0,1,37.0766487121582,-121.20735931396484,2
2020,2020-03-14,720,3,1,7,6,N,B,Y,A,H,A,A,01,N,01,E,,,,,I,Y,N,D,1,0,0,0,23152.0,1,37.38472366333008,-120.71321105957033,3
2020,2020-02-29,405,2,4,4,6,N,A,Y,A,H,D,A,01,W,08,B,,,,,I,Y,N,D,0,0,0,0,22107.0,1,37.08512115478516,-121.10703277587892,1
2020,2020-03-17,1539,3,1,15,2,N,F,Y,C,H,A,A,07,E,03,D,,,,,C,Y,N,D,2,0,0,0,22350.0,2,37.0781135559082,-121.19796752929688,3
2020,2020-03-17,1537,3,1,15,2,N,F,Y,C,H,A,D,22,E,03,C,,,,,C,Y,N,D,3,0,0,0,22350.0,5,37.0778923034668,-121.19835662841795,2
2020,2020-03-18,842,3,1,8,3,N,A,N,A,H,A,A,01,N,08,C,,,,,C,Y,N,D,1,0,0,0,22107.0,2,37.36354064941406,-120.54943084716795,4
2020,2020-03-17,1542,3,1,15,2,N,F,Y,C,H,A,A,01,E,03,C,,,,,C,Y,N,D,1,0,0,0,22350.0,2,37.07726287841797,-121.20111083984376,3
2020,2020-03-19,2320,3,1,23,4,N,A,N,A,H,D,D,22,E,01,C,,,,,C,Y,N,D,1,0,0,0,23152.0,2,37.43376541137695,-120.69783020019533,4
2020,2020-03-24,1205,3,1,12,2,Y,B,N,A,H,A,A,01,,12,D,,,,,C,Y,N,A,1,0,0,0,22450.0,2,37.02764892578125,-120.85443878173828,4
2020,2020-03-24,2003,3,1,20,2,N,C,N,B,H,D,A,01,N,03,E,,,,,I,Y,N,D,1,0,0,0,22350.0,1,37.29747009277344,-120.37905883789062,4
2020,2020-03-17,1540,3,1,15,2,N,F,Y,C,H,A,A,01,E,03,C,,,,,C,Y,N,D,3,0,0,0,22350.0,8,37.07723236083984,-121.20259857177734,3
2020,2020-03-12,1150,3,1,11,4,N,A,Y,A,H,A,A,01,N,01,E,,,,,I,Y,N,D,1,0,0,0,23152.0,2,37.37490081787109,-120.68498992919922,3
2020,2020-03-17,1539,3,1,15,2,N,B,Y,C,H,A,A,01,E,03,B,,,,Y,J,Y,N,D,2,0,0,0,22350.0,7,37.07770156860352,-121.19874572753906,3
2020,2020-03-23,2225,3,1,22,1,N,A,Y,A,H,D,G,25,S,08,F,,,,Y,I,Y,N,D,1,0,0,0,22107.0,1,37.18179321289063,-120.49031829833984,4
2019,2019-12-05,305,12,4,3,4,N,B,N,A,H,C,A,07,E,01,E,,,,,I,Y,N,A,2,0,0,0,23152.0,1,37.34020233154297,-120.54019927978516,1
2020,2020-03-20,1554,3,1,15,5,N,A,N,A,H,A,A,01,W,01,H,,,,,A,Y,N,A,1,0,0,0,23152.0,1,,,2
2020,2020-03-23,1030,3,1,10,1,N,A,Y,A,H,A,A,01,N,08,E,,,,,I,Y,N,D,1,0,0,0,22107.0,1,,,4
2020,2020-03-24,2230,3,1,22,2,N,B,N,B,H,D,A,01,E,08,E,,,,,I,Y,N,D,1,0,0,0,22107.0,1,37.37239837646485,-120.94154357910156,3
2020,2020-03-24,250,3,1,2,2,N,A,N,A,H,D,A,07,N,08,E,,,,,I,Y,N,D,1,0,0,0,22107.0,1,37.44204330444336,-120.4328842163086,4
2019,2019-11-17,1808,11,3,18,7,N,A,N,A,H,D,A,01,W,08,E,,,,,I,Y,N,D,1,0,0,0,22107.0,1,37.32910537719727,-120.52251434326172,1
2020,2020-03-06,1603,3,1,16,5,Y,A,N,A,H,A,D,22,,05,B,,,,,C,Y,F,A,2,0,0,0,21460.0,2,37.42578887939453,-120.7739028930664,4
2020,2020-03-26,1540,3,1,15,4,Y,A,Y,A,H,A,A,01,,09,F,,,Y,,A,Y,N,A,1,0,0,1,21802.0,2,,,3
2020,2020-03-06,435,3,1,4,5,N,A,Y,A,H,D,N,60,N,11,G,Y,,,Y,B,Y,N,D,0,0,0,0,21954.0,2,37.138381958007805,-121.03752136230467,1
2020,2020-03-31,445,3,1,4,2,N,A,Y,A,H,D,A,01,W,01,B,,,,,C,Y,N,D,1,0,0,0,23152.0,3,37.05659103393555,-120.95525360107422,4
2020,2020-03-27,358,3,1,3,5,N,A,Y,A,H,C,A,01,N,08,F,,,,,A,Y,N,D,1,0,0,0,22107.0,1,37.4384880065918,-120.78480529785156,4
2020,2020-03-29,1140,3,1,11,7,Y,B,Y,A,H,A,D,22,,09,D,,,,,C,Y,N,A,1,0,0,0,21802.0,2,37.056686401367195,-120.92652130126952,4
2020,2020-03-27,248,3,1,2,5,N,A,N,A,H,C,A,01,W,01,E,,,,,I,Y,N,D,1,0,0,0,23152.0,1,37.332887,-120.567519,3
2020,2020-03-26,2130,3,1,21,4,Y,A,N,A,H,D,D,22,,01,F,,,,,A,Y,N,A,1,0,0,0,23152.0,2,37.4398193359375,-120.57583618164062,4
2020,2020-03-29,1614,3,1,16,7,N,A,N,A,H,A,A,01,N,08,E,,,,,I,Y,N,D,5,0,0,0,22107.0,1,37.483941,-120.445886,2
2020,2020-04-05,1619,4,1,16,7,N,C,Y,B,H,A,A,01,W,08,E,,,,,I,Y,N,D,2,0,0,0,22107.0,1,37.1035041809082,-121.12628936767578,3
2020,2020-04-02,1345,4,1,13,4,Y,A,N,A,H,A,-,- ,,09,D,,,,,C,Y,N,D,1,0,0,0,21800.0,2,37.396011352539055,-120.60690307617188,4
2020,2020-02-06,1432,2,4,14,4,N,A,N,A,H,A,A,07,E,08,E,,,,,I,Y,N,D,1,0,0,0,22107.0,1,37.51715469360352,-120.35850524902344,1
2020,2020-04-01,2010,4,1,20,3,Y,A,Y,A,H,D,D,22,,09,D,,,,,C,Y,N,A,1,0,0,0,21802.0,2,37.24599456787109,-121.06754302978516,4
2020,2020-04-03,1551,4,1,15,5,N,A,N,A,H,A,C,02,N,03,F,,,Y,,A,N,N,D,1,0,0,1,22350.0,1,37.33235168457031,-120.56781005859376,3
2020,2020-04-03,1904,4,1,19,5,Y,A,N,A,H,A,A,01,,09,D,,,Y,,C,N,N,D,1,0,0,1,21800.0,2,37.38302993774414,-120.6186065673828,3
2020,2020-04-07,2130,4,1,21,2,N,C,N,B,H,D,A,01,N,08,H,,,,,I,Y,N,D,1,0,0,0,22107.0,1,37.16442108154297,-120.70104217529295,2
2020,2020-04-06,555,4,1,5,1,N,E,Y,B,H,D,A,07,S,08,E,,,,,I,Y,N,D,1,0,0,0,22107.0,1,37.358516693115234,-120.85034942626952,4
2020,2020-04-12,1154,4,1,11,7,N,A,Y,A,H,A,A,07,E,03,C,,,,,C,Y,N,D,4,0,0,0,22350.0,2,,,2
2020,2020-04-10,1705,4,1,17,5,N,A,Y,A,H,A,A,01,W,07,B,,,,,C,Y,N,D,1,0,0,0,21658.0,2,37.054779052734375,-120.73979949951172,3
2020,2020-04-11,1925,4,1,19,6,N,A,Y,A,H,D,D,22,N,08,E,,,,,A,Y,N,D,1,0,0,0,22107.0,1,37.18333435058594,-120.83562469482422,4
2020,2020-04-15,2124,4,1,21,3,N,A,Y,A,H,D,A,01,S,08,E,,,,,I,Y,N,D,1,0,0,0,22107.0,1,37.10449981689453,-121.01455688476562,3
2020,2020-04-12,200,4,1,2,7,N,A,Y,A,H,D,A,01,N,01,E,,,,,I,Y,N,D,1,0,0,0,23152.0,1,37.365177154541016,-120.85440826416016,3